[13Sep2025 21:39:15.547] [main/INFO] [cpw.mods.modlauncher.Launcher/MODLAUNCHER]: ModLauncher running: args [--launchTarget, forgeserver, --fml.forgeVersion, 47.4.0, --fml.mcVersion, 1.20.1, --fml.forgeGroup, net.minecraftforge, --fml.mcpVersion, 20230612.114412, nogui]
[13Sep2025 21:39:15.551] [main/INFO] [cpw.mods.modlauncher.Launcher/MODLAUNCHER]: ModLauncher 10.0.9+10.0.9+main.dcd20f30 starting: java version 17.0.16 by Ubuntu; OS Linux arch amd64 version 6.8.0-1030-azure
[13Sep2025 21:39:15.576] [main/DEBUG] [cpw.mods.modlauncher.LaunchServiceHandler/MODLAUNCHER]: Found launch services [fmlclientdev,forgeclient,minecraft,forgegametestserverdev,fmlserveruserdev,fmlclient,fmldatauserdev,forgeserverdev,forgeserveruserdev,forgeclientdev,forgeclientuserdev,forgeserver,forgedatadev,fmlserver,fmlclientuserdev,fmlserverdev,forgedatauserdev,testharness,forgegametestserveruserdev]
[13Sep2025 21:39:15.587] [main/DEBUG] [cpw.mods.modlauncher.NameMappingServiceHandler/MODLAUNCHER]: Found naming services : [srgtomcp]
[13Sep2025 21:39:15.600] [main/DEBUG] [cpw.mods.modlauncher.LaunchPluginHandler/MODLAUNCHER]: Found launch plugins: [mixin,eventbus,slf4jfixer,object_holder_definalize,runtime_enum_extender,capability_token_subclass,accesstransformer,runtimedistcleaner]
[13Sep2025 21:39:15.612] [main/DEBUG] [cpw.mods.modlauncher.TransformationServicesHandler/MODLAUNCHER]: Discovering transformation services
[13Sep2025 21:39:15.617] [main/DEBUG] [net.minecraftforge.fml.loading.FMLPaths/CORE]: Path GAMEDIR is /workspaces/HytoCraft/servidor_minecraft
[13Sep2025 21:39:15.617] [main/DEBUG] [net.minecraftforge.fml.loading.FMLPaths/CORE]: Path MODSDIR is /workspaces/HytoCraft/servidor_minecraft/mods
[13Sep2025 21:39:15.618] [main/DEBUG] [net.minecraftforge.fml.loading.FMLPaths/CORE]: Path CONFIGDIR is /workspaces/HytoCraft/servidor_minecraft/config
[13Sep2025 21:39:15.618] [main/DEBUG] [net.minecraftforge.fml.loading.FMLPaths/CORE]: Path FMLCONFIG is /workspaces/HytoCraft/servidor_minecraft/config/fml.toml
[13Sep2025 21:39:16.022] [main/DEBUG] [cpw.mods.modlauncher.TransformationServicesHandler/MODLAUNCHER]: Found additional transformation services from discovery services: 
[13Sep2025 21:39:16.029] [main/INFO] [net.minecraftforge.fml.loading.ImmediateWindowHandler/]: ImmediateWindowProvider not loading because launch target is forgeserver
[13Sep2025 21:39:16.041] [main/DEBUG] [cpw.mods.modlauncher.TransformationServicesHandler/MODLAUNCHER]: Found transformer services : [mixin,fml]
[13Sep2025 21:39:16.041] [main/DEBUG] [cpw.mods.modlauncher.TransformationServicesHandler/MODLAUNCHER]: Transformation services loading
[13Sep2025 21:39:16.042] [main/DEBUG] [cpw.mods.modlauncher.TransformationServiceDecorator/MODLAUNCHER]: Loading service mixin
[13Sep2025 21:39:16.042] [main/DEBUG] [cpw.mods.modlauncher.TransformationServiceDecorator/MODLAUNCHER]: Loaded service mixin
[13Sep2025 21:39:16.042] [main/DEBUG] [cpw.mods.modlauncher.TransformationServiceDecorator/MODLAUNCHER]: Loading service fml
[13Sep2025 21:39:16.044] [main/DEBUG] [net.minecraftforge.fml.loading.LauncherVersion/CORE]: Found FMLLauncher version 1.0
[13Sep2025 21:39:16.044] [main/DEBUG] [net.minecraftforge.fml.loading.FMLLoader/CORE]: FML 1.0 loading
[13Sep2025 21:39:16.044] [main/DEBUG] [net.minecraftforge.fml.loading.FMLLoader/CORE]: FML found ModLauncher version : 10.0.9+10.0.9+main.dcd20f30
[13Sep2025 21:39:16.044] [main/DEBUG] [net.minecraftforge.fml.loading.FMLLoader/CORE]: Requesting CoreMods to not apply the fix for ASMAPI.findFirstInstructionBefore by default
[13Sep2025 21:39:16.045] [main/DEBUG] [net.minecraftforge.fml.loading.FMLLoader/CORE]: FML found AccessTransformer version : 8.0.4+66+master.c09db6d7
[13Sep2025 21:39:16.045] [main/DEBUG] [net.minecraftforge.fml.loading.FMLLoader/CORE]: FML found EventBus version : 6.0.5+6.0.5+master.eb8e549b
[13Sep2025 21:39:16.045] [main/DEBUG] [net.minecraftforge.fml.loading.FMLLoader/CORE]: Found Runtime Dist Cleaner
[13Sep2025 21:39:16.048] [main/DEBUG] [net.minecraftforge.coremod.CoreModEngine/]: CoreMods will preserve legacy behavior of ASMAPI.findFirstInstructionBefore for backwards-compatibility
[13Sep2025 21:39:16.049] [main/DEBUG] [net.minecraftforge.fml.loading.FMLLoader/CORE]: FML found CoreMod version : 5.2.4
[13Sep2025 21:39:16.051] [main/DEBUG] [net.minecraftforge.fml.loading.FMLLoader/CORE]: Found ForgeSPI package implementation version 7.0.1+7.0.1+master.d2b38bf6
[13Sep2025 21:39:16.051] [main/DEBUG] [net.minecraftforge.fml.loading.FMLLoader/CORE]: Found ForgeSPI package specification 5
[13Sep2025 21:39:16.052] [main/DEBUG] [cpw.mods.modlauncher.TransformationServiceDecorator/MODLAUNCHER]: Loaded service fml
[13Sep2025 21:39:16.052] [main/DEBUG] [cpw.mods.modlauncher.TransformationServicesHandler/MODLAUNCHER]: Configuring option handling for services
[13Sep2025 21:39:16.062] [main/DEBUG] [cpw.mods.modlauncher.TransformationServicesHandler/MODLAUNCHER]: Transformation services initializing
[13Sep2025 21:39:16.063] [main/DEBUG] [cpw.mods.modlauncher.TransformationServiceDecorator/MODLAUNCHER]: Initializing transformation service mixin
[13Sep2025 21:39:16.078] [main/DEBUG] [mixin/]: MixinService [ModLauncher] was successfully booted in cpw.mods.cl.ModuleClassLoader@7a3d45bd
[13Sep2025 21:39:16.094] [main/INFO] [mixin/]: SpongePowered MIXIN Subsystem Version=0.8.5 Source=union:/workspaces/HytoCraft/servidor_minecraft/libraries/org/spongepowered/mixin/0.8.5/mixin-0.8.5.jar%2365!/ Service=ModLauncher Env=SERVER
[13Sep2025 21:39:16.098] [main/DEBUG] [mixin/]: Initialising Mixin Platform Manager
[13Sep2025 21:39:16.099] [main/DEBUG] [mixin/]: Adding mixin platform agents for container ModLauncher Root Container(ModLauncher:4f56a0a2)
[13Sep2025 21:39:16.100] [main/DEBUG] [mixin/]: Instancing new MixinPlatformAgentMinecraftForge for ModLauncher Root Container(ModLauncher:4f56a0a2)
[13Sep2025 21:39:16.100] [main/DEBUG] [mixin/]: MixinPlatformAgentMinecraftForge rejected container ModLauncher Root Container(ModLauncher:4f56a0a2)
[13Sep2025 21:39:16.101] [main/DEBUG] [mixin/]: Instancing new MixinPlatformAgentDefault for ModLauncher Root Container(ModLauncher:4f56a0a2)
[13Sep2025 21:39:16.101] [main/DEBUG] [mixin/]: MixinPlatformAgentDefault accepted container ModLauncher Root Container(ModLauncher:4f56a0a2)
[13Sep2025 21:39:16.107] [main/DEBUG] [cpw.mods.modlauncher.TransformationServiceDecorator/MODLAUNCHER]: Initialized transformation service mixin
[13Sep2025 21:39:16.107] [main/DEBUG] [cpw.mods.modlauncher.TransformationServiceDecorator/MODLAUNCHER]: Initializing transformation service fml
[13Sep2025 21:39:16.107] [main/DEBUG] [net.minecraftforge.fml.loading.FMLServiceProvider/CORE]: Setting up basic FML game directories
[13Sep2025 21:39:16.108] [main/DEBUG] [net.minecraftforge.fml.loading.FMLPaths/CORE]: Path GAMEDIR is /workspaces/HytoCraft/servidor_minecraft
[13Sep2025 21:39:16.108] [main/DEBUG] [net.minecraftforge.fml.loading.FMLPaths/CORE]: Path MODSDIR is /workspaces/HytoCraft/servidor_minecraft/mods
[13Sep2025 21:39:16.108] [main/DEBUG] [net.minecraftforge.fml.loading.FMLPaths/CORE]: Path CONFIGDIR is /workspaces/HytoCraft/servidor_minecraft/config
[13Sep2025 21:39:16.109] [main/DEBUG] [net.minecraftforge.fml.loading.FMLPaths/CORE]: Path FMLCONFIG is /workspaces/HytoCraft/servidor_minecraft/config/fml.toml
[13Sep2025 21:39:16.109] [main/DEBUG] [net.minecraftforge.fml.loading.FMLServiceProvider/CORE]: Loading configuration
[13Sep2025 21:39:16.112] [main/DEBUG] [net.minecraftforge.fml.loading.FMLServiceProvider/CORE]: Preparing ModFile
[13Sep2025 21:39:16.115] [main/DEBUG] [net.minecraftforge.fml.loading.FMLServiceProvider/CORE]: Preparing launch handler
[13Sep2025 21:39:16.115] [main/DEBUG] [net.minecraftforge.fml.loading.FMLLoader/CORE]: Using forgeserver as launch service
[13Sep2025 21:39:16.132] [main/DEBUG] [net.minecraftforge.fml.loading.FMLLoader/CORE]: Received command line version data  : VersionInfo[forgeVersion=47.4.0, mcVersion=1.20.1, mcpVersion=20230612.114412, forgeGroup=net.minecraftforge]
[13Sep2025 21:39:16.134] [main/DEBUG] [cpw.mods.modlauncher.TransformationServiceDecorator/MODLAUNCHER]: Initialized transformation service fml
[13Sep2025 21:39:16.134] [main/DEBUG] [cpw.mods.modlauncher.NameMappingServiceHandler/MODLAUNCHER]: Current naming domain is 'srg'
[13Sep2025 21:39:16.135] [main/DEBUG] [cpw.mods.modlauncher.NameMappingServiceHandler/MODLAUNCHER]: Identified name mapping providers {}
[13Sep2025 21:39:16.135] [main/DEBUG] [cpw.mods.modlauncher.TransformationServicesHandler/MODLAUNCHER]: Transformation services begin scanning
[13Sep2025 21:39:16.136] [main/DEBUG] [cpw.mods.modlauncher.TransformationServiceDecorator/MODLAUNCHER]: Beginning scan trigger - transformation service mixin
[13Sep2025 21:39:16.136] [main/DEBUG] [cpw.mods.modlauncher.TransformationServiceDecorator/MODLAUNCHER]: End scan trigger - transformation service mixin
[13Sep2025 21:39:16.136] [main/DEBUG] [cpw.mods.modlauncher.TransformationServiceDecorator/MODLAUNCHER]: Beginning scan trigger - transformation service fml
[13Sep2025 21:39:16.136] [main/DEBUG] [net.minecraftforge.fml.loading.FMLServiceProvider/CORE]: Initiating mod scan
[13Sep2025 21:39:16.145] [main/DEBUG] [net.minecraftforge.fml.loading.moddiscovery.ModListHandler/CORE]: Found mod coordinates from lists: []
[13Sep2025 21:39:16.149] [main/DEBUG] [net.minecraftforge.fml.loading.moddiscovery.ModDiscoverer/CORE]: Found Mod Locators : (mods folder:null),(maven libs:null),(exploded directory:null),(minecraft:null),(userdev classpath:null)
[13Sep2025 21:39:16.149] [main/DEBUG] [net.minecraftforge.fml.loading.moddiscovery.ModDiscoverer/CORE]: Found Dependency Locators : (JarInJar:null)
[13Sep2025 21:39:16.157] [main/DEBUG] [net.minecraftforge.fml.loading.moddiscovery.ModFileParser/LOADING]: Considering mod file candidate /workspaces/HytoCraft/servidor_minecraft/mods/Antique Atlas-1.20.1-8.0.1-Forge.jar
[13Sep2025 21:39:16.192] [main/DEBUG] [net.minecraftforge.fml.loading.moddiscovery.ModFileInfo/LOADING]: Found valid mod file Antique Atlas-1.20.1-8.0.1-Forge.jar with {antiqueatlas} mods - versions {8.0.1}
[13Sep2025 21:39:16.193] [main/DEBUG] [net.minecraftforge.fml.loading.moddiscovery.ModFileParser/LOADING]: Considering mod file candidate /workspaces/HytoCraft/servidor_minecraft/mods/appleskin-forge-mc1.20.1-2.5.1.jar
[13Sep2025 21:39:16.197] [main/DEBUG] [net.minecraftforge.fml.loading.moddiscovery.ModFileInfo/LOADING]: Found valid mod file appleskin-forge-mc1.20.1-2.5.1.jar with {appleskin} mods - versions {2.5.1+mc1.20.1}
[13Sep2025 21:39:16.198] [main/DEBUG] [net.minecraftforge.fml.loading.moddiscovery.ModFileParser/LOADING]: Considering mod file candidate /workspaces/HytoCraft/servidor_minecraft/mods/balm-forge-1.20.1-7.3.35-all.jar
[13Sep2025 21:39:16.200] [main/DEBUG] [net.minecraftforge.fml.loading.moddiscovery.ModFileInfo/LOADING]: Found valid mod file balm-forge-1.20.1-7.3.35-all.jar with {balm} mods - versions {7.3.35}
[13Sep2025 21:39:16.201] [main/DEBUG] [net.minecraftforge.fml.loading.moddiscovery.ModFileParser/LOADING]: Considering mod file candidate /workspaces/HytoCraft/servidor_minecraft/mods/betterarcheology-1.2.1-1.20.1.jar
[13Sep2025 21:39:16.204] [main/DEBUG] [net.minecraftforge.fml.loading.moddiscovery.ModFileInfo/LOADING]: Found valid mod file betterarcheology-1.2.1-1.20.1.jar with {betterarcheology} mods - versions {1.2.1-1.20.1}
[13Sep2025 21:39:16.205] [main/DEBUG] [net.minecraftforge.fml.loading.moddiscovery.ModFileParser/LOADING]: Considering mod file candidate /workspaces/HytoCraft/servidor_minecraft/mods/bettervillage-forge-1.20.1-3.3.1-all.jar
[13Sep2025 21:39:16.206] [main/DEBUG] [net.minecraftforge.fml.loading.moddiscovery.ModFileInfo/LOADING]: Found valid mod file bettervillage-forge-1.20.1-3.3.1-all.jar with {bettervillage} mods - versions {3.3.1}
[13Sep2025 21:39:16.207] [main/DEBUG] [net.minecraftforge.fml.loading.moddiscovery.ModFileParser/LOADING]: Considering mod file candidate /workspaces/HytoCraft/servidor_minecraft/mods/canary-mc1.20.1-0.3.3.jar
[13Sep2025 21:39:16.208] [main/DEBUG] [net.minecraftforge.fml.loading.moddiscovery.ModFileInfo/LOADING]: Found valid mod file canary-mc1.20.1-0.3.3.jar with {canary} mods - versions {0.3.3}
[13Sep2025 21:39:16.209] [main/DEBUG] [net.minecraftforge.fml.loading.moddiscovery.ModFileParser/LOADING]: Considering mod file candidate /workspaces/HytoCraft/servidor_minecraft/mods/Chimes-v2.0.1-1.20.1.jar
[13Sep2025 21:39:16.210] [main/DEBUG] [net.minecraftforge.fml.loading.moddiscovery.ModFileInfo/LOADING]: Found valid mod file Chimes-v2.0.1-1.20.1.jar with {chimes} mods - versions {2.0.1}
[13Sep2025 21:39:16.212] [main/DEBUG] [net.minecraftforge.fml.loading.moddiscovery.ModFileParser/LOADING]: Considering mod file candidate /workspaces/HytoCraft/servidor_minecraft/mods/companions-forge-1.20.1-1.1.1.jar
[13Sep2025 21:39:16.213] [main/DEBUG] [net.minecraftforge.fml.loading.moddiscovery.ModFileInfo/LOADING]: Found valid mod file companions-forge-1.20.1-1.1.1.jar with {companions} mods - versions {1.1.1}
[13Sep2025 21:39:16.215] [main/DEBUG] [net.minecraftforge.fml.loading.moddiscovery.ModFileParser/LOADING]: Considering mod file candidate /workspaces/HytoCraft/servidor_minecraft/mods/DarkSoulsExpansionv2.11.jar
[13Sep2025 21:39:16.216] [main/DEBUG] [net.minecraftforge.fml.loading.moddiscovery.ModFileInfo/LOADING]: Found valid mod file DarkSoulsExpansionv2.11.jar with {dark_souls_expansion} mods - versions {2.11}
[13Sep2025 21:39:16.218] [main/DEBUG] [net.minecraftforge.fml.loading.moddiscovery.ModFileParser/LOADING]: Considering mod file candidate /workspaces/HytoCraft/servidor_minecraft/mods/dawnoftimebuilder-forge-1.20.1-1.5.24.jar
[13Sep2025 21:39:16.219] [main/DEBUG] [net.minecraftforge.fml.loading.moddiscovery.ModFileInfo/LOADING]: Found valid mod file dawnoftimebuilder-forge-1.20.1-1.5.24.jar with {dawnoftimebuilder} mods - versions {1.5.24}
[13Sep2025 21:39:16.220] [main/DEBUG] [net.minecraftforge.fml.loading.moddiscovery.ModFileParser/LOADING]: Considering mod file candidate /workspaces/HytoCraft/servidor_minecraft/mods/endrem_forge-5.3.3-R-1.20.1.jar
[13Sep2025 21:39:16.221] [main/DEBUG] [net.minecraftforge.fml.loading.moddiscovery.ModFileInfo/LOADING]: Found valid mod file endrem_forge-5.3.3-R-1.20.1.jar with {endrem} mods - versions {5.3.3-R-1.20.1}
[13Sep2025 21:39:16.223] [main/DEBUG] [net.minecraftforge.fml.loading.moddiscovery.ModFileParser/LOADING]: Considering mod file candidate /workspaces/HytoCraft/servidor_minecraft/mods/epicfight-forge-20.12.6-1.20.1.jar
[13Sep2025 21:39:16.224] [main/DEBUG] [net.minecraftforge.fml.loading.moddiscovery.ModFileInfo/LOADING]: Found valid mod file epicfight-forge-20.12.6-1.20.1.jar with {epicfight} mods - versions {20.12.6}
[13Sep2025 21:39:16.225] [main/DEBUG] [net.minecraftforge.fml.loading.moddiscovery.ModFileParser/LOADING]: Considering mod file candidate /workspaces/HytoCraft/servidor_minecraft/mods/FarmersDelight-1.20.1-1.2.9.jar
[13Sep2025 21:39:16.226] [main/DEBUG] [net.minecraftforge.fml.loading.moddiscovery.ModFileInfo/LOADING]: Found valid mod file FarmersDelight-1.20.1-1.2.9.jar with {farmersdelight} mods - versions {1.20.1-1.2.9}
[13Sep2025 21:39:16.227] [main/DEBUG] [net.minecraftforge.fml.loading.moddiscovery.ModFileParser/LOADING]: Considering mod file candidate /workspaces/HytoCraft/servidor_minecraft/mods/FarmersStructures-1.0.3-1.20.jar
[13Sep2025 21:39:16.227] [main/DEBUG] [net.minecraftforge.fml.loading.moddiscovery.ModFileInfo/LOADING]: Found valid mod file FarmersStructures-1.0.3-1.20.jar with {farmers_structures} mods - versions {1.0.0}
[13Sep2025 21:39:16.233] [main/DEBUG] [net.minecraftforge.fml.loading.moddiscovery.ModFileParser/LOADING]: Considering mod file candidate /workspaces/HytoCraft/servidor_minecraft/mods/ferritecore-6.0.1-forge.jar
[13Sep2025 21:39:16.234] [main/DEBUG] [net.minecraftforge.fml.loading.moddiscovery.ModFileInfo/LOADING]: Found valid mod file ferritecore-6.0.1-forge.jar with {ferritecore} mods - versions {6.0.1}
[13Sep2025 21:39:16.235] [main/DEBUG] [net.minecraftforge.fml.loading.moddiscovery.ModFileParser/LOADING]: Considering mod file candidate /workspaces/HytoCraft/servidor_minecraft/mods/friendsandfoes-forge-mc1.20.1-3.0.9.jar
[13Sep2025 21:39:16.236] [main/DEBUG] [net.minecraftforge.fml.loading.moddiscovery.ModFileInfo/LOADING]: Found valid mod file friendsandfoes-forge-mc1.20.1-3.0.9.jar with {friendsandfoes} mods - versions {3.0.9}
[13Sep2025 21:39:16.237] [main/DEBUG] [net.minecraftforge.fml.loading.moddiscovery.ModFileParser/LOADING]: Considering mod file candidate /workspaces/HytoCraft/servidor_minecraft/mods/fusion-1.2.11a-forge-mc1.20.1.jar
[13Sep2025 21:39:16.238] [main/DEBUG] [net.minecraftforge.fml.loading.moddiscovery.ModFileInfo/LOADING]: Found valid mod file fusion-1.2.11a-forge-mc1.20.1.jar with {fusion} mods - versions {1.2.11+a}
[13Sep2025 21:39:16.239] [main/DEBUG] [net.minecraftforge.fml.loading.moddiscovery.ModFileParser/LOADING]: Considering mod file candidate /workspaces/HytoCraft/servidor_minecraft/mods/geckolib-forge-1.20.1-4.7.3.jar
[13Sep2025 21:39:16.240] [main/DEBUG] [net.minecraftforge.fml.loading.moddiscovery.ModFileInfo/LOADING]: Found valid mod file geckolib-forge-1.20.1-4.7.3.jar with {geckolib} mods - versions {4.7.3}
[13Sep2025 21:39:16.240] [main/DEBUG] [net.minecraftforge.fml.loading.moddiscovery.ModFileParser/LOADING]: Considering mod file candidate /workspaces/HytoCraft/servidor_minecraft/mods/GlitchCore-forge-1.20.1-0.0.1.1.jar
[13Sep2025 21:39:16.241] [main/DEBUG] [net.minecraftforge.fml.loading.moddiscovery.ModFileInfo/LOADING]: Found valid mod file GlitchCore-forge-1.20.1-0.0.1.1.jar with {glitchcore} mods - versions {0.0.1.1}
[13Sep2025 21:39:16.242] [main/DEBUG] [net.minecraftforge.fml.loading.moddiscovery.ModFileParser/LOADING]: Considering mod file candidate /workspaces/HytoCraft/servidor_minecraft/mods/immersive_weathering-1.20.1-2.0.5-forge.jar
[13Sep2025 21:39:16.243] [main/DEBUG] [net.minecraftforge.fml.loading.moddiscovery.ModFileInfo/LOADING]: Found valid mod file immersive_weathering-1.20.1-2.0.5-forge.jar with {immersive_weathering} mods - versions {1.20.1-2.0.5}
[13Sep2025 21:39:16.244] [main/DEBUG] [net.minecraftforge.fml.loading.moddiscovery.ModFileParser/LOADING]: Considering mod file candidate /workspaces/HytoCraft/servidor_minecraft/mods/jei-1.20.1-forge-15.20.0.112.jar
[13Sep2025 21:39:16.245] [main/DEBUG] [net.minecraftforge.fml.loading.moddiscovery.ModFileInfo/LOADING]: Found valid mod file jei-1.20.1-forge-15.20.0.112.jar with {jei} mods - versions {15.20.0.112}
[13Sep2025 21:39:16.246] [main/DEBUG] [net.minecraftforge.fml.loading.moddiscovery.ModFileParser/LOADING]: Considering mod file candidate /workspaces/HytoCraft/servidor_minecraft/mods/knightlib-forge-1.20.1-1.3.1.jar
[13Sep2025 21:39:16.247] [main/DEBUG] [net.minecraftforge.fml.loading.moddiscovery.ModFileInfo/LOADING]: Found valid mod file knightlib-forge-1.20.1-1.3.1.jar with {knightlib} mods - versions {1.3.1}
[13Sep2025 21:39:16.248] [main/DEBUG] [net.minecraftforge.fml.loading.moddiscovery.ModFileParser/LOADING]: Considering mod file candidate /workspaces/HytoCraft/servidor_minecraft/mods/libraryferret-forge-1.20.1-4.0.0.jar
[13Sep2025 21:39:16.248] [main/DEBUG] [net.minecraftforge.fml.loading.moddiscovery.ModFileInfo/LOADING]: Found valid mod file libraryferret-forge-1.20.1-4.0.0.jar with {libraryferret} mods - versions {4.0.0}
[13Sep2025 21:39:16.250] [main/DEBUG] [net.minecraftforge.fml.loading.moddiscovery.ModFileParser/LOADING]: Considering mod file candidate /workspaces/HytoCraft/servidor_minecraft/mods/Medieval_Embroidery-1.20.1-0.7.5.jar
[13Sep2025 21:39:16.251] [main/DEBUG] [net.minecraftforge.fml.loading.moddiscovery.ModFileInfo/LOADING]: Found valid mod file Medieval_Embroidery-1.20.1-0.7.5.jar with {medievalembroidery} mods - versions {0.7}
[13Sep2025 21:39:16.252] [main/DEBUG] [net.minecraftforge.fml.loading.moddiscovery.ModFileParser/LOADING]: Considering mod file candidate /workspaces/HytoCraft/servidor_minecraft/mods/moonlight-1.20-2.16.10-forge.jar
[13Sep2025 21:39:16.252] [main/DEBUG] [net.minecraftforge.fml.loading.moddiscovery.ModFileInfo/LOADING]: Found valid mod file moonlight-1.20-2.16.10-forge.jar with {moonlight} mods - versions {1.20-2.16.10}
[13Sep2025 21:39:16.253] [main/DEBUG] [net.minecraftforge.fml.loading.moddiscovery.ModFileParser/LOADING]: Considering mod file candidate /workspaces/HytoCraft/servidor_minecraft/mods/oceanicrealms-1.0.6.4-hotfix.jar
[13Sep2025 21:39:16.254] [main/DEBUG] [net.minecraftforge.fml.loading.moddiscovery.ModFileInfo/LOADING]: Found valid mod file oceanicrealms-1.0.6.4-hotfix.jar with {oceanicrealms} mods - versions {1.0.6}
[13Sep2025 21:39:16.255] [main/DEBUG] [net.minecraftforge.fml.loading.moddiscovery.ModFileParser/LOADING]: Considering mod file candidate /workspaces/HytoCraft/servidor_minecraft/mods/Patchouli-1.20.1-84.1-FORGE.jar
[13Sep2025 21:39:16.256] [main/DEBUG] [net.minecraftforge.fml.loading.moddiscovery.ModFileInfo/LOADING]: Found valid mod file Patchouli-1.20.1-84.1-FORGE.jar with {patchouli} mods - versions {1.20.1-84.1-FORGE}
[13Sep2025 21:39:16.257] [main/DEBUG] [net.minecraftforge.fml.loading.moddiscovery.ModFileParser/LOADING]: Considering mod file candidate /workspaces/HytoCraft/servidor_minecraft/mods/Philips-Ruins1.20.1-5.5.jar
[13Sep2025 21:39:16.257] [main/DEBUG] [net.minecraftforge.fml.loading.moddiscovery.ModFileInfo/LOADING]: Found valid mod file Philips-Ruins1.20.1-5.5.jar with {philipsruins} mods - versions {5.5}
[13Sep2025 21:39:16.258] [main/DEBUG] [net.minecraftforge.fml.loading.moddiscovery.ModFileParser/LOADING]: Considering mod file candidate /workspaces/HytoCraft/servidor_minecraft/mods/player-animation-lib-forge-1.0.2-rc1+1.20.jar
[13Sep2025 21:39:16.258] [main/DEBUG] [net.minecraftforge.fml.loading.moddiscovery.ModFileInfo/LOADING]: Found valid mod file player-animation-lib-forge-1.0.2-rc1+1.20.jar with {playeranimator} mods - versions {1.0.2-rc1+1.20}
[13Sep2025 21:39:16.259] [main/DEBUG] [net.minecraftforge.fml.loading.moddiscovery.ModFileParser/LOADING]: Considering mod file candidate /workspaces/HytoCraft/servidor_minecraft/mods/realisticforgingores - no tools -4.1.6-forge-1.20.1.jar
[13Sep2025 21:39:16.260] [main/DEBUG] [net.minecraftforge.fml.loading.moddiscovery.ModFileInfo/LOADING]: Found valid mod file realisticforgingores - no tools -4.1.6-forge-1.20.1.jar with {realisticforgingores} mods - versions {4.1.6}
[13Sep2025 21:39:16.261] [main/DEBUG] [net.minecraftforge.fml.loading.moddiscovery.ModFileParser/LOADING]: Considering mod file candidate /workspaces/HytoCraft/servidor_minecraft/mods/realmrpg_skeletons-1.1.0-forge-1.20.1.jar
[13Sep2025 21:39:16.261] [main/DEBUG] [net.minecraftforge.fml.loading.moddiscovery.ModFileInfo/LOADING]: Found valid mod file realmrpg_skeletons-1.1.0-forge-1.20.1.jar with {realmrpg_skeletons} mods - versions {1.1.0}
[13Sep2025 21:39:16.262] [main/DEBUG] [net.minecraftforge.fml.loading.moddiscovery.ModFileParser/LOADING]: Considering mod file candidate /workspaces/HytoCraft/servidor_minecraft/mods/rustic_engineer-1.1.3-forge-1.20.1.jar
[13Sep2025 21:39:16.263] [main/DEBUG] [net.minecraftforge.fml.loading.moddiscovery.ModFileInfo/LOADING]: Found valid mod file rustic_engineer-1.1.3-forge-1.20.1.jar with {rustic_engineer} mods - versions {1.1.3}
[13Sep2025 21:39:16.263] [main/DEBUG] [net.minecraftforge.fml.loading.moddiscovery.ModFileParser/LOADING]: Considering mod file candidate /workspaces/HytoCraft/servidor_minecraft/mods/SereneSeasons-forge-1.20.1-9.1.0.2.jar
[13Sep2025 21:39:16.264] [main/DEBUG] [net.minecraftforge.fml.loading.moddiscovery.ModFileInfo/LOADING]: Found valid mod file SereneSeasons-forge-1.20.1-9.1.0.2.jar with {sereneseasons} mods - versions {9.1.0.2}
[13Sep2025 21:39:16.265] [main/DEBUG] [net.minecraftforge.fml.loading.moddiscovery.ModFileParser/LOADING]: Considering mod file candidate /workspaces/HytoCraft/servidor_minecraft/mods/supermartijn642configlib-1.1.8-forge-mc1.20.jar
[13Sep2025 21:39:16.265] [main/DEBUG] [net.minecraftforge.fml.loading.moddiscovery.ModFileInfo/LOADING]: Found valid mod file supermartijn642configlib-1.1.8-forge-mc1.20.jar with {supermartijn642configlib} mods - versions {1.1.8}
[13Sep2025 21:39:16.266] [main/DEBUG] [net.minecraftforge.fml.loading.moddiscovery.ModFileParser/LOADING]: Considering mod file candidate /workspaces/HytoCraft/servidor_minecraft/mods/takesapillage-1.0.3-1.20.1.jar
[13Sep2025 21:39:16.266] [main/DEBUG] [net.minecraftforge.fml.loading.moddiscovery.ModFileInfo/LOADING]: Found valid mod file takesapillage-1.0.3-1.20.1.jar with {takesapillage} mods - versions {1.0.3}
[13Sep2025 21:39:16.267] [main/DEBUG] [net.minecraftforge.fml.loading.moddiscovery.ModFileParser/LOADING]: Considering mod file candidate /workspaces/HytoCraft/servidor_minecraft/mods/TreeChop-1.20.1-forge-0.19.0-fixed.jar
[13Sep2025 21:39:16.267] [main/DEBUG] [net.minecraftforge.fml.loading.moddiscovery.ModFileInfo/LOADING]: Found valid mod file TreeChop-1.20.1-forge-0.19.0-fixed.jar with {treechop} mods - versions {0.19.0}
[13Sep2025 21:39:16.268] [main/DEBUG] [net.minecraftforge.fml.loading.moddiscovery.ModFileParser/LOADING]: Considering mod file candidate /workspaces/HytoCraft/servidor_minecraft/mods/UnionLib-1.20.1-12.0.18-Forge-all.jar
[13Sep2025 21:39:16.269] [main/DEBUG] [net.minecraftforge.fml.loading.moddiscovery.ModFileInfo/LOADING]: Found valid mod file UnionLib-1.20.1-12.0.18-Forge-all.jar with {unionlib,unionlib_potionfluid} mods - versions {12.0.18,1.0.0}
[13Sep2025 21:39:16.271] [main/DEBUG] [net.minecraftforge.fml.loading.moddiscovery.ModFileParser/LOADING]: Considering mod file candidate /workspaces/HytoCraft/servidor_minecraft/mods/unusual_furniture-1.1.1-forge-1.20.1.jar
[13Sep2025 21:39:16.271] [main/DEBUG] [net.minecraftforge.fml.loading.moddiscovery.ModFileInfo/LOADING]: Found valid mod file unusual_furniture-1.1.1-forge-1.20.1.jar with {unusual_furniture} mods - versions {1.1.1}
[13Sep2025 21:39:16.272] [main/DEBUG] [net.minecraftforge.fml.loading.moddiscovery.ModFileParser/LOADING]: Considering mod file candidate /workspaces/HytoCraft/servidor_minecraft/mods/voicechat-forge-1.20.1-2.6.3.jar
[13Sep2025 21:39:16.273] [main/DEBUG] [net.minecraftforge.fml.loading.moddiscovery.ModFileInfo/LOADING]: Found valid mod file voicechat-forge-1.20.1-2.6.3.jar with {voicechat,voicechat_api} mods - versions {1.20.1-2.6.3,2.6.0}
[13Sep2025 21:39:16.274] [main/DEBUG] [net.minecraftforge.fml.loading.moddiscovery.ModFileParser/LOADING]: Considering mod file candidate /workspaces/HytoCraft/servidor_minecraft/mods/waystones-forge-1.20.1-14.1.17.jar
[13Sep2025 21:39:16.274] [main/DEBUG] [net.minecraftforge.fml.loading.moddiscovery.ModFileInfo/LOADING]: Found valid mod file waystones-forge-1.20.1-14.1.17.jar with {waystones} mods - versions {14.1.17}
[13Sep2025 21:39:16.275] [main/DEBUG] [net.minecraftforge.fml.loading.moddiscovery.ModFileParser/LOADING]: Considering mod file candidate /workspaces/HytoCraft/servidor_minecraft/mods/YungsApi-1.20-Forge-4.0.6.jar
[13Sep2025 21:39:16.276] [main/DEBUG] [net.minecraftforge.fml.loading.moddiscovery.ModFileInfo/LOADING]: Found valid mod file YungsApi-1.20-Forge-4.0.6.jar with {yungsapi} mods - versions {1.20-Forge-4.0.6}
[13Sep2025 21:39:16.276] [main/DEBUG] [net.minecraftforge.fml.loading.moddiscovery.ModFileParser/LOADING]: Considering mod file candidate /workspaces/HytoCraft/servidor_minecraft/mods/YyzsBackpack-forge-0.0.27.jar
[13Sep2025 21:39:16.277] [main/DEBUG] [net.minecraftforge.fml.loading.moddiscovery.ModFileInfo/LOADING]: Found valid mod file YyzsBackpack-forge-0.0.27.jar with {yyzsbackpack} mods - versions {0.0.27}
[13Sep2025 21:39:16.366] [main/DEBUG] [net.minecraftforge.fml.loading.moddiscovery.ModFileInfo/LOADING]: Found valid mod file server-1.20.1-20230612.114412-srg.jar with {minecraft} mods - versions {1.20.1}
[13Sep2025 21:39:16.368] [main/DEBUG] [net.minecraftforge.fml.loading.moddiscovery.ModFileParser/LOADING]: Considering mod file candidate /workspaces/HytoCraft/servidor_minecraft/libraries/net/minecraftforge/fmlcore/1.20.1-47.4.0/fmlcore-1.20.1-47.4.0.jar
[13Sep2025 21:39:16.368] [main/WARN] [net.minecraftforge.fml.loading.moddiscovery.ModFileParser/LOADING]: Mod file /workspaces/HytoCraft/servidor_minecraft/libraries/net/minecraftforge/fmlcore/1.20.1-47.4.0/fmlcore-1.20.1-47.4.0.jar is missing mods.toml file
[13Sep2025 21:39:16.369] [main/DEBUG] [net.minecraftforge.fml.loading.moddiscovery.ModFileParser/LOADING]: Considering mod file candidate /workspaces/HytoCraft/servidor_minecraft/libraries/net/minecraftforge/javafmllanguage/1.20.1-47.4.0/javafmllanguage-1.20.1-47.4.0.jar
[13Sep2025 21:39:16.369] [main/WARN] [net.minecraftforge.fml.loading.moddiscovery.ModFileParser/LOADING]: Mod file /workspaces/HytoCraft/servidor_minecraft/libraries/net/minecraftforge/javafmllanguage/1.20.1-47.4.0/javafmllanguage-1.20.1-47.4.0.jar is missing mods.toml file
[13Sep2025 21:39:16.370] [main/DEBUG] [net.minecraftforge.fml.loading.moddiscovery.ModFileParser/LOADING]: Considering mod file candidate /workspaces/HytoCraft/servidor_minecraft/libraries/net/minecraftforge/lowcodelanguage/1.20.1-47.4.0/lowcodelanguage-1.20.1-47.4.0.jar
[13Sep2025 21:39:16.371] [main/WARN] [net.minecraftforge.fml.loading.moddiscovery.ModFileParser/LOADING]: Mod file /workspaces/HytoCraft/servidor_minecraft/libraries/net/minecraftforge/lowcodelanguage/1.20.1-47.4.0/lowcodelanguage-1.20.1-47.4.0.jar is missing mods.toml file
[13Sep2025 21:39:16.372] [main/DEBUG] [net.minecraftforge.fml.loading.moddiscovery.ModFileParser/LOADING]: Considering mod file candidate /workspaces/HytoCraft/servidor_minecraft/libraries/net/minecraftforge/mclanguage/1.20.1-47.4.0/mclanguage-1.20.1-47.4.0.jar
[13Sep2025 21:39:16.372] [main/WARN] [net.minecraftforge.fml.loading.moddiscovery.ModFileParser/LOADING]: Mod file /workspaces/HytoCraft/servidor_minecraft/libraries/net/minecraftforge/mclanguage/1.20.1-47.4.0/mclanguage-1.20.1-47.4.0.jar is missing mods.toml file
[13Sep2025 21:39:16.408] [main/DEBUG] [net.minecraftforge.fml.loading.moddiscovery.ModFileParser/LOADING]: Considering mod file candidate /workspaces/HytoCraft/servidor_minecraft/libraries/net/minecraftforge/forge/1.20.1-47.4.0/forge-1.20.1-47.4.0-universal.jar
[13Sep2025 21:39:16.409] [main/DEBUG] [net.minecraftforge.fml.loading.moddiscovery.ModFileInfo/LOADING]: Found valid mod file forge-1.20.1-47.4.0-universal.jar with {forge} mods - versions {47.4.0}
[13Sep2025 21:39:16.419] [main/DEBUG] [net.minecraftforge.fml.loading.moddiscovery.AbstractJarFileDependencyLocator/]: Failed to load resource META-INF/jarjar/metadata.json from server-1.20.1-20230612.114412-srg.jar, it does not contain dependency information.
[13Sep2025 21:39:16.419] [main/DEBUG] [net.minecraftforge.fml.loading.moddiscovery.AbstractJarFileDependencyLocator/]: Failed to load resource META-INF/jarjar/metadata.json from FarmersDelight-1.20.1-1.2.9.jar, it does not contain dependency information.
[13Sep2025 21:39:16.419] [main/DEBUG] [net.minecraftforge.fml.loading.moddiscovery.AbstractJarFileDependencyLocator/]: Failed to load resource META-INF/jarjar/metadata.json from TreeChop-1.20.1-forge-0.19.0-fixed.jar, it does not contain dependency information.
[13Sep2025 21:39:16.419] [main/DEBUG] [net.minecraftforge.fml.loading.moddiscovery.AbstractJarFileDependencyLocator/]: Failed to load resource META-INF/jarjar/metadata.json from voicechat-forge-1.20.1-2.6.3.jar, it does not contain dependency information.
[13Sep2025 21:39:16.420] [main/DEBUG] [net.minecraftforge.fml.loading.moddiscovery.AbstractJarFileDependencyLocator/]: Failed to load resource META-INF/jarjar/metadata.json from supermartijn642configlib-1.1.8-forge-mc1.20.jar, it does not contain dependency information.
[13Sep2025 21:39:16.420] [main/DEBUG] [net.minecraftforge.fml.loading.moddiscovery.AbstractJarFileDependencyLocator/]: Failed to load resource META-INF/jarjar/metadata.json from endrem_forge-5.3.3-R-1.20.1.jar, it does not contain dependency information.
[13Sep2025 21:39:16.420] [main/DEBUG] [net.minecraftforge.fml.loading.moddiscovery.AbstractJarFileDependencyLocator/]: Failed to load resource META-INF/jarjar/metadata.json from player-animation-lib-forge-1.0.2-rc1+1.20.jar, it does not contain dependency information.
[13Sep2025 21:39:16.420] [main/DEBUG] [net.minecraftforge.fml.loading.moddiscovery.AbstractJarFileDependencyLocator/]: Failed to load resource META-INF/jarjar/metadata.json from jei-1.20.1-forge-15.20.0.112.jar, it does not contain dependency information.
[13Sep2025 21:39:16.420] [main/DEBUG] [net.minecraftforge.fml.loading.moddiscovery.AbstractJarFileDependencyLocator/]: Failed to load resource META-INF/jarjar/metadata.json from Medieval_Embroidery-1.20.1-0.7.5.jar, it does not contain dependency information.
[13Sep2025 21:39:16.421] [main/DEBUG] [net.minecraftforge.fml.loading.moddiscovery.AbstractJarFileDependencyLocator/]: Failed to load resource META-INF/jarjar/metadata.json from libraryferret-forge-1.20.1-4.0.0.jar, it does not contain dependency information.
[13Sep2025 21:39:16.421] [main/DEBUG] [net.minecraftforge.fml.loading.moddiscovery.AbstractJarFileDependencyLocator/]: Failed to load resource META-INF/jarjar/metadata.json from Philips-Ruins1.20.1-5.5.jar, it does not contain dependency information.
[13Sep2025 21:39:16.421] [main/DEBUG] [net.minecraftforge.fml.loading.moddiscovery.AbstractJarFileDependencyLocator/]: Failed to load resource META-INF/jarjar/metadata.json from companions-forge-1.20.1-1.1.1.jar, it does not contain dependency information.
[13Sep2025 21:39:16.421] [main/DEBUG] [net.minecraftforge.fml.loading.moddiscovery.AbstractJarFileDependencyLocator/]: Failed to load resource META-INF/jarjar/metadata.json from immersive_weathering-1.20.1-2.0.5-forge.jar, it does not contain dependency information.
[13Sep2025 21:39:16.421] [main/DEBUG] [net.minecraftforge.fml.loading.moddiscovery.AbstractJarFileDependencyLocator/]: Failed to load resource META-INF/jarjar/metadata.json from rustic_engineer-1.1.3-forge-1.20.1.jar, it does not contain dependency information.
[13Sep2025 21:39:16.421] [main/DEBUG] [net.minecraftforge.fml.loading.moddiscovery.AbstractJarFileDependencyLocator/]: Failed to load resource META-INF/jarjar/metadata.json from realmrpg_skeletons-1.1.0-forge-1.20.1.jar, it does not contain dependency information.
[13Sep2025 21:39:16.421] [main/DEBUG] [net.minecraftforge.fml.loading.moddiscovery.AbstractJarFileDependencyLocator/]: Failed to load resource META-INF/jarjar/metadata.json from Patchouli-1.20.1-84.1-FORGE.jar, it does not contain dependency information.
[13Sep2025 21:39:16.422] [main/DEBUG] [net.minecraftforge.fml.loading.moddiscovery.AbstractJarFileDependencyLocator/]: Failed to load resource META-INF/jarjar/metadata.json from waystones-forge-1.20.1-14.1.17.jar, it does not contain dependency information.
[13Sep2025 21:39:16.422] [main/DEBUG] [net.minecraftforge.fml.loading.moddiscovery.AbstractJarFileDependencyLocator/]: Failed to load resource META-INF/jarjar/metadata.json from epicfight-forge-20.12.6-1.20.1.jar, it does not contain dependency information.
[13Sep2025 21:39:16.422] [main/DEBUG] [net.minecraftforge.fml.loading.moddiscovery.AbstractJarFileDependencyLocator/]: Failed to load resource META-INF/jarjar/metadata.json from YyzsBackpack-forge-0.0.27.jar, it does not contain dependency information.
[13Sep2025 21:39:16.422] [main/DEBUG] [net.minecraftforge.fml.loading.moddiscovery.AbstractJarFileDependencyLocator/]: Failed to load resource META-INF/jarjar/metadata.json from SereneSeasons-forge-1.20.1-9.1.0.2.jar, it does not contain dependency information.
[13Sep2025 21:39:16.422] [main/DEBUG] [net.minecraftforge.fml.loading.moddiscovery.AbstractJarFileDependencyLocator/]: Failed to load resource META-INF/jarjar/metadata.json from YungsApi-1.20-Forge-4.0.6.jar, it does not contain dependency information.
[13Sep2025 21:39:16.422] [main/DEBUG] [net.minecraftforge.fml.loading.moddiscovery.AbstractJarFileDependencyLocator/]: Failed to load resource META-INF/jarjar/metadata.json from canary-mc1.20.1-0.3.3.jar, it does not contain dependency information.
[13Sep2025 21:39:16.422] [main/DEBUG] [net.minecraftforge.fml.loading.moddiscovery.AbstractJarFileDependencyLocator/]: Failed to load resource META-INF/jarjar/metadata.json from dawnoftimebuilder-forge-1.20.1-1.5.24.jar, it does not contain dependency information.
[13Sep2025 21:39:16.423] [main/DEBUG] [net.minecraftforge.fml.loading.moddiscovery.AbstractJarFileDependencyLocator/]: Failed to load resource META-INF/jarjar/metadata.json from betterarcheology-1.2.1-1.20.1.jar, it does not contain dependency information.
[13Sep2025 21:39:16.423] [main/DEBUG] [net.minecraftforge.fml.loading.moddiscovery.AbstractJarFileDependencyLocator/]: Failed to load resource META-INF/jarjar/metadata.json from FarmersStructures-1.0.3-1.20.jar, it does not contain dependency information.
[13Sep2025 21:39:16.423] [main/DEBUG] [net.minecraftforge.fml.loading.moddiscovery.AbstractJarFileDependencyLocator/]: Failed to load resource META-INF/jarjar/metadata.json from knightlib-forge-1.20.1-1.3.1.jar, it does not contain dependency information.
[13Sep2025 21:39:16.423] [main/DEBUG] [net.minecraftforge.fml.loading.moddiscovery.AbstractJarFileDependencyLocator/]: Failed to load resource META-INF/jarjar/metadata.json from GlitchCore-forge-1.20.1-0.0.1.1.jar, it does not contain dependency information.
[13Sep2025 21:39:16.423] [main/DEBUG] [net.minecraftforge.fml.loading.moddiscovery.AbstractJarFileDependencyLocator/]: Failed to load resource META-INF/jarjar/metadata.json from takesapillage-1.0.3-1.20.1.jar, it does not contain dependency information.
[13Sep2025 21:39:16.423] [main/DEBUG] [net.minecraftforge.fml.loading.moddiscovery.AbstractJarFileDependencyLocator/]: Failed to load resource META-INF/jarjar/metadata.json from appleskin-forge-mc1.20.1-2.5.1.jar, it does not contain dependency information.
[13Sep2025 21:39:16.424] [main/DEBUG] [net.minecraftforge.fml.loading.moddiscovery.AbstractJarFileDependencyLocator/]: Failed to load resource META-INF/jarjar/metadata.json from ferritecore-6.0.1-forge.jar, it does not contain dependency information.
[13Sep2025 21:39:16.424] [main/DEBUG] [net.minecraftforge.fml.loading.moddiscovery.AbstractJarFileDependencyLocator/]: Failed to load resource META-INF/jarjar/metadata.json from DarkSoulsExpansionv2.11.jar, it does not contain dependency information.
[13Sep2025 21:39:16.424] [main/DEBUG] [net.minecraftforge.fml.loading.moddiscovery.AbstractJarFileDependencyLocator/]: Failed to load resource META-INF/jarjar/metadata.json from Chimes-v2.0.1-1.20.1.jar, it does not contain dependency information.
[13Sep2025 21:39:16.424] [main/DEBUG] [net.minecraftforge.fml.loading.moddiscovery.AbstractJarFileDependencyLocator/]: Failed to load resource META-INF/jarjar/metadata.json from fusion-1.2.11a-forge-mc1.20.1.jar, it does not contain dependency information.
[13Sep2025 21:39:16.424] [main/DEBUG] [net.minecraftforge.fml.loading.moddiscovery.AbstractJarFileDependencyLocator/]: Failed to load resource META-INF/jarjar/metadata.json from unusual_furniture-1.1.1-forge-1.20.1.jar, it does not contain dependency information.
[13Sep2025 21:39:16.424] [main/DEBUG] [net.minecraftforge.fml.loading.moddiscovery.AbstractJarFileDependencyLocator/]: Failed to load resource META-INF/jarjar/metadata.json from realisticforgingores - no tools -4.1.6-forge-1.20.1.jar, it does not contain dependency information.
[13Sep2025 21:39:16.424] [main/DEBUG] [net.minecraftforge.fml.loading.moddiscovery.AbstractJarFileDependencyLocator/]: Failed to load resource META-INF/jarjar/metadata.json from forge-1.20.1-47.4.0-universal.jar, it does not contain dependency information.
[13Sep2025 21:39:16.425] [main/DEBUG] [net.minecraftforge.fml.loading.moddiscovery.AbstractJarFileDependencyLocator/]: Failed to load resource META-INF/jarjar/metadata.json from Antique Atlas-1.20.1-8.0.1-Forge.jar, it does not contain dependency information.
[13Sep2025 21:39:16.425] [main/DEBUG] [net.minecraftforge.fml.loading.moddiscovery.AbstractJarFileDependencyLocator/]: Failed to load resource META-INF/jarjar/metadata.json from oceanicrealms-1.0.6.4-hotfix.jar, it does not contain dependency information.
[13Sep2025 21:39:16.425] [main/DEBUG] [net.minecraftforge.fml.loading.moddiscovery.AbstractJarFileDependencyLocator/]: Failed to load resource META-INF/jarjar/metadata.json from mclanguage-1.20.1-47.4.0.jar, it does not contain dependency information.
[13Sep2025 21:39:16.425] [main/DEBUG] [net.minecraftforge.fml.loading.moddiscovery.AbstractJarFileDependencyLocator/]: Failed to load resource META-INF/jarjar/metadata.json from javafmllanguage-1.20.1-47.4.0.jar, it does not contain dependency information.
[13Sep2025 21:39:16.425] [main/DEBUG] [net.minecraftforge.fml.loading.moddiscovery.AbstractJarFileDependencyLocator/]: Failed to load resource META-INF/jarjar/metadata.json from fmlcore-1.20.1-47.4.0.jar, it does not contain dependency information.
[13Sep2025 21:39:16.425] [main/DEBUG] [net.minecraftforge.fml.loading.moddiscovery.AbstractJarFileDependencyLocator/]: Failed to load resource META-INF/jarjar/metadata.json from lowcodelanguage-1.20.1-47.4.0.jar, it does not contain dependency information.
[13Sep2025 21:39:16.469] [main/DEBUG] [net.minecraftforge.fml.loading.moddiscovery.ModFileParser/LOADING]: Considering mod file candidate 
[13Sep2025 21:39:16.470] [main/DEBUG] [net.minecraftforge.fml.loading.moddiscovery.ModFileInfo/LOADING]: Found valid mod file mixinextras-forge-0.3.6.jar with {mixinextras} mods - versions {0.3.6}
[13Sep2025 21:39:16.471] [main/DEBUG] [net.minecraftforge.fml.loading.moddiscovery.ModFileParser/LOADING]: Considering mod file candidate 
[13Sep2025 21:39:16.472] [main/DEBUG] [net.minecraftforge.fml.loading.moddiscovery.ModFileInfo/LOADING]: Found valid mod file kuma-api-forge-20.1.11+1.20.1.jar with {kuma_api} mods - versions {20.1.11}
[13Sep2025 21:39:16.478] [main/DEBUG] [net.minecraftforge.fml.loading.moddiscovery.ModFileParser/LOADING]: Considering mod file candidate 
[13Sep2025 21:39:16.479] [main/DEBUG] [net.minecraftforge.fml.loading.moddiscovery.ModFileInfo/LOADING]: Found valid mod file mixinextras-forge-0.3.6.jar with {mixinextras} mods - versions {0.3.6}
[13Sep2025 21:39:16.481] [main/DEBUG] [net.minecraftforge.fml.loading.moddiscovery.ModFileParser/LOADING]: Considering mod file candidate 
[13Sep2025 21:39:16.482] [main/DEBUG] [net.minecraftforge.fml.loading.moddiscovery.ModFileInfo/LOADING]: Found valid mod file mixinextras-forge-0.4.1.jar with {mixinextras} mods - versions {0.4.1}
[13Sep2025 21:39:16.482] [main/DEBUG] [net.minecraftforge.fml.loading.moddiscovery.AbstractJarFileDependencyLocator/]: Failed to load resource META-INF/jarjar/metadata.json from mclib-20.jar, it does not contain dependency information.
[13Sep2025 21:39:16.489] [main/DEBUG] [net.minecraftforge.fml.loading.moddiscovery.AbstractJarFileDependencyLocator/]: Failed to load resource META-INF/jarjar/metadata.json from kuma-api-forge-20.1.11+1.20.1.jar, it does not contain dependency information.
[13Sep2025 21:39:16.489] [main/DEBUG] [net.minecraftforge.fml.loading.moddiscovery.AbstractJarFileDependencyLocator/]: Failed to load resource META-INF/jarjar/metadata.json from tomlj-1.0.0.jar, it does not contain dependency information.
[13Sep2025 21:39:16.501] [main/DEBUG] [net.minecraftforge.fml.loading.moddiscovery.AbstractJarFileDependencyLocator/]: Failed to load resource META-INF/jarjar/metadata.json from MixinExtras-0.3.6.jar, it does not contain dependency information.
[13Sep2025 21:39:16.502] [main/DEBUG] [net.minecraftforge.fml.loading.moddiscovery.AbstractJarFileDependencyLocator/]: Failed to load resource META-INF/jarjar/metadata.json from MixinExtras-0.3.6.jar, it does not contain dependency information.
[13Sep2025 21:39:16.502] [main/DEBUG] [net.minecraftforge.fml.loading.moddiscovery.AbstractJarFileDependencyLocator/]: Failed to load resource META-INF/jarjar/metadata.json from MixinExtras-0.4.1.jar, it does not contain dependency information.
[13Sep2025 21:39:16.536] [main/DEBUG] [net.minecraftforge.fml.loading.moddiscovery.ModFileParser/LOADING]: Considering mod file candidate 
[13Sep2025 21:39:16.537] [main/DEBUG] [net.minecraftforge.fml.loading.moddiscovery.ModFileInfo/LOADING]: Found valid mod file mixinextras-forge-0.4.1.jar with {mixinextras} mods - versions {0.4.1}
[13Sep2025 21:39:16.538] [main/DEBUG] [net.minecraftforge.fml.loading.moddiscovery.ModFileParser/LOADING]: Considering mod file candidate 
[13Sep2025 21:39:16.539] [main/DEBUG] [net.minecraftforge.fml.loading.moddiscovery.ModFileInfo/LOADING]: Found valid mod file kuma-api-forge-20.1.11+1.20.1.jar with {kuma_api} mods - versions {20.1.11}
[13Sep2025 21:39:16.540] [main/INFO] [net.minecraftforge.fml.loading.moddiscovery.JarInJarDependencyLocator/]: Found 5 dependencies adding them to mods collection
[13Sep2025 21:39:16.543] [main/DEBUG] [net.minecraftforge.fml.loading.moddiscovery.ModFileParser/LOADING]: Considering mod file candidate /workspaces/HytoCraft/servidor_minecraft/mods/FarmersDelight-1.20.1-1.2.9.jar
[13Sep2025 21:39:16.544] [main/DEBUG] [net.minecraftforge.fml.loading.moddiscovery.ModFileInfo/LOADING]: Found valid mod file FarmersDelight-1.20.1-1.2.9.jar with {farmersdelight} mods - versions {1.20.1-1.2.9}
[13Sep2025 21:39:16.546] [main/DEBUG] [net.minecraftforge.fml.loading.moddiscovery.ModFile/LOADING]: Loading mod file /workspaces/HytoCraft/servidor_minecraft/mods/FarmersDelight-1.20.1-1.2.9.jar with languages [LanguageSpec[languageName=javafml, acceptedVersions=[46,)]]
[13Sep2025 21:39:16.548] [main/DEBUG] [net.minecraftforge.fml.loading.moddiscovery.ModFileInfo/LOADING]: Found valid mod file server-1.20.1-20230612.114412-srg.jar with {minecraft} mods - versions {1.20.1}
[13Sep2025 21:39:16.550] [main/DEBUG] [net.minecraftforge.fml.loading.moddiscovery.ModFile/LOADING]: Loading mod file /workspaces/HytoCraft/servidor_minecraft/libraries/net/minecraft/server/1.20.1-20230612.114412/server-1.20.1-20230612.114412-srg.jar with languages [LanguageSpec[languageName=minecraft, acceptedVersions=1]]
[13Sep2025 21:39:16.550] [main/DEBUG] [net.minecraftforge.fml.loading.moddiscovery.ModFileParser/LOADING]: Considering mod file candidate /workspaces/HytoCraft/servidor_minecraft/mods/TreeChop-1.20.1-forge-0.19.0-fixed.jar
[13Sep2025 21:39:16.551] [main/DEBUG] [net.minecraftforge.fml.loading.moddiscovery.ModFileInfo/LOADING]: Found valid mod file TreeChop-1.20.1-forge-0.19.0-fixed.jar with {treechop} mods - versions {0.19.0}
[13Sep2025 21:39:16.551] [main/DEBUG] [net.minecraftforge.fml.loading.moddiscovery.ModFile/LOADING]: Loading mod file /workspaces/HytoCraft/servidor_minecraft/mods/TreeChop-1.20.1-forge-0.19.0-fixed.jar with languages [LanguageSpec[languageName=javafml, acceptedVersions=[32,)]]
[13Sep2025 21:39:16.551] [main/DEBUG] [net.minecraftforge.fml.loading.moddiscovery.ModFileParser/LOADING]: Considering mod file candidate 
[13Sep2025 21:39:16.552] [main/DEBUG] [net.minecraftforge.fml.loading.moddiscovery.ModFileInfo/LOADING]: Found valid mod file kuma-api-forge-20.1.11+1.20.1.jar with {kuma_api} mods - versions {20.1.11}
[13Sep2025 21:39:16.552] [main/DEBUG] [net.minecraftforge.fml.loading.moddiscovery.ModFile/LOADING]: Loading mod file  with languages [LanguageSpec[languageName=javafml, acceptedVersions=[47,)]]
[13Sep2025 21:39:16.552] [main/DEBUG] [net.minecraftforge.fml.loading.moddiscovery.ModFileParser/LOADING]: Considering mod file candidate /workspaces/HytoCraft/servidor_minecraft/mods/voicechat-forge-1.20.1-2.6.3.jar
[13Sep2025 21:39:16.553] [main/DEBUG] [net.minecraftforge.fml.loading.moddiscovery.ModFileInfo/LOADING]: Found valid mod file voicechat-forge-1.20.1-2.6.3.jar with {voicechat,voicechat_api} mods - versions {1.20.1-2.6.3,2.6.0}
[13Sep2025 21:39:16.553] [main/DEBUG] [net.minecraftforge.fml.loading.moddiscovery.ModFile/LOADING]: Loading mod file /workspaces/HytoCraft/servidor_minecraft/mods/voicechat-forge-1.20.1-2.6.3.jar with languages [LanguageSpec[languageName=javafml, acceptedVersions=*]]
[13Sep2025 21:39:16.553] [main/DEBUG] [net.minecraftforge.fml.loading.moddiscovery.ModFileParser/LOADING]: Considering mod file candidate /workspaces/HytoCraft/servidor_minecraft/mods/moonlight-1.20-2.16.10-forge.jar
[13Sep2025 21:39:16.554] [main/DEBUG] [net.minecraftforge.fml.loading.moddiscovery.ModFileInfo/LOADING]: Found valid mod file moonlight-1.20-2.16.10-forge.jar with {moonlight} mods - versions {1.20-2.16.10}
[13Sep2025 21:39:16.554] [main/DEBUG] [net.minecraftforge.fml.loading.moddiscovery.ModFile/LOADING]: Loading mod file /workspaces/HytoCraft/servidor_minecraft/mods/moonlight-1.20-2.16.10-forge.jar with languages [LanguageSpec[languageName=javafml, acceptedVersions=[40,)]]
[13Sep2025 21:39:16.554] [main/DEBUG] [net.minecraftforge.fml.loading.moddiscovery.ModFileParser/LOADING]: Considering mod file candidate /workspaces/HytoCraft/servidor_minecraft/mods/UnionLib-1.20.1-12.0.18-Forge-all.jar
[13Sep2025 21:39:16.555] [main/DEBUG] [net.minecraftforge.fml.loading.moddiscovery.ModFileInfo/LOADING]: Found valid mod file UnionLib-1.20.1-12.0.18-Forge-all.jar with {unionlib,unionlib_potionfluid} mods - versions {12.0.18,1.0.0}
[13Sep2025 21:39:16.555] [main/DEBUG] [net.minecraftforge.fml.loading.moddiscovery.ModFile/LOADING]: Loading mod file /workspaces/HytoCraft/servidor_minecraft/mods/UnionLib-1.20.1-12.0.18-Forge-all.jar with languages [LanguageSpec[languageName=javafml, acceptedVersions=[46,48)]]
[13Sep2025 21:39:16.557] [main/DEBUG] [net.minecraftforge.fml.loading.moddiscovery.ModFileParser/LOADING]: Found coremod UnionLib Transformer with Javascript path META-INF/transformer.js
[13Sep2025 21:39:16.557] [main/DEBUG] [net.minecraftforge.fml.loading.moddiscovery.ModFile/LOADING]: Found coremod META-INF/transformer.js
[13Sep2025 21:39:16.557] [main/DEBUG] [net.minecraftforge.fml.loading.moddiscovery.ModFileParser/LOADING]: Considering mod file candidate /workspaces/HytoCraft/servidor_minecraft/mods/supermartijn642configlib-1.1.8-forge-mc1.20.jar
[13Sep2025 21:39:16.558] [main/DEBUG] [net.minecraftforge.fml.loading.moddiscovery.ModFileInfo/LOADING]: Found valid mod file supermartijn642configlib-1.1.8-forge-mc1.20.jar with {supermartijn642configlib} mods - versions {1.1.8}
[13Sep2025 21:39:16.558] [main/DEBUG] [net.minecraftforge.fml.loading.moddiscovery.ModFile/LOADING]: Loading mod file /workspaces/HytoCraft/servidor_minecraft/mods/supermartijn642configlib-1.1.8-forge-mc1.20.jar with languages [LanguageSpec[languageName=javafml, acceptedVersions=[46,)]]
[13Sep2025 21:39:16.559] [main/DEBUG] [net.minecraftforge.fml.loading.moddiscovery.ModFileParser/LOADING]: Considering mod file candidate /workspaces/HytoCraft/servidor_minecraft/mods/endrem_forge-5.3.3-R-1.20.1.jar
[13Sep2025 21:39:16.559] [main/DEBUG] [net.minecraftforge.fml.loading.moddiscovery.ModFileInfo/LOADING]: Found valid mod file endrem_forge-5.3.3-R-1.20.1.jar with {endrem} mods - versions {5.3.3-R-1.20.1}
[13Sep2025 21:39:16.560] [main/DEBUG] [net.minecraftforge.fml.loading.moddiscovery.ModFile/LOADING]: Loading mod file /workspaces/HytoCraft/servidor_minecraft/mods/endrem_forge-5.3.3-R-1.20.1.jar with languages [LanguageSpec[languageName=javafml, acceptedVersions=[46,)]]
[13Sep2025 21:39:16.560] [main/DEBUG] [net.minecraftforge.fml.loading.moddiscovery.ModFileParser/LOADING]: Considering mod file candidate /workspaces/HytoCraft/servidor_minecraft/mods/geckolib-forge-1.20.1-4.7.3.jar
[13Sep2025 21:39:16.560] [main/DEBUG] [net.minecraftforge.fml.loading.moddiscovery.ModFileInfo/LOADING]: Found valid mod file geckolib-forge-1.20.1-4.7.3.jar with {geckolib} mods - versions {4.7.3}
[13Sep2025 21:39:16.560] [main/DEBUG] [net.minecraftforge.fml.loading.moddiscovery.ModFile/LOADING]: Loading mod file /workspaces/HytoCraft/servidor_minecraft/mods/geckolib-forge-1.20.1-4.7.3.jar with languages [LanguageSpec[languageName=javafml, acceptedVersions=[47,)]]
[13Sep2025 21:39:16.560] [main/DEBUG] [net.minecraftforge.fml.loading.moddiscovery.ModFileParser/LOADING]: Considering mod file candidate /workspaces/HytoCraft/servidor_minecraft/mods/player-animation-lib-forge-1.0.2-rc1+1.20.jar
[13Sep2025 21:39:16.561] [main/DEBUG] [net.minecraftforge.fml.loading.moddiscovery.ModFileInfo/LOADING]: Found valid mod file player-animation-lib-forge-1.0.2-rc1+1.20.jar with {playeranimator} mods - versions {1.0.2-rc1+1.20}
[13Sep2025 21:39:16.561] [main/DEBUG] [net.minecraftforge.fml.loading.moddiscovery.ModFile/LOADING]: Loading mod file /workspaces/HytoCraft/servidor_minecraft/mods/player-animation-lib-forge-1.0.2-rc1+1.20.jar with languages [LanguageSpec[languageName=javafml, acceptedVersions=[46.0.0,)]]
[13Sep2025 21:39:16.561] [main/DEBUG] [net.minecraftforge.fml.loading.moddiscovery.ModFileParser/LOADING]: Considering mod file candidate /workspaces/HytoCraft/servidor_minecraft/mods/jei-1.20.1-forge-15.20.0.112.jar
[13Sep2025 21:39:16.562] [main/DEBUG] [net.minecraftforge.fml.loading.moddiscovery.ModFileInfo/LOADING]: Found valid mod file jei-1.20.1-forge-15.20.0.112.jar with {jei} mods - versions {15.20.0.112}
[13Sep2025 21:39:16.562] [main/DEBUG] [net.minecraftforge.fml.loading.moddiscovery.ModFile/LOADING]: Loading mod file /workspaces/HytoCraft/servidor_minecraft/mods/jei-1.20.1-forge-15.20.0.112.jar with languages [LanguageSpec[languageName=javafml, acceptedVersions=[47,)]]
[13Sep2025 21:39:16.562] [main/DEBUG] [net.minecraftforge.fml.loading.moddiscovery.ModFileParser/LOADING]: Considering mod file candidate /workspaces/HytoCraft/servidor_minecraft/mods/Medieval_Embroidery-1.20.1-0.7.5.jar
[13Sep2025 21:39:16.563] [main/DEBUG] [net.minecraftforge.fml.loading.moddiscovery.ModFileInfo/LOADING]: Found valid mod file Medieval_Embroidery-1.20.1-0.7.5.jar with {medievalembroidery} mods - versions {0.7}
[13Sep2025 21:39:16.563] [main/DEBUG] [net.minecraftforge.fml.loading.moddiscovery.ModFile/LOADING]: Loading mod file /workspaces/HytoCraft/servidor_minecraft/mods/Medieval_Embroidery-1.20.1-0.7.5.jar with languages [LanguageSpec[languageName=javafml, acceptedVersions=47,)]]
[13Sep2025 21:39:16.563] [main/DEBUG] [net.minecraftforge.fml.loading.moddiscovery.ModFileParser/LOADING]: Considering mod file candidate /workspaces/HytoCraft/servidor_minecraft/mods/libraryferret-forge-1.20.1-4.0.0.jar
[13Sep2025 21:39:16.563] [main/DEBUG] [net.minecraftforge.fml.loading.moddiscovery.ModFileInfo/LOADING]: Found valid mod file libraryferret-forge-1.20.1-4.0.0.jar with {libraryferret} mods - versions {4.0.0}
[13Sep2025 21:39:16.564] [main/DEBUG] [net.minecraftforge.fml.loading.moddiscovery.ModFile/LOADING]: Loading mod file /workspaces/HytoCraft/servidor_minecraft/mods/libraryferret-forge-1.20.1-4.0.0.jar with languages [LanguageSpec[languageName=javafml, acceptedVersions=[47,)]]
[13Sep2025 21:39:16.564] [main/DEBUG] [net.minecraftforge.fml.loading.moddiscovery.ModFileParser/LOADING]: Considering mod file candidate /workspaces/HytoCraft/servidor_minecraft/mods/companions-forge-1.20.1-1.1.1.jar
[13Sep2025 21:39:16.564] [main/DEBUG] [net.minecraftforge.fml.loading.moddiscovery.ModFileInfo/LOADING]: Found valid mod file companions-forge-1.20.1-1.1.1.jar with {companions} mods - versions {1.1.1}
[13Sep2025 21:39:16.564] [main/DEBUG] [net.minecraftforge.fml.loading.moddiscovery.ModFile/LOADING]: Loading mod file /workspaces/HytoCraft/servidor_minecraft/mods/companions-forge-1.20.1-1.1.1.jar with languages [LanguageSpec[languageName=javafml, acceptedVersions=[47,)]]
[13Sep2025 21:39:16.564] [main/DEBUG] [net.minecraftforge.fml.loading.moddiscovery.ModFileParser/LOADING]: Considering mod file candidate /workspaces/HytoCraft/servidor_minecraft/mods/Philips-Ruins1.20.1-5.5.jar
[13Sep2025 21:39:16.565] [main/DEBUG] [net.minecraftforge.fml.loading.moddiscovery.ModFileInfo/LOADING]: Found valid mod file Philips-Ruins1.20.1-5.5.jar with {philipsruins} mods - versions {5.5}
[13Sep2025 21:39:16.565] [main/DEBUG] [net.minecraftforge.fml.loading.moddiscovery.ModFile/LOADING]: Loading mod file /workspaces/HytoCraft/servidor_minecraft/mods/Philips-Ruins1.20.1-5.5.jar with languages [LanguageSpec[languageName=javafml, acceptedVersions=[47,)]]
[13Sep2025 21:39:16.565] [main/DEBUG] [net.minecraftforge.fml.loading.moddiscovery.ModFileParser/LOADING]: Considering mod file candidate /workspaces/HytoCraft/servidor_minecraft/mods/immersive_weathering-1.20.1-2.0.5-forge.jar
[13Sep2025 21:39:16.566] [main/DEBUG] [net.minecraftforge.fml.loading.moddiscovery.ModFileInfo/LOADING]: Found valid mod file immersive_weathering-1.20.1-2.0.5-forge.jar with {immersive_weathering} mods - versions {1.20.1-2.0.5}
[13Sep2025 21:39:16.566] [main/DEBUG] [net.minecraftforge.fml.loading.moddiscovery.ModFile/LOADING]: Loading mod file /workspaces/HytoCraft/servidor_minecraft/mods/immersive_weathering-1.20.1-2.0.5-forge.jar with languages [LanguageSpec[languageName=javafml, acceptedVersions=[40,)]]
[13Sep2025 21:39:16.566] [main/DEBUG] [net.minecraftforge.fml.loading.moddiscovery.ModFileParser/LOADING]: Considering mod file candidate /workspaces/HytoCraft/servidor_minecraft/mods/Patchouli-1.20.1-84.1-FORGE.jar
[13Sep2025 21:39:16.566] [main/DEBUG] [net.minecraftforge.fml.loading.moddiscovery.ModFileInfo/LOADING]: Found valid mod file Patchouli-1.20.1-84.1-FORGE.jar with {patchouli} mods - versions {1.20.1-84.1-FORGE}
[13Sep2025 21:39:16.566] [main/DEBUG] [net.minecraftforge.fml.loading.moddiscovery.ModFile/LOADING]: Loading mod file /workspaces/HytoCraft/servidor_minecraft/mods/Patchouli-1.20.1-84.1-FORGE.jar with languages [LanguageSpec[languageName=javafml, acceptedVersions=[47,)]]
[13Sep2025 21:39:16.567] [main/DEBUG] [net.minecraftforge.fml.loading.moddiscovery.ModFileParser/LOADING]: Considering mod file candidate /workspaces/HytoCraft/servidor_minecraft/mods/realmrpg_skeletons-1.1.0-forge-1.20.1.jar
[13Sep2025 21:39:16.567] [main/DEBUG] [net.minecraftforge.fml.loading.moddiscovery.ModFileInfo/LOADING]: Found valid mod file realmrpg_skeletons-1.1.0-forge-1.20.1.jar with {realmrpg_skeletons} mods - versions {1.1.0}
[13Sep2025 21:39:16.567] [main/DEBUG] [net.minecraftforge.fml.loading.moddiscovery.ModFile/LOADING]: Loading mod file /workspaces/HytoCraft/servidor_minecraft/mods/realmrpg_skeletons-1.1.0-forge-1.20.1.jar with languages [LanguageSpec[languageName=javafml, acceptedVersions=[47,)]]
[13Sep2025 21:39:16.567] [main/DEBUG] [net.minecraftforge.fml.loading.moddiscovery.ModFileParser/LOADING]: Considering mod file candidate /workspaces/HytoCraft/servidor_minecraft/mods/rustic_engineer-1.1.3-forge-1.20.1.jar
[13Sep2025 21:39:16.568] [main/DEBUG] [net.minecraftforge.fml.loading.moddiscovery.ModFileInfo/LOADING]: Found valid mod file rustic_engineer-1.1.3-forge-1.20.1.jar with {rustic_engineer} mods - versions {1.1.3}
[13Sep2025 21:39:16.568] [main/DEBUG] [net.minecraftforge.fml.loading.moddiscovery.ModFile/LOADING]: Loading mod file /workspaces/HytoCraft/servidor_minecraft/mods/rustic_engineer-1.1.3-forge-1.20.1.jar with languages [LanguageSpec[languageName=javafml, acceptedVersions=[47,)]]
[13Sep2025 21:39:16.568] [main/DEBUG] [net.minecraftforge.fml.loading.moddiscovery.ModFileParser/LOADING]: Considering mod file candidate /workspaces/HytoCraft/servidor_minecraft/mods/waystones-forge-1.20.1-14.1.17.jar
[13Sep2025 21:39:16.569] [main/DEBUG] [net.minecraftforge.fml.loading.moddiscovery.ModFileInfo/LOADING]: Found valid mod file waystones-forge-1.20.1-14.1.17.jar with {waystones} mods - versions {14.1.17}
[13Sep2025 21:39:16.569] [main/DEBUG] [net.minecraftforge.fml.loading.moddiscovery.ModFile/LOADING]: Loading mod file /workspaces/HytoCraft/servidor_minecraft/mods/waystones-forge-1.20.1-14.1.17.jar with languages [LanguageSpec[languageName=javafml, acceptedVersions=[46,)]]
[13Sep2025 21:39:16.569] [main/DEBUG] [net.minecraftforge.fml.loading.moddiscovery.ModFileParser/LOADING]: Considering mod file candidate /workspaces/HytoCraft/servidor_minecraft/mods/epicfight-forge-20.12.6-1.20.1.jar
[13Sep2025 21:39:16.569] [main/DEBUG] [net.minecraftforge.fml.loading.moddiscovery.ModFileInfo/LOADING]: Found valid mod file epicfight-forge-20.12.6-1.20.1.jar with {epicfight} mods - versions {20.12.6}
[13Sep2025 21:39:16.569] [main/DEBUG] [net.minecraftforge.fml.loading.moddiscovery.ModFile/LOADING]: Loading mod file /workspaces/HytoCraft/servidor_minecraft/mods/epicfight-forge-20.12.6-1.20.1.jar with languages [LanguageSpec[languageName=javafml, acceptedVersions=[47,)]]
[13Sep2025 21:39:16.570] [main/DEBUG] [net.minecraftforge.fml.loading.moddiscovery.ModFileParser/LOADING]: Considering mod file candidate /workspaces/HytoCraft/servidor_minecraft/mods/YyzsBackpack-forge-0.0.27.jar
[13Sep2025 21:39:16.570] [main/DEBUG] [net.minecraftforge.fml.loading.moddiscovery.ModFileInfo/LOADING]: Found valid mod file YyzsBackpack-forge-0.0.27.jar with {yyzsbackpack} mods - versions {0.0.27}
[13Sep2025 21:39:16.570] [main/DEBUG] [net.minecraftforge.fml.loading.moddiscovery.ModFile/LOADING]: Loading mod file /workspaces/HytoCraft/servidor_minecraft/mods/YyzsBackpack-forge-0.0.27.jar with languages [LanguageSpec[languageName=javafml, acceptedVersions=[47,)]]
[13Sep2025 21:39:16.570] [main/DEBUG] [net.minecraftforge.fml.loading.moddiscovery.ModFileParser/LOADING]: Considering mod file candidate /workspaces/HytoCraft/servidor_minecraft/mods/SereneSeasons-forge-1.20.1-9.1.0.2.jar
[13Sep2025 21:39:16.571] [main/DEBUG] [net.minecraftforge.fml.loading.moddiscovery.ModFileInfo/LOADING]: Found valid mod file SereneSeasons-forge-1.20.1-9.1.0.2.jar with {sereneseasons} mods - versions {9.1.0.2}
[13Sep2025 21:39:16.571] [main/DEBUG] [net.minecraftforge.fml.loading.moddiscovery.ModFile/LOADING]: Loading mod file /workspaces/HytoCraft/servidor_minecraft/mods/SereneSeasons-forge-1.20.1-9.1.0.2.jar with languages [LanguageSpec[languageName=javafml, acceptedVersions=[47,)]]
[13Sep2025 21:39:16.571] [main/DEBUG] [net.minecraftforge.fml.loading.moddiscovery.ModFileParser/LOADING]: Considering mod file candidate /workspaces/HytoCraft/servidor_minecraft/mods/bettervillage-forge-1.20.1-3.3.1-all.jar
[13Sep2025 21:39:16.571] [main/DEBUG] [net.minecraftforge.fml.loading.moddiscovery.ModFileInfo/LOADING]: Found valid mod file bettervillage-forge-1.20.1-3.3.1-all.jar with {bettervillage} mods - versions {3.3.1}
[13Sep2025 21:39:16.571] [main/DEBUG] [net.minecraftforge.fml.loading.moddiscovery.ModFile/LOADING]: Loading mod file /workspaces/HytoCraft/servidor_minecraft/mods/bettervillage-forge-1.20.1-3.3.1-all.jar with languages [LanguageSpec[languageName=javafml, acceptedVersions=[0,)]]
[13Sep2025 21:39:16.572] [main/DEBUG] [net.minecraftforge.fml.loading.moddiscovery.ModFileParser/LOADING]: Considering mod file candidate /workspaces/HytoCraft/servidor_minecraft/mods/YungsApi-1.20-Forge-4.0.6.jar
[13Sep2025 21:39:16.572] [main/DEBUG] [net.minecraftforge.fml.loading.moddiscovery.ModFileInfo/LOADING]: Found valid mod file YungsApi-1.20-Forge-4.0.6.jar with {yungsapi} mods - versions {1.20-Forge-4.0.6}
[13Sep2025 21:39:16.572] [main/DEBUG] [net.minecraftforge.fml.loading.moddiscovery.ModFile/LOADING]: Loading mod file /workspaces/HytoCraft/servidor_minecraft/mods/YungsApi-1.20-Forge-4.0.6.jar with languages [LanguageSpec[languageName=javafml, acceptedVersions=[46,)]]
[13Sep2025 21:39:16.572] [main/DEBUG] [net.minecraftforge.fml.loading.moddiscovery.ModFileParser/LOADING]: Considering mod file candidate /workspaces/HytoCraft/servidor_minecraft/mods/canary-mc1.20.1-0.3.3.jar
[13Sep2025 21:39:16.573] [main/DEBUG] [net.minecraftforge.fml.loading.moddiscovery.ModFileInfo/LOADING]: Found valid mod file canary-mc1.20.1-0.3.3.jar with {canary} mods - versions {0.3.3}
[13Sep2025 21:39:16.573] [main/DEBUG] [net.minecraftforge.fml.loading.moddiscovery.ModFile/LOADING]: Loading mod file /workspaces/HytoCraft/servidor_minecraft/mods/canary-mc1.20.1-0.3.3.jar with languages [LanguageSpec[languageName=javafml, acceptedVersions=[47,)]]
[13Sep2025 21:39:16.573] [main/DEBUG] [net.minecraftforge.fml.loading.moddiscovery.ModFileParser/LOADING]: Considering mod file candidate /workspaces/HytoCraft/servidor_minecraft/mods/betterarcheology-1.2.1-1.20.1.jar
[13Sep2025 21:39:16.574] [main/DEBUG] [net.minecraftforge.fml.loading.moddiscovery.ModFileInfo/LOADING]: Found valid mod file betterarcheology-1.2.1-1.20.1.jar with {betterarcheology} mods - versions {1.2.1-1.20.1}
[13Sep2025 21:39:16.574] [main/DEBUG] [net.minecraftforge.fml.loading.moddiscovery.ModFile/LOADING]: Loading mod file /workspaces/HytoCraft/servidor_minecraft/mods/betterarcheology-1.2.1-1.20.1.jar with languages [LanguageSpec[languageName=javafml, acceptedVersions=[47,)]]
[13Sep2025 21:39:16.574] [main/DEBUG] [net.minecraftforge.fml.loading.moddiscovery.ModFileParser/LOADING]: Considering mod file candidate /workspaces/HytoCraft/servidor_minecraft/mods/dawnoftimebuilder-forge-1.20.1-1.5.24.jar
[13Sep2025 21:39:16.574] [main/DEBUG] [net.minecraftforge.fml.loading.moddiscovery.ModFileInfo/LOADING]: Found valid mod file dawnoftimebuilder-forge-1.20.1-1.5.24.jar with {dawnoftimebuilder} mods - versions {1.5.24}
[13Sep2025 21:39:16.575] [main/DEBUG] [net.minecraftforge.fml.loading.moddiscovery.ModFile/LOADING]: Loading mod file /workspaces/HytoCraft/servidor_minecraft/mods/dawnoftimebuilder-forge-1.20.1-1.5.24.jar with languages [LanguageSpec[languageName=javafml, acceptedVersions=[47,)]]
[13Sep2025 21:39:16.575] [main/DEBUG] [net.minecraftforge.fml.loading.moddiscovery.ModFileParser/LOADING]: Considering mod file candidate /workspaces/HytoCraft/servidor_minecraft/mods/FarmersStructures-1.0.3-1.20.jar
[13Sep2025 21:39:16.575] [main/DEBUG] [net.minecraftforge.fml.loading.moddiscovery.ModFileInfo/LOADING]: Found valid mod file FarmersStructures-1.0.3-1.20.jar with {farmers_structures} mods - versions {1.0.0}
[13Sep2025 21:39:16.575] [main/DEBUG] [net.minecraftforge.fml.loading.moddiscovery.ModFile/LOADING]: Loading mod file /workspaces/HytoCraft/servidor_minecraft/mods/FarmersStructures-1.0.3-1.20.jar with languages [LanguageSpec[languageName=javafml, acceptedVersions=*]]
[13Sep2025 21:39:16.575] [main/DEBUG] [net.minecraftforge.fml.loading.moddiscovery.ModFileParser/LOADING]: Considering mod file candidate /workspaces/HytoCraft/servidor_minecraft/mods/GlitchCore-forge-1.20.1-0.0.1.1.jar
[13Sep2025 21:39:16.576] [main/DEBUG] [net.minecraftforge.fml.loading.moddiscovery.ModFileInfo/LOADING]: Found valid mod file GlitchCore-forge-1.20.1-0.0.1.1.jar with {glitchcore} mods - versions {0.0.1.1}
[13Sep2025 21:39:16.576] [main/DEBUG] [net.minecraftforge.fml.loading.moddiscovery.ModFile/LOADING]: Loading mod file /workspaces/HytoCraft/servidor_minecraft/mods/GlitchCore-forge-1.20.1-0.0.1.1.jar with languages [LanguageSpec[languageName=javafml, acceptedVersions=[47,)]]
[13Sep2025 21:39:16.576] [main/DEBUG] [net.minecraftforge.fml.loading.moddiscovery.ModFileParser/LOADING]: Considering mod file candidate /workspaces/HytoCraft/servidor_minecraft/mods/knightlib-forge-1.20.1-1.3.1.jar
[13Sep2025 21:39:16.577] [main/DEBUG] [net.minecraftforge.fml.loading.moddiscovery.ModFileInfo/LOADING]: Found valid mod file knightlib-forge-1.20.1-1.3.1.jar with {knightlib} mods - versions {1.3.1}
[13Sep2025 21:39:16.577] [main/DEBUG] [net.minecraftforge.fml.loading.moddiscovery.ModFile/LOADING]: Loading mod file /workspaces/HytoCraft/servidor_minecraft/mods/knightlib-forge-1.20.1-1.3.1.jar with languages [LanguageSpec[languageName=javafml, acceptedVersions=[47,)]]
[13Sep2025 21:39:16.577] [main/DEBUG] [net.minecraftforge.fml.loading.moddiscovery.ModFileParser/LOADING]: Considering mod file candidate /workspaces/HytoCraft/servidor_minecraft/mods/appleskin-forge-mc1.20.1-2.5.1.jar
[13Sep2025 21:39:16.577] [main/DEBUG] [net.minecraftforge.fml.loading.moddiscovery.ModFileInfo/LOADING]: Found valid mod file appleskin-forge-mc1.20.1-2.5.1.jar with {appleskin} mods - versions {2.5.1+mc1.20.1}
[13Sep2025 21:39:16.578] [main/DEBUG] [net.minecraftforge.fml.loading.moddiscovery.ModFile/LOADING]: Loading mod file /workspaces/HytoCraft/servidor_minecraft/mods/appleskin-forge-mc1.20.1-2.5.1.jar with languages [LanguageSpec[languageName=javafml, acceptedVersions=[47,)]]
[13Sep2025 21:39:16.578] [main/DEBUG] [net.minecraftforge.fml.loading.moddiscovery.ModFileParser/LOADING]: Considering mod file candidate /workspaces/HytoCraft/servidor_minecraft/mods/takesapillage-1.0.3-1.20.1.jar
[13Sep2025 21:39:16.578] [main/DEBUG] [net.minecraftforge.fml.loading.moddiscovery.ModFileInfo/LOADING]: Found valid mod file takesapillage-1.0.3-1.20.1.jar with {takesapillage} mods - versions {1.0.3}
[13Sep2025 21:39:16.578] [main/DEBUG] [net.minecraftforge.fml.loading.moddiscovery.ModFile/LOADING]: Loading mod file /workspaces/HytoCraft/servidor_minecraft/mods/takesapillage-1.0.3-1.20.1.jar with languages [LanguageSpec[languageName=javafml, acceptedVersions=[46,)]]
[13Sep2025 21:39:16.578] [main/DEBUG] [net.minecraftforge.fml.loading.moddiscovery.ModFileParser/LOADING]: Considering mod file candidate /workspaces/HytoCraft/servidor_minecraft/mods/DarkSoulsExpansionv2.11.jar
[13Sep2025 21:39:16.579] [main/DEBUG] [net.minecraftforge.fml.loading.moddiscovery.ModFileInfo/LOADING]: Found valid mod file DarkSoulsExpansionv2.11.jar with {dark_souls_expansion} mods - versions {2.11}
[13Sep2025 21:39:16.579] [main/DEBUG] [net.minecraftforge.fml.loading.moddiscovery.ModFile/LOADING]: Loading mod file /workspaces/HytoCraft/servidor_minecraft/mods/DarkSoulsExpansionv2.11.jar with languages [LanguageSpec[languageName=javafml, acceptedVersions=[47,)]]
[13Sep2025 21:39:16.579] [main/DEBUG] [net.minecraftforge.fml.loading.moddiscovery.ModFileParser/LOADING]: Considering mod file candidate /workspaces/HytoCraft/servidor_minecraft/mods/ferritecore-6.0.1-forge.jar
[13Sep2025 21:39:16.580] [main/DEBUG] [net.minecraftforge.fml.loading.moddiscovery.ModFileInfo/LOADING]: Found valid mod file ferritecore-6.0.1-forge.jar with {ferritecore} mods - versions {6.0.1}
[13Sep2025 21:39:16.580] [main/DEBUG] [net.minecraftforge.fml.loading.moddiscovery.ModFile/LOADING]: Loading mod file /workspaces/HytoCraft/servidor_minecraft/mods/ferritecore-6.0.1-forge.jar with languages [LanguageSpec[languageName=javafml, acceptedVersions=[28,)]]
[13Sep2025 21:39:16.580] [main/DEBUG] [net.minecraftforge.fml.loading.moddiscovery.ModFileParser/LOADING]: Considering mod file candidate /workspaces/HytoCraft/servidor_minecraft/mods/Chimes-v2.0.1-1.20.1.jar
[13Sep2025 21:39:16.580] [main/DEBUG] [net.minecraftforge.fml.loading.moddiscovery.ModFileInfo/LOADING]: Found valid mod file Chimes-v2.0.1-1.20.1.jar with {chimes} mods - versions {2.0.1}
[13Sep2025 21:39:16.581] [main/DEBUG] [net.minecraftforge.fml.loading.moddiscovery.ModFile/LOADING]: Loading mod file /workspaces/HytoCraft/servidor_minecraft/mods/Chimes-v2.0.1-1.20.1.jar with languages [LanguageSpec[languageName=javafml, acceptedVersions=[45,48,)]]
[13Sep2025 21:39:16.581] [main/DEBUG] [net.minecraftforge.fml.loading.moddiscovery.ModFileParser/LOADING]: Considering mod file candidate /workspaces/HytoCraft/servidor_minecraft/mods/balm-forge-1.20.1-7.3.35-all.jar
[13Sep2025 21:39:16.581] [main/DEBUG] [net.minecraftforge.fml.loading.moddiscovery.ModFileInfo/LOADING]: Found valid mod file balm-forge-1.20.1-7.3.35-all.jar with {balm} mods - versions {7.3.35}
[13Sep2025 21:39:16.581] [main/DEBUG] [net.minecraftforge.fml.loading.moddiscovery.ModFile/LOADING]: Loading mod file /workspaces/HytoCraft/servidor_minecraft/mods/balm-forge-1.20.1-7.3.35-all.jar with languages [LanguageSpec[languageName=javafml, acceptedVersions=[46,)]]
[13Sep2025 21:39:16.581] [main/DEBUG] [net.minecraftforge.fml.loading.moddiscovery.ModFileParser/LOADING]: Considering mod file candidate /workspaces/HytoCraft/servidor_minecraft/mods/fusion-1.2.11a-forge-mc1.20.1.jar
[13Sep2025 21:39:16.582] [main/DEBUG] [net.minecraftforge.fml.loading.moddiscovery.ModFileInfo/LOADING]: Found valid mod file fusion-1.2.11a-forge-mc1.20.1.jar with {fusion} mods - versions {1.2.11+a}
[13Sep2025 21:39:16.582] [main/DEBUG] [net.minecraftforge.fml.loading.moddiscovery.ModFile/LOADING]: Loading mod file /workspaces/HytoCraft/servidor_minecraft/mods/fusion-1.2.11a-forge-mc1.20.1.jar with languages [LanguageSpec[languageName=javafml, acceptedVersions=[46,)]]
[13Sep2025 21:39:16.582] [main/DEBUG] [net.minecraftforge.fml.loading.moddiscovery.ModFileParser/LOADING]: Considering mod file candidate /workspaces/HytoCraft/servidor_minecraft/mods/unusual_furniture-1.1.1-forge-1.20.1.jar
[13Sep2025 21:39:16.583] [main/DEBUG] [net.minecraftforge.fml.loading.moddiscovery.ModFileInfo/LOADING]: Found valid mod file unusual_furniture-1.1.1-forge-1.20.1.jar with {unusual_furniture} mods - versions {1.1.1}
[13Sep2025 21:39:16.583] [main/DEBUG] [net.minecraftforge.fml.loading.moddiscovery.ModFile/LOADING]: Loading mod file /workspaces/HytoCraft/servidor_minecraft/mods/unusual_furniture-1.1.1-forge-1.20.1.jar with languages [LanguageSpec[languageName=javafml, acceptedVersions=[47,)]]
[13Sep2025 21:39:16.583] [main/DEBUG] [net.minecraftforge.fml.loading.moddiscovery.ModFileParser/LOADING]: Considering mod file candidate /workspaces/HytoCraft/servidor_minecraft/mods/realisticforgingores - no tools -4.1.6-forge-1.20.1.jar
[13Sep2025 21:39:16.583] [main/DEBUG] [net.minecraftforge.fml.loading.moddiscovery.ModFileInfo/LOADING]: Found valid mod file realisticforgingores - no tools -4.1.6-forge-1.20.1.jar with {realisticforgingores} mods - versions {4.1.6}
[13Sep2025 21:39:16.583] [main/DEBUG] [net.minecraftforge.fml.loading.moddiscovery.ModFile/LOADING]: Loading mod file /workspaces/HytoCraft/servidor_minecraft/mods/realisticforgingores - no tools -4.1.6-forge-1.20.1.jar with languages [LanguageSpec[languageName=javafml, acceptedVersions=[47,)]]
[13Sep2025 21:39:16.584] [main/DEBUG] [net.minecraftforge.fml.loading.moddiscovery.ModFileParser/LOADING]: Considering mod file candidate /workspaces/HytoCraft/servidor_minecraft/libraries/net/minecraftforge/forge/1.20.1-47.4.0/forge-1.20.1-47.4.0-universal.jar
[13Sep2025 21:39:16.584] [main/DEBUG] [net.minecraftforge.fml.loading.moddiscovery.ModFileInfo/LOADING]: Found valid mod file forge-1.20.1-47.4.0-universal.jar with {forge} mods - versions {47.4.0}
[13Sep2025 21:39:16.584] [main/DEBUG] [net.minecraftforge.fml.loading.moddiscovery.ModFile/LOADING]: Loading mod file /workspaces/HytoCraft/servidor_minecraft/libraries/net/minecraftforge/forge/1.20.1-47.4.0/forge-1.20.1-47.4.0-universal.jar with languages [LanguageSpec[languageName=javafml, acceptedVersions=[24,]]]
[13Sep2025 21:39:16.585] [main/DEBUG] [net.minecraftforge.fml.loading.moddiscovery.ModFileParser/LOADING]: Found coremod field_to_method with Javascript path coremods/field_to_method.js
[13Sep2025 21:39:16.585] [main/DEBUG] [net.minecraftforge.fml.loading.moddiscovery.ModFileParser/LOADING]: Found coremod field_to_instanceof with Javascript path coremods/field_to_instanceof.js
[13Sep2025 21:39:16.585] [main/DEBUG] [net.minecraftforge.fml.loading.moddiscovery.ModFileParser/LOADING]: Found coremod add_bouncer_method with Javascript path coremods/add_bouncer_method.js
[13Sep2025 21:39:16.585] [main/DEBUG] [net.minecraftforge.fml.loading.moddiscovery.ModFileParser/LOADING]: Found coremod method_redirector with Javascript path coremods/method_redirector.js
[13Sep2025 21:39:16.585] [main/DEBUG] [net.minecraftforge.fml.loading.moddiscovery.ModFile/LOADING]: Found coremod coremods/field_to_method.js
[13Sep2025 21:39:16.585] [main/DEBUG] [net.minecraftforge.fml.loading.moddiscovery.ModFile/LOADING]: Found coremod coremods/field_to_instanceof.js
[13Sep2025 21:39:16.585] [main/DEBUG] [net.minecraftforge.fml.loading.moddiscovery.ModFile/LOADING]: Found coremod coremods/add_bouncer_method.js
[13Sep2025 21:39:16.585] [main/DEBUG] [net.minecraftforge.fml.loading.moddiscovery.ModFile/LOADING]: Found coremod coremods/method_redirector.js
[13Sep2025 21:39:16.585] [main/DEBUG] [net.minecraftforge.fml.loading.moddiscovery.ModFileParser/LOADING]: Considering mod file candidate /workspaces/HytoCraft/servidor_minecraft/mods/friendsandfoes-forge-mc1.20.1-3.0.9.jar
[13Sep2025 21:39:16.586] [main/DEBUG] [net.minecraftforge.fml.loading.moddiscovery.ModFileInfo/LOADING]: Found valid mod file friendsandfoes-forge-mc1.20.1-3.0.9.jar with {friendsandfoes} mods - versions {3.0.9}
[13Sep2025 21:39:16.586] [main/DEBUG] [net.minecraftforge.fml.loading.moddiscovery.ModFile/LOADING]: Loading mod file /workspaces/HytoCraft/servidor_minecraft/mods/friendsandfoes-forge-mc1.20.1-3.0.9.jar with languages [LanguageSpec[languageName=javafml, acceptedVersions=*]]
[13Sep2025 21:39:16.586] [main/DEBUG] [net.minecraftforge.fml.loading.moddiscovery.ModFileParser/LOADING]: Considering mod file candidate /workspaces/HytoCraft/servidor_minecraft/mods/Antique Atlas-1.20.1-8.0.1-Forge.jar
[13Sep2025 21:39:16.586] [main/DEBUG] [net.minecraftforge.fml.loading.moddiscovery.ModFileInfo/LOADING]: Found valid mod file Antique Atlas-1.20.1-8.0.1-Forge.jar with {antiqueatlas} mods - versions {8.0.1}
[13Sep2025 21:39:16.586] [main/DEBUG] [net.minecraftforge.fml.loading.moddiscovery.ModFile/LOADING]: Loading mod file /workspaces/HytoCraft/servidor_minecraft/mods/Antique Atlas-1.20.1-8.0.1-Forge.jar with languages [LanguageSpec[languageName=javafml, acceptedVersions=[46,48)]]
[13Sep2025 21:39:16.587] [main/DEBUG] [net.minecraftforge.fml.loading.moddiscovery.ModFileParser/LOADING]: Considering mod file candidate /workspaces/HytoCraft/servidor_minecraft/mods/oceanicrealms-1.0.6.4-hotfix.jar
[13Sep2025 21:39:16.587] [main/DEBUG] [net.minecraftforge.fml.loading.moddiscovery.ModFileInfo/LOADING]: Found valid mod file oceanicrealms-1.0.6.4-hotfix.jar with {oceanicrealms} mods - versions {1.0.6}
[13Sep2025 21:39:16.587] [main/DEBUG] [net.minecraftforge.fml.loading.moddiscovery.ModFile/LOADING]: Loading mod file /workspaces/HytoCraft/servidor_minecraft/mods/oceanicrealms-1.0.6.4-hotfix.jar with languages [LanguageSpec[languageName=javafml, acceptedVersions=[47,)]]
[13Sep2025 21:39:16.589] [main/DEBUG] [net.minecraftforge.fml.loading.moddiscovery.ModFile/LOADING]: Loading mod file  with languages []
[13Sep2025 21:39:16.589] [main/DEBUG] [net.minecraftforge.fml.loading.moddiscovery.ModFile/LOADING]: Loading mod file  with languages []
[13Sep2025 21:39:16.589] [main/DEBUG] [net.minecraftforge.fml.loading.moddiscovery.ModFileParser/LOADING]: Considering mod file candidate 
[13Sep2025 21:39:16.590] [main/DEBUG] [net.minecraftforge.fml.loading.moddiscovery.ModFileInfo/LOADING]: Found valid mod file mixinextras-forge-0.4.1.jar with {mixinextras} mods - versions {0.4.1}
[13Sep2025 21:39:16.590] [main/DEBUG] [net.minecraftforge.fml.loading.moddiscovery.ModFile/LOADING]: Loading mod file  with languages [LanguageSpec[languageName=javafml, acceptedVersions=*]]
[13Sep2025 21:39:16.590] [main/DEBUG] [net.minecraftforge.fml.loading.moddiscovery.ModFile/LOADING]: Loading mod file  with languages []
[13Sep2025 21:39:16.590] [main/DEBUG] [net.minecraftforge.fml.loading.moddiscovery.ModFile/LOADING]: Loading mod file  with languages []
[13Sep2025 21:39:16.590] [main/DEBUG] [net.minecraftforge.fml.loading.moddiscovery.ModFile/LOADING]: Loading mod file  with languages []
[13Sep2025 21:39:16.590] [main/DEBUG] [net.minecraftforge.fml.loading.moddiscovery.ModFileParser/LOADING]: Considering mod file candidate 
[13Sep2025 21:39:16.591] [main/DEBUG] [net.minecraftforge.fml.loading.moddiscovery.ModFileInfo/LOADING]: Found valid mod file mixinextras-forge-0.4.1.jar with {mixinextras} mods - versions {0.4.1}
[13Sep2025 21:39:16.591] [main/DEBUG] [net.minecraftforge.fml.loading.moddiscovery.ModFile/LOADING]: Loading mod file  with languages [LanguageSpec[languageName=javafml, acceptedVersions=*]]
[13Sep2025 21:39:16.591] [main/DEBUG] [net.minecraftforge.fml.loading.moddiscovery.ModFile/LOADING]: Loading mod file  with languages []
[13Sep2025 21:39:16.592] [main/DEBUG] [cpw.mods.modlauncher.TransformationServiceDecorator/MODLAUNCHER]: End scan trigger - transformation service fml
[13Sep2025 21:39:16.607] [main/DEBUG] [net.minecraftforge.fml.loading.LanguageLoadingProvider/CORE]: Found 3 language providers
[13Sep2025 21:39:16.607] [main/DEBUG] [net.minecraftforge.fml.loading.LanguageLoadingProvider/CORE]: Found language provider minecraft, version 1.0
[13Sep2025 21:39:16.608] [main/DEBUG] [net.minecraftforge.fml.loading.LanguageLoadingProvider/CORE]: Found language provider lowcodefml, version 47
[13Sep2025 21:39:16.609] [main/DEBUG] [net.minecraftforge.fml.loading.LanguageLoadingProvider/CORE]: Found language provider javafml, version 47
[13Sep2025 21:39:16.613] [main/DEBUG] [net.minecraftforge.fml.loading.UniqueModListBuilder/]: Found 2 mods for first modid mclib, selecting most recent based on version data
[13Sep2025 21:39:16.614] [main/DEBUG] [net.minecraftforge.fml.loading.UniqueModListBuilder/]: Selected file mclib-20.jar for modid mclib with version 0.0NONE
[13Sep2025 21:39:16.614] [main/DEBUG] [net.minecraftforge.fml.loading.UniqueModListBuilder/]: Found 2 mods for first modid mixinextras, selecting most recent based on version data
[13Sep2025 21:39:16.615] [main/DEBUG] [net.minecraftforge.fml.loading.UniqueModListBuilder/]: Selected file mixinextras-forge-0.4.1.jar for modid mixinextras with version 0.4.1
[13Sep2025 21:39:16.615] [main/DEBUG] [net.minecraftforge.fml.loading.UniqueModListBuilder/]: Found 2 mods for first modid tomlj, selecting most recent based on version data
[13Sep2025 21:39:16.615] [main/DEBUG] [net.minecraftforge.fml.loading.UniqueModListBuilder/]: Selected file tomlj-1.0.0.jar for modid tomlj with version 1.0.0
[13Sep2025 21:39:16.615] [main/DEBUG] [net.minecraftforge.fml.loading.UniqueModListBuilder/]: Found 2 mods for first modid MixinExtras, selecting most recent based on version data
[13Sep2025 21:39:16.616] [main/DEBUG] [net.minecraftforge.fml.loading.UniqueModListBuilder/]: Selected file MixinExtras-0.4.1.jar for modid MixinExtras with version 0.0NONE
[13Sep2025 21:39:16.617] [main/DEBUG] [net.minecraftforge.fml.loading.ModSorter/]: Configured system mods: [minecraft, forge]
[13Sep2025 21:39:16.617] [main/DEBUG] [net.minecraftforge.fml.loading.ModSorter/]: Found system mod: minecraft
[13Sep2025 21:39:16.618] [main/DEBUG] [net.minecraftforge.fml.loading.ModSorter/]: Found system mod: forge
[13Sep2025 21:39:16.620] [main/DEBUG] [net.minecraftforge.fml.loading.ModSorter/LOADING]: Found 93 mod requirements (84 mandatory, 9 optional)
[13Sep2025 21:39:16.621] [main/DEBUG] [net.minecraftforge.fml.loading.ModSorter/LOADING]: Found 0 mod requirements missing (0 mandatory, 0 optional)
[13Sep2025 21:39:17.101] [main/DEBUG] [cpw.mods.modlauncher.TransformationServicesHandler/MODLAUNCHER]: Transformation services loading transformers
[13Sep2025 21:39:17.102] [main/DEBUG] [cpw.mods.modlauncher.TransformationServiceDecorator/MODLAUNCHER]: Initializing transformers for transformation service mixin
[13Sep2025 21:39:17.102] [main/DEBUG] [cpw.mods.modlauncher.TransformationServiceDecorator/MODLAUNCHER]: Initialized transformers for transformation service mixin
[13Sep2025 21:39:17.102] [main/DEBUG] [cpw.mods.modlauncher.TransformationServiceDecorator/MODLAUNCHER]: Initializing transformers for transformation service fml
[13Sep2025 21:39:17.103] [main/DEBUG] [net.minecraftforge.fml.loading.FMLServiceProvider/CORE]: Loading coremod transformers
[13Sep2025 21:39:17.103] [main/DEBUG] [net.minecraftforge.coremod.CoreModEngine/COREMOD]: Loading CoreMod from coremods/field_to_method.js
[13Sep2025 21:39:17.348] [main/DEBUG] [net.minecraftforge.coremod.CoreModEngine/COREMOD]: CoreMod loaded successfully
[13Sep2025 21:39:17.348] [main/DEBUG] [net.minecraftforge.coremod.CoreModEngine/COREMOD]: Loading CoreMod from coremods/field_to_instanceof.js
[13Sep2025 21:39:17.496] [main/DEBUG] [net.minecraftforge.coremod.CoreModEngine/COREMOD]: CoreMod loaded successfully
[13Sep2025 21:39:17.496] [main/DEBUG] [net.minecraftforge.coremod.CoreModEngine/COREMOD]: Loading CoreMod from coremods/add_bouncer_method.js
[13Sep2025 21:39:17.547] [main/DEBUG] [net.minecraftforge.coremod.CoreModEngine/COREMOD]: CoreMod loaded successfully
[13Sep2025 21:39:17.547] [main/DEBUG] [net.minecraftforge.coremod.CoreModEngine/COREMOD]: Loading CoreMod from coremods/method_redirector.js
[13Sep2025 21:39:17.655] [main/DEBUG] [net.minecraftforge.coremod.CoreModEngine/COREMOD]: CoreMod loaded successfully
[13Sep2025 21:39:17.655] [main/DEBUG] [net.minecraftforge.coremod.CoreModEngine/COREMOD]: Loading CoreMod from META-INF/transformer.js
[13Sep2025 21:39:17.729] [main/DEBUG] [net.minecraftforge.coremod.CoreModEngine/COREMOD]: CoreMod loaded successfully
[13Sep2025 21:39:17.746] [main/DEBUG] [cpw.mods.modlauncher.TransformStore/MODLAUNCHER]: Adding transformer net.minecraftforge.coremod.transformer.CoreModClassTransformer@70025b99 to Target : CLASS {Lnet/minecraft/world/level/biome/Biome;} {} {V}
[13Sep2025 21:39:17.748] [main/DEBUG] [cpw.mods.modlauncher.TransformStore/MODLAUNCHER]: Adding transformer net.minecraftforge.coremod.transformer.CoreModClassTransformer@3b55dd15 to Target : CLASS {Lnet/minecraft/world/level/levelgen/structure/Structure;} {} {V}
[13Sep2025 21:39:17.749] [main/DEBUG] [cpw.mods.modlauncher.TransformStore/MODLAUNCHER]: Adding transformer net.minecraftforge.coremod.transformer.CoreModClassTransformer@f3560d4 to Target : CLASS {Lnet/minecraft/world/effect/MobEffectInstance;} {} {V}
[13Sep2025 21:39:17.749] [main/DEBUG] [cpw.mods.modlauncher.TransformStore/MODLAUNCHER]: Adding transformer net.minecraftforge.coremod.transformer.CoreModClassTransformer@3ba3d4b6 to Target : CLASS {Lnet/minecraft/world/level/block/LiquidBlock;} {} {V}
[13Sep2025 21:39:17.749] [main/DEBUG] [cpw.mods.modlauncher.TransformStore/MODLAUNCHER]: Adding transformer net.minecraftforge.coremod.transformer.CoreModClassTransformer@51b77cdf to Target : CLASS {Lnet/minecraft/world/item/BucketItem;} {} {V}
[13Sep2025 21:39:17.751] [main/DEBUG] [cpw.mods.modlauncher.TransformStore/MODLAUNCHER]: Adding transformer net.minecraftforge.coremod.transformer.CoreModClassTransformer@441fbe89 to Target : CLASS {Lnet/minecraft/world/level/block/StairBlock;} {} {V}
[13Sep2025 21:39:17.751] [main/DEBUG] [cpw.mods.modlauncher.TransformStore/MODLAUNCHER]: Adding transformer net.minecraftforge.coremod.transformer.CoreModClassTransformer@6088451e to Target : CLASS {Lnet/minecraft/world/level/block/FlowerPotBlock;} {} {V}
[13Sep2025 21:39:17.751] [main/DEBUG] [cpw.mods.modlauncher.TransformStore/MODLAUNCHER]: Adding transformer net.minecraftforge.coremod.transformer.CoreModClassTransformer@45ab3bdd to Target : CLASS {Lnet/minecraft/world/item/ItemStack;} {} {V}
[13Sep2025 21:39:17.751] [main/DEBUG] [cpw.mods.modlauncher.TransformStore/MODLAUNCHER]: Adding transformer net.minecraftforge.coremod.transformer.CoreModClassTransformer@2f10f633 to Target : CLASS {Lnet/minecraft/network/play/client/CClientSettingsPacket;} {} {V}
[13Sep2025 21:39:17.752] [main/DEBUG] [cpw.mods.modlauncher.TransformStore/MODLAUNCHER]: Adding transformer net.minecraftforge.coremod.transformer.CoreModClassTransformer@1642eeae to Target : CLASS {Lnet/minecraft/world/entity/npc/Villager;} {} {V}
[13Sep2025 21:39:17.752] [main/DEBUG] [cpw.mods.modlauncher.TransformStore/MODLAUNCHER]: Adding transformer net.minecraftforge.coremod.transformer.CoreModClassTransformer@1642eeae to Target : CLASS {Lnet/minecraft/server/commands/SummonCommand;} {} {V}
[13Sep2025 21:39:17.752] [main/DEBUG] [cpw.mods.modlauncher.TransformStore/MODLAUNCHER]: Adding transformer net.minecraftforge.coremod.transformer.CoreModClassTransformer@1642eeae to Target : CLASS {Lnet/minecraft/world/entity/monster/Zombie;} {} {V}
[13Sep2025 21:39:17.752] [main/DEBUG] [cpw.mods.modlauncher.TransformStore/MODLAUNCHER]: Adding transformer net.minecraftforge.coremod.transformer.CoreModClassTransformer@1642eeae to Target : CLASS {Lnet/minecraft/world/level/levelgen/structure/templatesystem/StructureTemplate;} {} {V}
[13Sep2025 21:39:17.752] [main/DEBUG] [cpw.mods.modlauncher.TransformStore/MODLAUNCHER]: Adding transformer net.minecraftforge.coremod.transformer.CoreModClassTransformer@1642eeae to Target : CLASS {Lnet/minecraft/world/entity/monster/Evoker$EvokerSummonSpellGoal;} {} {V}
[13Sep2025 21:39:17.752] [main/DEBUG] [cpw.mods.modlauncher.TransformStore/MODLAUNCHER]: Adding transformer net.minecraftforge.coremod.transformer.CoreModClassTransformer@1642eeae to Target : CLASS {Lnet/minecraft/world/entity/monster/Strider;} {} {V}
[13Sep2025 21:39:17.752] [main/DEBUG] [cpw.mods.modlauncher.TransformStore/MODLAUNCHER]: Adding transformer net.minecraftforge.coremod.transformer.CoreModClassTransformer@1642eeae to Target : CLASS {Lnet/minecraft/world/entity/npc/CatSpawner;} {} {V}
[13Sep2025 21:39:17.752] [main/DEBUG] [cpw.mods.modlauncher.TransformStore/MODLAUNCHER]: Adding transformer net.minecraftforge.coremod.transformer.CoreModClassTransformer@1642eeae to Target : CLASS {Lnet/minecraft/world/level/NaturalSpawner;} {} {V}
[13Sep2025 21:39:17.752] [main/DEBUG] [cpw.mods.modlauncher.TransformStore/MODLAUNCHER]: Adding transformer net.minecraftforge.coremod.transformer.CoreModClassTransformer@1642eeae to Target : CLASS {Lnet/minecraft/world/entity/monster/Spider;} {} {V}
[13Sep2025 21:39:17.753] [main/DEBUG] [cpw.mods.modlauncher.TransformStore/MODLAUNCHER]: Adding transformer net.minecraftforge.coremod.transformer.CoreModClassTransformer@1642eeae to Target : CLASS {Lnet/minecraft/server/commands/RaidCommand;} {} {V}
[13Sep2025 21:39:17.753] [main/DEBUG] [cpw.mods.modlauncher.TransformStore/MODLAUNCHER]: Adding transformer net.minecraftforge.coremod.transformer.CoreModClassTransformer@1642eeae to Target : CLASS {Lnet/minecraft/world/level/levelgen/structure/structures/OceanMonumentPieces$OceanMonumentPiece;} {} {V}
[13Sep2025 21:39:17.753] [main/DEBUG] [cpw.mods.modlauncher.TransformStore/MODLAUNCHER]: Adding transformer net.minecraftforge.coremod.transformer.CoreModClassTransformer@1642eeae to Target : CLASS {Lnet/minecraft/world/entity/raid/Raid;} {} {V}
[13Sep2025 21:39:17.753] [main/DEBUG] [cpw.mods.modlauncher.TransformStore/MODLAUNCHER]: Adding transformer net.minecraftforge.coremod.transformer.CoreModClassTransformer@1642eeae to Target : CLASS {Lnet/minecraft/world/level/levelgen/structure/structures/OceanRuinPieces$OceanRuinPiece;} {} {V}
[13Sep2025 21:39:17.753] [main/DEBUG] [cpw.mods.modlauncher.TransformStore/MODLAUNCHER]: Adding transformer net.minecraftforge.coremod.transformer.CoreModClassTransformer@1642eeae to Target : CLASS {Lnet/minecraft/world/entity/animal/frog/Tadpole;} {} {V}
[13Sep2025 21:39:17.753] [main/DEBUG] [cpw.mods.modlauncher.TransformStore/MODLAUNCHER]: Adding transformer net.minecraftforge.coremod.transformer.CoreModClassTransformer@1642eeae to Target : CLASS {Lnet/minecraft/world/level/levelgen/structure/structures/SwampHutPiece;} {} {V}
[13Sep2025 21:39:17.753] [main/DEBUG] [cpw.mods.modlauncher.TransformStore/MODLAUNCHER]: Adding transformer net.minecraftforge.coremod.transformer.CoreModClassTransformer@1642eeae to Target : CLASS {Lnet/minecraft/world/entity/EntityType;} {} {V}
[13Sep2025 21:39:17.753] [main/DEBUG] [cpw.mods.modlauncher.TransformStore/MODLAUNCHER]: Adding transformer net.minecraftforge.coremod.transformer.CoreModClassTransformer@1642eeae to Target : CLASS {Lnet/minecraft/world/level/levelgen/PhantomSpawner;} {} {V}
[13Sep2025 21:39:17.753] [main/DEBUG] [cpw.mods.modlauncher.TransformStore/MODLAUNCHER]: Adding transformer net.minecraftforge.coremod.transformer.CoreModClassTransformer@1642eeae to Target : CLASS {Lnet/minecraft/world/entity/animal/horse/SkeletonTrapGoal;} {} {V}
[13Sep2025 21:39:17.753] [main/DEBUG] [cpw.mods.modlauncher.TransformStore/MODLAUNCHER]: Adding transformer net.minecraftforge.coremod.transformer.CoreModClassTransformer@1642eeae to Target : CLASS {Lnet/minecraft/world/level/levelgen/structure/structures/WoodlandMansionPieces$WoodlandMansionPiece;} {} {V}
[13Sep2025 21:39:17.753] [main/DEBUG] [cpw.mods.modlauncher.TransformStore/MODLAUNCHER]: Adding transformer net.minecraftforge.coremod.transformer.CoreModClassTransformer@1642eeae to Target : CLASS {Lnet/minecraft/world/entity/ai/village/VillageSiege;} {} {V}
[13Sep2025 21:39:17.754] [main/DEBUG] [cpw.mods.modlauncher.TransformStore/MODLAUNCHER]: Adding transformer net.minecraftforge.coremod.transformer.CoreModClassTransformer@1642eeae to Target : CLASS {Lnet/minecraft/world/level/levelgen/PatrolSpawner;} {} {V}
[13Sep2025 21:39:17.754] [main/DEBUG] [cpw.mods.modlauncher.TransformStore/MODLAUNCHER]: Adding transformer net.minecraftforge.coremod.transformer.CoreModClassTransformer@1642eeae to Target : CLASS {Lnet/minecraft/world/entity/monster/ZombieVillager;} {} {V}
[13Sep2025 21:39:17.754] [main/DEBUG] [cpw.mods.modlauncher.TransformStore/MODLAUNCHER]: Adding transformer net.minecraftforge.coremod.transformer.CoreModClassTransformer@3440e9cd to Target : CLASS {Lnet/minecraft/world/inventory/ResultSlot;} {} {V}
[13Sep2025 21:39:17.754] [main/DEBUG] [cpw.mods.modlauncher.TransformationServiceDecorator/MODLAUNCHER]: Initialized transformers for transformation service fml
[13Sep2025 21:39:18.561] [main/DEBUG] [mixin/]: Processing prepare() for PlatformAgent[MixinPlatformAgentDefault:ModLauncher Root Container(ModLauncher:4f56a0a2)]
[13Sep2025 21:39:18.561] [main/DEBUG] [mixin/]: Processing launch tasks for PlatformAgent[MixinPlatformAgentDefault:ModLauncher Root Container(ModLauncher:4f56a0a2)]
[13Sep2025 21:39:18.562] [main/DEBUG] [mixin/]: Adding mixin platform agents for container SecureJarResource(treechop)
[13Sep2025 21:39:18.562] [main/DEBUG] [mixin/]: Instancing new MixinPlatformAgentMinecraftForge for SecureJarResource(treechop)
[13Sep2025 21:39:18.562] [main/DEBUG] [mixin/]: MixinPlatformAgentMinecraftForge rejected container SecureJarResource(treechop)
[13Sep2025 21:39:18.563] [main/DEBUG] [mixin/]: Instancing new MixinPlatformAgentDefault for SecureJarResource(treechop)
[13Sep2025 21:39:18.563] [main/DEBUG] [mixin/]: MixinPlatformAgentDefault accepted container SecureJarResource(treechop)
[13Sep2025 21:39:18.563] [main/DEBUG] [mixin/]: Processing prepare() for PlatformAgent[MixinPlatformAgentDefault:SecureJarResource(treechop)]
[13Sep2025 21:39:18.563] [main/DEBUG] [mixin/]: Registering mixin config: treechop.mixins.json
[13Sep2025 21:39:18.582] [main/DEBUG] [mixin/]: Compatibility level JAVA_17 specified by treechop.mixins.json is higher than the maximum level supported by this version of mixin (JAVA_13).
[13Sep2025 21:39:18.587] [main/INFO] [mixin/]: Compatibility level set to JAVA_17
[13Sep2025 21:39:18.588] [main/DEBUG] [mixin/]: Adding mixin platform agents for container SecureJarResource(kuma_api)
[13Sep2025 21:39:18.588] [main/DEBUG] [mixin/]: Instancing new MixinPlatformAgentMinecraftForge for SecureJarResource(kuma_api)
[13Sep2025 21:39:18.589] [main/DEBUG] [mixin/]: MixinPlatformAgentMinecraftForge rejected container SecureJarResource(kuma_api)
[13Sep2025 21:39:18.590] [main/DEBUG] [mixin/]: Instancing new MixinPlatformAgentDefault for SecureJarResource(kuma_api)
[13Sep2025 21:39:18.590] [main/DEBUG] [mixin/]: MixinPlatformAgentDefault accepted container SecureJarResource(kuma_api)
[13Sep2025 21:39:18.590] [main/DEBUG] [mixin/]: Processing prepare() for PlatformAgent[MixinPlatformAgentDefault:SecureJarResource(kuma_api)]
[13Sep2025 21:39:18.590] [main/DEBUG] [mixin/]: Registering mixin config: kuma_api.mixins.json
[13Sep2025 21:39:18.592] [main/DEBUG] [mixin/]: Registering mixin config: kuma_api.forge.mixins.json
[13Sep2025 21:39:18.596] [main/DEBUG] [mixin/]: Adding mixin platform agents for container SecureJarResource(supermartijn642configlib)
[13Sep2025 21:39:18.596] [main/DEBUG] [mixin/]: Instancing new MixinPlatformAgentMinecraftForge for SecureJarResource(supermartijn642configlib)
[13Sep2025 21:39:18.596] [main/DEBUG] [mixin/]: MixinPlatformAgentMinecraftForge rejected container SecureJarResource(supermartijn642configlib)
[13Sep2025 21:39:18.596] [main/DEBUG] [mixin/]: Instancing new MixinPlatformAgentDefault for SecureJarResource(supermartijn642configlib)
[13Sep2025 21:39:18.597] [main/DEBUG] [mixin/]: MixinPlatformAgentDefault accepted container SecureJarResource(supermartijn642configlib)
[13Sep2025 21:39:18.597] [main/DEBUG] [mixin/]: Processing prepare() for PlatformAgent[MixinPlatformAgentDefault:SecureJarResource(supermartijn642configlib)]
[13Sep2025 21:39:18.597] [main/DEBUG] [mixin/]: Adding mixin platform agents for container SecureJarResource(geckolib)
[13Sep2025 21:39:18.597] [main/DEBUG] [mixin/]: Instancing new MixinPlatformAgentMinecraftForge for SecureJarResource(geckolib)
[13Sep2025 21:39:18.597] [main/DEBUG] [mixin/]: MixinPlatformAgentMinecraftForge rejected container SecureJarResource(geckolib)
[13Sep2025 21:39:18.598] [main/DEBUG] [mixin/]: Instancing new MixinPlatformAgentDefault for SecureJarResource(geckolib)
[13Sep2025 21:39:18.598] [main/DEBUG] [mixin/]: MixinPlatformAgentDefault accepted container SecureJarResource(geckolib)
[13Sep2025 21:39:18.599] [main/DEBUG] [mixin/]: Processing prepare() for PlatformAgent[MixinPlatformAgentDefault:SecureJarResource(geckolib)]
[13Sep2025 21:39:18.599] [main/DEBUG] [mixin/]: Registering mixin config: geckolib.mixins.json
[13Sep2025 21:39:18.601] [main/DEBUG] [mixin/]: Adding mixin platform agents for container SecureJarResource(playeranimator)
[13Sep2025 21:39:18.602] [main/DEBUG] [mixin/]: Instancing new MixinPlatformAgentMinecraftForge for SecureJarResource(playeranimator)
[13Sep2025 21:39:18.602] [main/DEBUG] [mixin/]: MixinPlatformAgentMinecraftForge rejected container SecureJarResource(playeranimator)
[13Sep2025 21:39:18.603] [main/DEBUG] [mixin/]: Instancing new MixinPlatformAgentDefault for SecureJarResource(playeranimator)
[13Sep2025 21:39:18.603] [main/DEBUG] [mixin/]: MixinPlatformAgentDefault accepted container SecureJarResource(playeranimator)
[13Sep2025 21:39:18.603] [main/DEBUG] [mixin/]: Processing prepare() for PlatformAgent[MixinPlatformAgentDefault:SecureJarResource(playeranimator)]
[13Sep2025 21:39:18.604] [main/DEBUG] [mixin/]: Registering mixin config: playerAnimator-common.mixins.json
[13Sep2025 21:39:18.606] [main/DEBUG] [mixin/]: Compatibility level JAVA_16 specified by playerAnimator-common.mixins.json is higher than the maximum level supported by this version of mixin (JAVA_13).
[13Sep2025 21:39:18.608] [main/DEBUG] [mixin/]: Adding mixin platform agents for container SecureJarResource(jei)
[13Sep2025 21:39:18.608] [main/DEBUG] [mixin/]: Instancing new MixinPlatformAgentMinecraftForge for SecureJarResource(jei)
[13Sep2025 21:39:18.609] [main/DEBUG] [mixin/]: MixinPlatformAgentMinecraftForge rejected container SecureJarResource(jei)
[13Sep2025 21:39:18.609] [main/DEBUG] [mixin/]: Instancing new MixinPlatformAgentDefault for SecureJarResource(jei)
[13Sep2025 21:39:18.609] [main/DEBUG] [mixin/]: MixinPlatformAgentDefault accepted container SecureJarResource(jei)
[13Sep2025 21:39:18.609] [main/DEBUG] [mixin/]: Processing prepare() for PlatformAgent[MixinPlatformAgentDefault:SecureJarResource(jei)]
[13Sep2025 21:39:18.609] [main/DEBUG] [mixin/]: Adding mixin platform agents for container SecureJarResource(libraryferret)
[13Sep2025 21:39:18.609] [main/DEBUG] [mixin/]: Instancing new MixinPlatformAgentMinecraftForge for SecureJarResource(libraryferret)
[13Sep2025 21:39:18.609] [main/DEBUG] [mixin/]: MixinPlatformAgentMinecraftForge rejected container SecureJarResource(libraryferret)
[13Sep2025 21:39:18.609] [main/DEBUG] [mixin/]: Instancing new MixinPlatformAgentDefault for SecureJarResource(libraryferret)
[13Sep2025 21:39:18.609] [main/DEBUG] [mixin/]: MixinPlatformAgentDefault accepted container SecureJarResource(libraryferret)
[13Sep2025 21:39:18.609] [main/DEBUG] [mixin/]: Processing prepare() for PlatformAgent[MixinPlatformAgentDefault:SecureJarResource(libraryferret)]
[13Sep2025 21:39:18.609] [main/DEBUG] [mixin/]: Adding mixin platform agents for container SecureJarResource(companions)
[13Sep2025 21:39:18.609] [main/DEBUG] [mixin/]: Instancing new MixinPlatformAgentMinecraftForge for SecureJarResource(companions)
[13Sep2025 21:39:18.610] [main/DEBUG] [mixin/]: MixinPlatformAgentMinecraftForge rejected container SecureJarResource(companions)
[13Sep2025 21:39:18.610] [main/DEBUG] [mixin/]: Instancing new MixinPlatformAgentDefault for SecureJarResource(companions)
[13Sep2025 21:39:18.610] [main/DEBUG] [mixin/]: MixinPlatformAgentDefault accepted container SecureJarResource(companions)
[13Sep2025 21:39:18.610] [main/DEBUG] [mixin/]: Processing prepare() for PlatformAgent[MixinPlatformAgentDefault:SecureJarResource(companions)]
[13Sep2025 21:39:18.610] [main/DEBUG] [mixin/]: Registering mixin config: companions.mixins.json
[13Sep2025 21:39:18.615] [main/DEBUG] [mixin/]: Registering mixin config: companions.forge.mixins.json
[13Sep2025 21:39:18.616] [main/DEBUG] [mixin/]: Adding mixin platform agents for container SecureJarResource(immersive_weathering)
[13Sep2025 21:39:18.616] [main/DEBUG] [mixin/]: Instancing new MixinPlatformAgentMinecraftForge for SecureJarResource(immersive_weathering)
[13Sep2025 21:39:18.617] [main/DEBUG] [mixin/]: MixinPlatformAgentMinecraftForge rejected container SecureJarResource(immersive_weathering)
[13Sep2025 21:39:18.617] [main/DEBUG] [mixin/]: Instancing new MixinPlatformAgentDefault for SecureJarResource(immersive_weathering)
[13Sep2025 21:39:18.617] [main/DEBUG] [mixin/]: MixinPlatformAgentDefault accepted container SecureJarResource(immersive_weathering)
[13Sep2025 21:39:18.617] [main/DEBUG] [mixin/]: Processing prepare() for PlatformAgent[MixinPlatformAgentDefault:SecureJarResource(immersive_weathering)]
[13Sep2025 21:39:18.617] [main/DEBUG] [mixin/]: Registering mixin config: immersive_weathering-common.mixins.json
[13Sep2025 21:39:18.619] [main/DEBUG] [mixin/]: Registering mixin config: immersive_weathering.mixins.json
[13Sep2025 21:39:18.624] [main/DEBUG] [mixin/]: Compatibility level JAVA_16 specified by immersive_weathering.mixins.json is higher than the maximum level supported by this version of mixin (JAVA_13).
[13Sep2025 21:39:18.624] [main/DEBUG] [mixin/]: Adding mixin platform agents for container SecureJarResource(waystones)
[13Sep2025 21:39:18.624] [main/DEBUG] [mixin/]: Instancing new MixinPlatformAgentMinecraftForge for SecureJarResource(waystones)
[13Sep2025 21:39:18.626] [main/DEBUG] [mixin/]: MixinPlatformAgentMinecraftForge rejected container SecureJarResource(waystones)
[13Sep2025 21:39:18.626] [main/DEBUG] [mixin/]: Instancing new MixinPlatformAgentDefault for SecureJarResource(waystones)
[13Sep2025 21:39:18.626] [main/DEBUG] [mixin/]: MixinPlatformAgentDefault accepted container SecureJarResource(waystones)
[13Sep2025 21:39:18.626] [main/DEBUG] [mixin/]: Processing prepare() for PlatformAgent[MixinPlatformAgentDefault:SecureJarResource(waystones)]
[13Sep2025 21:39:18.626] [main/DEBUG] [mixin/]: Registering mixin config: waystones.mixins.json
[13Sep2025 21:39:18.628] [main/DEBUG] [mixin/]: Adding mixin platform agents for container SecureJarResource(epicfight)
[13Sep2025 21:39:18.628] [main/DEBUG] [mixin/]: Instancing new MixinPlatformAgentMinecraftForge for SecureJarResource(epicfight)
[13Sep2025 21:39:18.628] [main/DEBUG] [mixin/]: MixinPlatformAgentMinecraftForge rejected container SecureJarResource(epicfight)
[13Sep2025 21:39:18.628] [main/DEBUG] [mixin/]: Instancing new MixinPlatformAgentDefault for SecureJarResource(epicfight)
[13Sep2025 21:39:18.628] [main/DEBUG] [mixin/]: MixinPlatformAgentDefault accepted container SecureJarResource(epicfight)
[13Sep2025 21:39:18.629] [main/DEBUG] [mixin/]: Processing prepare() for PlatformAgent[MixinPlatformAgentDefault:SecureJarResource(epicfight)]
[13Sep2025 21:39:18.629] [main/DEBUG] [mixin/]: Registering mixin config: mixins.epicfight.json
[13Sep2025 21:39:18.630] [main/DEBUG] [mixin/]: Adding mixin platform agents for container SecureJarResource(yyzsbackpack)
[13Sep2025 21:39:18.633] [main/DEBUG] [mixin/]: Instancing new MixinPlatformAgentMinecraftForge for SecureJarResource(yyzsbackpack)
[13Sep2025 21:39:18.633] [main/DEBUG] [mixin/]: MixinPlatformAgentMinecraftForge rejected container SecureJarResource(yyzsbackpack)
[13Sep2025 21:39:18.633] [main/DEBUG] [mixin/]: Instancing new MixinPlatformAgentDefault for SecureJarResource(yyzsbackpack)
[13Sep2025 21:39:18.633] [main/DEBUG] [mixin/]: MixinPlatformAgentDefault accepted container SecureJarResource(yyzsbackpack)
[13Sep2025 21:39:18.634] [main/DEBUG] [mixin/]: Processing prepare() for PlatformAgent[MixinPlatformAgentDefault:SecureJarResource(yyzsbackpack)]
[13Sep2025 21:39:18.634] [main/DEBUG] [mixin/]: Registering mixin config: yyzsbackpack.mixins.json
[13Sep2025 21:39:18.635] [main/DEBUG] [mixin/]: Registering mixin config: yyzsbackpack.forge.mixins.json
[13Sep2025 21:39:18.639] [main/DEBUG] [mixin/]: Adding mixin platform agents for container SecureJarResource(yungsapi)
[13Sep2025 21:39:18.639] [main/DEBUG] [mixin/]: Instancing new MixinPlatformAgentMinecraftForge for SecureJarResource(yungsapi)
[13Sep2025 21:39:18.639] [main/DEBUG] [mixin/]: MixinPlatformAgentMinecraftForge rejected container SecureJarResource(yungsapi)
[13Sep2025 21:39:18.639] [main/DEBUG] [mixin/]: Instancing new MixinPlatformAgentDefault for SecureJarResource(yungsapi)
[13Sep2025 21:39:18.639] [main/DEBUG] [mixin/]: MixinPlatformAgentDefault accepted container SecureJarResource(yungsapi)
[13Sep2025 21:39:18.639] [main/DEBUG] [mixin/]: Processing prepare() for PlatformAgent[MixinPlatformAgentDefault:SecureJarResource(yungsapi)]
[13Sep2025 21:39:18.639] [main/DEBUG] [mixin/]: Registering mixin config: yungsapi.mixins.json
[13Sep2025 21:39:18.641] [main/DEBUG] [mixin/]: Registering mixin config: yungsapi_forge.mixins.json
[13Sep2025 21:39:18.642] [main/DEBUG] [mixin/]: Adding mixin platform agents for container SecureJarResource(mixinextras)
[13Sep2025 21:39:18.642] [main/DEBUG] [mixin/]: Instancing new MixinPlatformAgentMinecraftForge for SecureJarResource(mixinextras)
[13Sep2025 21:39:18.643] [main/DEBUG] [mixin/]: MixinPlatformAgentMinecraftForge rejected container SecureJarResource(mixinextras)
[13Sep2025 21:39:18.643] [main/DEBUG] [mixin/]: Instancing new MixinPlatformAgentDefault for SecureJarResource(mixinextras)
[13Sep2025 21:39:18.643] [main/DEBUG] [mixin/]: MixinPlatformAgentDefault accepted container SecureJarResource(mixinextras)
[13Sep2025 21:39:18.643] [main/DEBUG] [mixin/]: Processing prepare() for PlatformAgent[MixinPlatformAgentDefault:SecureJarResource(mixinextras)]
[13Sep2025 21:39:18.644] [main/DEBUG] [mixin/]: Registering mixin config: mixinextras.init.mixins.json
[13Sep2025 21:39:18.645] [main/DEBUG] [mixin/]: Adding mixin platform agents for container SecureJarResource(knightlib)
[13Sep2025 21:39:18.645] [main/DEBUG] [mixin/]: Instancing new MixinPlatformAgentMinecraftForge for SecureJarResource(knightlib)
[13Sep2025 21:39:18.645] [main/DEBUG] [mixin/]: MixinPlatformAgentMinecraftForge rejected container SecureJarResource(knightlib)
[13Sep2025 21:39:18.646] [main/DEBUG] [mixin/]: Instancing new MixinPlatformAgentDefault for SecureJarResource(knightlib)
[13Sep2025 21:39:18.646] [main/DEBUG] [mixin/]: MixinPlatformAgentDefault accepted container SecureJarResource(knightlib)
[13Sep2025 21:39:18.646] [main/DEBUG] [mixin/]: Processing prepare() for PlatformAgent[MixinPlatformAgentDefault:SecureJarResource(knightlib)]
[13Sep2025 21:39:18.646] [main/DEBUG] [mixin/]: Registering mixin config: knightlib.mixins.json
[13Sep2025 21:39:18.648] [main/DEBUG] [mixin/]: Registering mixin config: knightlib.forge.mixins.json
[13Sep2025 21:39:18.649] [main/DEBUG] [mixin/]: Adding mixin platform agents for container SecureJarResource(glitchcore)
[13Sep2025 21:39:18.650] [main/DEBUG] [mixin/]: Instancing new MixinPlatformAgentMinecraftForge for SecureJarResource(glitchcore)
[13Sep2025 21:39:18.650] [main/DEBUG] [mixin/]: MixinPlatformAgentMinecraftForge rejected container SecureJarResource(glitchcore)
[13Sep2025 21:39:18.650] [main/DEBUG] [mixin/]: Instancing new MixinPlatformAgentDefault for SecureJarResource(glitchcore)
[13Sep2025 21:39:18.650] [main/DEBUG] [mixin/]: MixinPlatformAgentDefault accepted container SecureJarResource(glitchcore)
[13Sep2025 21:39:18.650] [main/DEBUG] [mixin/]: Processing prepare() for PlatformAgent[MixinPlatformAgentDefault:SecureJarResource(glitchcore)]
[13Sep2025 21:39:18.650] [main/DEBUG] [mixin/]: Registering mixin config: glitchcore.mixins.json
[13Sep2025 21:39:18.652] [main/DEBUG] [mixin/]: Registering mixin config: glitchcore.forge.mixins.json
[13Sep2025 21:39:18.653] [main/DEBUG] [mixin/]: Adding mixin platform agents for container SecureJarResource(sereneseasons)
[13Sep2025 21:39:18.653] [main/DEBUG] [mixin/]: Instancing new MixinPlatformAgentMinecraftForge for SecureJarResource(sereneseasons)
[13Sep2025 21:39:18.654] [main/DEBUG] [mixin/]: MixinPlatformAgentMinecraftForge rejected container SecureJarResource(sereneseasons)
[13Sep2025 21:39:18.654] [main/DEBUG] [mixin/]: Instancing new MixinPlatformAgentDefault for SecureJarResource(sereneseasons)
[13Sep2025 21:39:18.654] [main/DEBUG] [mixin/]: MixinPlatformAgentDefault accepted container SecureJarResource(sereneseasons)
[13Sep2025 21:39:18.654] [main/DEBUG] [mixin/]: Processing prepare() for PlatformAgent[MixinPlatformAgentDefault:SecureJarResource(sereneseasons)]
[13Sep2025 21:39:18.654] [main/DEBUG] [mixin/]: Registering mixin config: sereneseasons.mixins.json
[13Sep2025 21:39:18.656] [main/DEBUG] [mixin/]: Registering mixin config: sereneseasons.forge.mixins.json
[13Sep2025 21:39:18.657] [main/DEBUG] [mixin/]: Adding mixin platform agents for container SecureJarResource(takesapillage)
[13Sep2025 21:39:18.657] [main/DEBUG] [mixin/]: Instancing new MixinPlatformAgentMinecraftForge for SecureJarResource(takesapillage)
[13Sep2025 21:39:18.657] [main/DEBUG] [mixin/]: MixinPlatformAgentMinecraftForge rejected container SecureJarResource(takesapillage)
[13Sep2025 21:39:18.657] [main/DEBUG] [mixin/]: Instancing new MixinPlatformAgentDefault for SecureJarResource(takesapillage)
[13Sep2025 21:39:18.657] [main/DEBUG] [mixin/]: MixinPlatformAgentDefault accepted container SecureJarResource(takesapillage)
[13Sep2025 21:39:18.658] [main/DEBUG] [mixin/]: Processing prepare() for PlatformAgent[MixinPlatformAgentDefault:SecureJarResource(takesapillage)]
[13Sep2025 21:39:18.658] [main/DEBUG] [mixin/]: Registering mixin config: takesapillage.mixins.json
[13Sep2025 21:39:18.659] [main/DEBUG] [mixin/]: Adding mixin platform agents for container SecureJarResource(balm)
[13Sep2025 21:39:18.659] [main/DEBUG] [mixin/]: Instancing new MixinPlatformAgentMinecraftForge for SecureJarResource(balm)
[13Sep2025 21:39:18.660] [main/DEBUG] [mixin/]: MixinPlatformAgentMinecraftForge rejected container SecureJarResource(balm)
[13Sep2025 21:39:18.660] [main/DEBUG] [mixin/]: Instancing new MixinPlatformAgentDefault for SecureJarResource(balm)
[13Sep2025 21:39:18.660] [main/DEBUG] [mixin/]: MixinPlatformAgentDefault accepted container SecureJarResource(balm)
[13Sep2025 21:39:18.660] [main/DEBUG] [mixin/]: Processing prepare() for PlatformAgent[MixinPlatformAgentDefault:SecureJarResource(balm)]
[13Sep2025 21:39:18.660] [main/DEBUG] [mixin/]: Registering mixin config: balm.mixins.json
[13Sep2025 21:39:18.662] [main/DEBUG] [mixin/]: Adding mixin platform agents for container SecureJarResource(fusion)
[13Sep2025 21:39:18.662] [main/DEBUG] [mixin/]: Instancing new MixinPlatformAgentMinecraftForge for SecureJarResource(fusion)
[13Sep2025 21:39:18.662] [main/DEBUG] [mixin/]: MixinPlatformAgentMinecraftForge rejected container SecureJarResource(fusion)
[13Sep2025 21:39:18.662] [main/DEBUG] [mixin/]: Instancing new MixinPlatformAgentDefault for SecureJarResource(fusion)
[13Sep2025 21:39:18.662] [main/DEBUG] [mixin/]: MixinPlatformAgentDefault accepted container SecureJarResource(fusion)
[13Sep2025 21:39:18.662] [main/DEBUG] [mixin/]: Processing prepare() for PlatformAgent[MixinPlatformAgentDefault:SecureJarResource(fusion)]
[13Sep2025 21:39:18.662] [main/DEBUG] [mixin/]: Registering mixin config: fusion.mixins.json
[13Sep2025 21:39:18.664] [main/DEBUG] [mixin/]: Adding mixin platform agents for container SecureJarResource(forge)
[13Sep2025 21:39:18.664] [main/DEBUG] [mixin/]: Instancing new MixinPlatformAgentMinecraftForge for SecureJarResource(forge)
[13Sep2025 21:39:18.664] [main/DEBUG] [mixin/]: MixinPlatformAgentMinecraftForge rejected container SecureJarResource(forge)
[13Sep2025 21:39:18.664] [main/DEBUG] [mixin/]: Instancing new MixinPlatformAgentDefault for SecureJarResource(forge)
[13Sep2025 21:39:18.664] [main/DEBUG] [mixin/]: MixinPlatformAgentDefault accepted container SecureJarResource(forge)
[13Sep2025 21:39:18.665] [main/DEBUG] [mixin/]: Processing prepare() for PlatformAgent[MixinPlatformAgentDefault:SecureJarResource(forge)]
[13Sep2025 21:39:18.665] [main/DEBUG] [mixin/]: Adding mixin platform agents for container SecureJarResource(friendsandfoes)
[13Sep2025 21:39:18.665] [main/DEBUG] [mixin/]: Instancing new MixinPlatformAgentMinecraftForge for SecureJarResource(friendsandfoes)
[13Sep2025 21:39:18.665] [main/DEBUG] [mixin/]: MixinPlatformAgentMinecraftForge rejected container SecureJarResource(friendsandfoes)
[13Sep2025 21:39:18.665] [main/DEBUG] [mixin/]: Instancing new MixinPlatformAgentDefault for SecureJarResource(friendsandfoes)
[13Sep2025 21:39:18.666] [main/DEBUG] [mixin/]: MixinPlatformAgentDefault accepted container SecureJarResource(friendsandfoes)
[13Sep2025 21:39:18.666] [main/DEBUG] [mixin/]: Processing prepare() for PlatformAgent[MixinPlatformAgentDefault:SecureJarResource(friendsandfoes)]
[13Sep2025 21:39:18.666] [main/DEBUG] [mixin/]: Registering mixin config: friendsandfoes-common.mixins.json
[13Sep2025 21:39:18.667] [main/DEBUG] [mixin/]: Registering mixin config: friendsandfoes-forge.mixins.json
[13Sep2025 21:39:18.668] [main/DEBUG] [mixin/]: Adding mixin platform agents for container SecureJarResource(antiqueatlas)
[13Sep2025 21:39:18.669] [main/DEBUG] [mixin/]: Instancing new MixinPlatformAgentMinecraftForge for SecureJarResource(antiqueatlas)
[13Sep2025 21:39:18.669] [main/DEBUG] [mixin/]: MixinPlatformAgentMinecraftForge rejected container SecureJarResource(antiqueatlas)
[13Sep2025 21:39:18.669] [main/DEBUG] [mixin/]: Instancing new MixinPlatformAgentDefault for SecureJarResource(antiqueatlas)
[13Sep2025 21:39:18.669] [main/DEBUG] [mixin/]: MixinPlatformAgentDefault accepted container SecureJarResource(antiqueatlas)
[13Sep2025 21:39:18.670] [main/DEBUG] [mixin/]: Processing prepare() for PlatformAgent[MixinPlatformAgentDefault:SecureJarResource(antiqueatlas)]
[13Sep2025 21:39:18.670] [main/DEBUG] [mixin/]: Registering mixin config: antiqueatlas.mixins.json
[13Sep2025 21:39:18.671] [main/DEBUG] [mixin/]: Adding mixin platform agents for container SecureJarResource(unionlib)
[13Sep2025 21:39:18.674] [main/DEBUG] [mixin/]: Instancing new MixinPlatformAgentMinecraftForge for SecureJarResource(unionlib)
[13Sep2025 21:39:18.674] [main/DEBUG] [mixin/]: MixinPlatformAgentMinecraftForge rejected container SecureJarResource(unionlib)
[13Sep2025 21:39:18.674] [main/DEBUG] [mixin/]: Instancing new MixinPlatformAgentDefault for SecureJarResource(unionlib)
[13Sep2025 21:39:18.674] [main/DEBUG] [mixin/]: MixinPlatformAgentDefault accepted container SecureJarResource(unionlib)
[13Sep2025 21:39:18.674] [main/DEBUG] [mixin/]: Processing prepare() for PlatformAgent[MixinPlatformAgentDefault:SecureJarResource(unionlib)]
[13Sep2025 21:39:18.674] [main/DEBUG] [mixin/]: Registering mixin config: unionlib.mixins.json
[13Sep2025 21:39:18.676] [main/DEBUG] [mixin/]: Registering mixin config: unionlib.insert.mixins.json
[13Sep2025 21:39:18.677] [main/DEBUG] [mixin/]: Registering mixin config: unionlib_potionfluid.mixins.json
[13Sep2025 21:39:18.681] [main/DEBUG] [mixin/]: Adding mixin platform agents for container SecureJarResource(minecraft)
[13Sep2025 21:39:18.681] [main/DEBUG] [mixin/]: Instancing new MixinPlatformAgentMinecraftForge for SecureJarResource(minecraft)
[13Sep2025 21:39:18.681] [main/DEBUG] [mixin/]: MixinPlatformAgentMinecraftForge rejected container SecureJarResource(minecraft)
[13Sep2025 21:39:18.681] [main/DEBUG] [mixin/]: Instancing new MixinPlatformAgentDefault for SecureJarResource(minecraft)
[13Sep2025 21:39:18.681] [main/DEBUG] [mixin/]: MixinPlatformAgentDefault accepted container SecureJarResource(minecraft)
[13Sep2025 21:39:18.681] [main/DEBUG] [mixin/]: Processing prepare() for PlatformAgent[MixinPlatformAgentDefault:SecureJarResource(minecraft)]
[13Sep2025 21:39:18.682] [main/DEBUG] [mixin/]: Adding mixin platform agents for container SecureJarResource(rustic_engineer)
[13Sep2025 21:39:18.682] [main/DEBUG] [mixin/]: Instancing new MixinPlatformAgentMinecraftForge for SecureJarResource(rustic_engineer)
[13Sep2025 21:39:18.682] [main/DEBUG] [mixin/]: MixinPlatformAgentMinecraftForge rejected container SecureJarResource(rustic_engineer)
[13Sep2025 21:39:18.682] [main/DEBUG] [mixin/]: Instancing new MixinPlatformAgentDefault for SecureJarResource(rustic_engineer)
[13Sep2025 21:39:18.682] [main/DEBUG] [mixin/]: MixinPlatformAgentDefault accepted container SecureJarResource(rustic_engineer)
[13Sep2025 21:39:18.682] [main/DEBUG] [mixin/]: Processing prepare() for PlatformAgent[MixinPlatformAgentDefault:SecureJarResource(rustic_engineer)]
[13Sep2025 21:39:18.682] [main/DEBUG] [mixin/]: Adding mixin platform agents for container SecureJarResource(realmrpg_skeletons)
[13Sep2025 21:39:18.682] [main/DEBUG] [mixin/]: Instancing new MixinPlatformAgentMinecraftForge for SecureJarResource(realmrpg_skeletons)
[13Sep2025 21:39:18.682] [main/DEBUG] [mixin/]: MixinPlatformAgentMinecraftForge rejected container SecureJarResource(realmrpg_skeletons)
[13Sep2025 21:39:18.682] [main/DEBUG] [mixin/]: Instancing new MixinPlatformAgentDefault for SecureJarResource(realmrpg_skeletons)
[13Sep2025 21:39:18.682] [main/DEBUG] [mixin/]: MixinPlatformAgentDefault accepted container SecureJarResource(realmrpg_skeletons)
[13Sep2025 21:39:18.682] [main/DEBUG] [mixin/]: Processing prepare() for PlatformAgent[MixinPlatformAgentDefault:SecureJarResource(realmrpg_skeletons)]
[13Sep2025 21:39:18.682] [main/DEBUG] [mixin/]: Adding mixin platform agents for container SecureJarResource(dark_souls_expansion)
[13Sep2025 21:39:18.683] [main/DEBUG] [mixin/]: Instancing new MixinPlatformAgentMinecraftForge for SecureJarResource(dark_souls_expansion)
[13Sep2025 21:39:18.683] [main/DEBUG] [mixin/]: MixinPlatformAgentMinecraftForge rejected container SecureJarResource(dark_souls_expansion)
[13Sep2025 21:39:18.683] [main/DEBUG] [mixin/]: Instancing new MixinPlatformAgentDefault for SecureJarResource(dark_souls_expansion)
[13Sep2025 21:39:18.683] [main/DEBUG] [mixin/]: MixinPlatformAgentDefault accepted container SecureJarResource(dark_souls_expansion)
[13Sep2025 21:39:18.683] [main/DEBUG] [mixin/]: Processing prepare() for PlatformAgent[MixinPlatformAgentDefault:SecureJarResource(dark_souls_expansion)]
[13Sep2025 21:39:18.683] [main/DEBUG] [mixin/]: Adding mixin platform agents for container SecureJarResource(unusual_furniture)
[13Sep2025 21:39:18.683] [main/DEBUG] [mixin/]: Instancing new MixinPlatformAgentMinecraftForge for SecureJarResource(unusual_furniture)
[13Sep2025 21:39:18.683] [main/DEBUG] [mixin/]: MixinPlatformAgentMinecraftForge rejected container SecureJarResource(unusual_furniture)
[13Sep2025 21:39:18.683] [main/DEBUG] [mixin/]: Instancing new MixinPlatformAgentDefault for SecureJarResource(unusual_furniture)
[13Sep2025 21:39:18.683] [main/DEBUG] [mixin/]: MixinPlatformAgentDefault accepted container SecureJarResource(unusual_furniture)
[13Sep2025 21:39:18.683] [main/DEBUG] [mixin/]: Processing prepare() for PlatformAgent[MixinPlatformAgentDefault:SecureJarResource(unusual_furniture)]
[13Sep2025 21:39:18.683] [main/DEBUG] [mixin/]: Adding mixin platform agents for container SecureJarResource(realisticforgingores)
[13Sep2025 21:39:18.683] [main/DEBUG] [mixin/]: Instancing new MixinPlatformAgentMinecraftForge for SecureJarResource(realisticforgingores)
[13Sep2025 21:39:18.683] [main/DEBUG] [mixin/]: MixinPlatformAgentMinecraftForge rejected container SecureJarResource(realisticforgingores)
[13Sep2025 21:39:18.683] [main/DEBUG] [mixin/]: Instancing new MixinPlatformAgentDefault for SecureJarResource(realisticforgingores)
[13Sep2025 21:39:18.684] [main/DEBUG] [mixin/]: MixinPlatformAgentDefault accepted container SecureJarResource(realisticforgingores)
[13Sep2025 21:39:18.684] [main/DEBUG] [mixin/]: Processing prepare() for PlatformAgent[MixinPlatformAgentDefault:SecureJarResource(realisticforgingores)]
[13Sep2025 21:39:18.684] [main/DEBUG] [mixin/]: Adding mixin platform agents for container SecureJarResource(farmersdelight)
[13Sep2025 21:39:18.684] [main/DEBUG] [mixin/]: Instancing new MixinPlatformAgentMinecraftForge for SecureJarResource(farmersdelight)
[13Sep2025 21:39:18.684] [main/DEBUG] [mixin/]: MixinPlatformAgentMinecraftForge rejected container SecureJarResource(farmersdelight)
[13Sep2025 21:39:18.684] [main/DEBUG] [mixin/]: Instancing new MixinPlatformAgentDefault for SecureJarResource(farmersdelight)
[13Sep2025 21:39:18.684] [main/DEBUG] [mixin/]: MixinPlatformAgentDefault accepted container SecureJarResource(farmersdelight)
[13Sep2025 21:39:18.684] [main/DEBUG] [mixin/]: Processing prepare() for PlatformAgent[MixinPlatformAgentDefault:SecureJarResource(farmersdelight)]
[13Sep2025 21:39:18.684] [main/DEBUG] [mixin/]: Registering mixin config: farmersdelight.mixins.json
[13Sep2025 21:39:18.685] [main/DEBUG] [mixin/]: Adding mixin platform agents for container SecureJarResource(voicechat)
[13Sep2025 21:39:18.685] [main/DEBUG] [mixin/]: Instancing new MixinPlatformAgentMinecraftForge for SecureJarResource(voicechat)
[13Sep2025 21:39:18.685] [main/DEBUG] [mixin/]: MixinPlatformAgentMinecraftForge rejected container SecureJarResource(voicechat)
[13Sep2025 21:39:18.685] [main/DEBUG] [mixin/]: Instancing new MixinPlatformAgentDefault for SecureJarResource(voicechat)
[13Sep2025 21:39:18.685] [main/DEBUG] [mixin/]: MixinPlatformAgentDefault accepted container SecureJarResource(voicechat)
[13Sep2025 21:39:18.686] [main/DEBUG] [mixin/]: Processing prepare() for PlatformAgent[MixinPlatformAgentDefault:SecureJarResource(voicechat)]
[13Sep2025 21:39:18.686] [main/DEBUG] [mixin/]: Adding mixin platform agents for container SecureJarResource(moonlight)
[13Sep2025 21:39:18.686] [main/DEBUG] [mixin/]: Instancing new MixinPlatformAgentMinecraftForge for SecureJarResource(moonlight)
[13Sep2025 21:39:18.686] [main/DEBUG] [mixin/]: MixinPlatformAgentMinecraftForge rejected container SecureJarResource(moonlight)
[13Sep2025 21:39:18.686] [main/DEBUG] [mixin/]: Instancing new MixinPlatformAgentDefault for SecureJarResource(moonlight)
[13Sep2025 21:39:18.686] [main/DEBUG] [mixin/]: MixinPlatformAgentDefault accepted container SecureJarResource(moonlight)
[13Sep2025 21:39:18.686] [main/DEBUG] [mixin/]: Processing prepare() for PlatformAgent[MixinPlatformAgentDefault:SecureJarResource(moonlight)]
[13Sep2025 21:39:18.686] [main/DEBUG] [mixin/]: Registering mixin config: moonlight-common.mixins.json
[13Sep2025 21:39:18.687] [main/DEBUG] [mixin/]: Registering mixin config: moonlight.mixins.json
[13Sep2025 21:39:18.688] [main/DEBUG] [mixin/]: Adding mixin platform agents for container SecureJarResource(endrem)
[13Sep2025 21:39:18.689] [main/DEBUG] [mixin/]: Instancing new MixinPlatformAgentMinecraftForge for SecureJarResource(endrem)
[13Sep2025 21:39:18.689] [main/DEBUG] [mixin/]: MixinPlatformAgentMinecraftForge rejected container SecureJarResource(endrem)
[13Sep2025 21:39:18.689] [main/DEBUG] [mixin/]: Instancing new MixinPlatformAgentDefault for SecureJarResource(endrem)
[13Sep2025 21:39:18.689] [main/DEBUG] [mixin/]: MixinPlatformAgentDefault accepted container SecureJarResource(endrem)
[13Sep2025 21:39:18.689] [main/DEBUG] [mixin/]: Processing prepare() for PlatformAgent[MixinPlatformAgentDefault:SecureJarResource(endrem)]
[13Sep2025 21:39:18.689] [main/DEBUG] [mixin/]: Registering mixin config: endrem.mixins.json
[13Sep2025 21:39:18.690] [main/DEBUG] [mixin/]: Adding mixin platform agents for container SecureJarResource(medievalembroidery)
[13Sep2025 21:39:18.690] [main/DEBUG] [mixin/]: Instancing new MixinPlatformAgentMinecraftForge for SecureJarResource(medievalembroidery)
[13Sep2025 21:39:18.690] [main/DEBUG] [mixin/]: MixinPlatformAgentMinecraftForge rejected container SecureJarResource(medievalembroidery)
[13Sep2025 21:39:18.690] [main/DEBUG] [mixin/]: Instancing new MixinPlatformAgentDefault for SecureJarResource(medievalembroidery)
[13Sep2025 21:39:18.690] [main/DEBUG] [mixin/]: MixinPlatformAgentDefault accepted container SecureJarResource(medievalembroidery)
[13Sep2025 21:39:18.690] [main/DEBUG] [mixin/]: Processing prepare() for PlatformAgent[MixinPlatformAgentDefault:SecureJarResource(medievalembroidery)]
[13Sep2025 21:39:18.690] [main/DEBUG] [mixin/]: Adding mixin platform agents for container SecureJarResource(philipsruins)
[13Sep2025 21:39:18.690] [main/DEBUG] [mixin/]: Instancing new MixinPlatformAgentMinecraftForge for SecureJarResource(philipsruins)
[13Sep2025 21:39:18.691] [main/DEBUG] [mixin/]: MixinPlatformAgentMinecraftForge rejected container SecureJarResource(philipsruins)
[13Sep2025 21:39:18.691] [main/DEBUG] [mixin/]: Instancing new MixinPlatformAgentDefault for SecureJarResource(philipsruins)
[13Sep2025 21:39:18.691] [main/DEBUG] [mixin/]: MixinPlatformAgentDefault accepted container SecureJarResource(philipsruins)
[13Sep2025 21:39:18.691] [main/DEBUG] [mixin/]: Processing prepare() for PlatformAgent[MixinPlatformAgentDefault:SecureJarResource(philipsruins)]
[13Sep2025 21:39:18.691] [main/DEBUG] [mixin/]: Adding mixin platform agents for container SecureJarResource(patchouli)
[13Sep2025 21:39:18.691] [main/DEBUG] [mixin/]: Instancing new MixinPlatformAgentMinecraftForge for SecureJarResource(patchouli)
[13Sep2025 21:39:18.691] [main/DEBUG] [mixin/]: MixinPlatformAgentMinecraftForge rejected container SecureJarResource(patchouli)
[13Sep2025 21:39:18.691] [main/DEBUG] [mixin/]: Instancing new MixinPlatformAgentDefault for SecureJarResource(patchouli)
[13Sep2025 21:39:18.691] [main/DEBUG] [mixin/]: MixinPlatformAgentDefault accepted container SecureJarResource(patchouli)
[13Sep2025 21:39:18.691] [main/DEBUG] [mixin/]: Processing prepare() for PlatformAgent[MixinPlatformAgentDefault:SecureJarResource(patchouli)]
[13Sep2025 21:39:18.691] [main/DEBUG] [mixin/]: Registering mixin config: patchouli_xplat.mixins.json
[13Sep2025 21:39:18.692] [main/DEBUG] [mixin/]: Adding mixin platform agents for container SecureJarResource(bettervillage)
[13Sep2025 21:39:18.692] [main/DEBUG] [mixin/]: Instancing new MixinPlatformAgentMinecraftForge for SecureJarResource(bettervillage)
[13Sep2025 21:39:18.692] [main/DEBUG] [mixin/]: MixinPlatformAgentMinecraftForge rejected container SecureJarResource(bettervillage)
[13Sep2025 21:39:18.693] [main/DEBUG] [mixin/]: Instancing new MixinPlatformAgentDefault for SecureJarResource(bettervillage)
[13Sep2025 21:39:18.693] [main/DEBUG] [mixin/]: MixinPlatformAgentDefault accepted container SecureJarResource(bettervillage)
[13Sep2025 21:39:18.693] [main/DEBUG] [mixin/]: Processing prepare() for PlatformAgent[MixinPlatformAgentDefault:SecureJarResource(bettervillage)]
[13Sep2025 21:39:18.693] [main/DEBUG] [mixin/]: Registering mixin config: bettervillage.mixins.json
[13Sep2025 21:39:18.694] [main/DEBUG] [mixin/]: Adding mixin platform agents for container SecureJarResource(canary)
[13Sep2025 21:39:18.694] [main/DEBUG] [mixin/]: Instancing new MixinPlatformAgentMinecraftForge for SecureJarResource(canary)
[13Sep2025 21:39:18.694] [main/DEBUG] [mixin/]: MixinPlatformAgentMinecraftForge rejected container SecureJarResource(canary)
[13Sep2025 21:39:18.694] [main/DEBUG] [mixin/]: Instancing new MixinPlatformAgentDefault for SecureJarResource(canary)
[13Sep2025 21:39:18.694] [main/DEBUG] [mixin/]: MixinPlatformAgentDefault accepted container SecureJarResource(canary)
[13Sep2025 21:39:18.694] [main/DEBUG] [mixin/]: Processing prepare() for PlatformAgent[MixinPlatformAgentDefault:SecureJarResource(canary)]
[13Sep2025 21:39:18.694] [main/DEBUG] [mixin/]: Registering mixin config: canary.mixins.json
[13Sep2025 21:39:18.696] [main/DEBUG] [mixin/]: Adding mixin platform agents for container SecureJarResource(dawnoftimebuilder)
[13Sep2025 21:39:18.696] [main/DEBUG] [mixin/]: Instancing new MixinPlatformAgentMinecraftForge for SecureJarResource(dawnoftimebuilder)
[13Sep2025 21:39:18.696] [main/DEBUG] [mixin/]: MixinPlatformAgentMinecraftForge rejected container SecureJarResource(dawnoftimebuilder)
[13Sep2025 21:39:18.696] [main/DEBUG] [mixin/]: Instancing new MixinPlatformAgentDefault for SecureJarResource(dawnoftimebuilder)
[13Sep2025 21:39:18.696] [main/DEBUG] [mixin/]: MixinPlatformAgentDefault accepted container SecureJarResource(dawnoftimebuilder)
[13Sep2025 21:39:18.696] [main/DEBUG] [mixin/]: Processing prepare() for PlatformAgent[MixinPlatformAgentDefault:SecureJarResource(dawnoftimebuilder)]
[13Sep2025 21:39:18.696] [main/DEBUG] [mixin/]: Registering mixin config: dawnoftimebuilder.mixins.json
[13Sep2025 21:39:18.697] [main/DEBUG] [mixin/]: Registering mixin config: dawnoftimebuilder.forge.mixins.json
[13Sep2025 21:39:18.698] [main/DEBUG] [mixin/]: Adding mixin platform agents for container SecureJarResource(betterarcheology)
[13Sep2025 21:39:18.698] [main/DEBUG] [mixin/]: Instancing new MixinPlatformAgentMinecraftForge for SecureJarResource(betterarcheology)
[13Sep2025 21:39:18.698] [main/DEBUG] [mixin/]: MixinPlatformAgentMinecraftForge rejected container SecureJarResource(betterarcheology)
[13Sep2025 21:39:18.698] [main/DEBUG] [mixin/]: Instancing new MixinPlatformAgentDefault for SecureJarResource(betterarcheology)
[13Sep2025 21:39:18.698] [main/DEBUG] [mixin/]: MixinPlatformAgentDefault accepted container SecureJarResource(betterarcheology)
[13Sep2025 21:39:18.698] [main/DEBUG] [mixin/]: Processing prepare() for PlatformAgent[MixinPlatformAgentDefault:SecureJarResource(betterarcheology)]
[13Sep2025 21:39:18.698] [main/DEBUG] [mixin/]: Registering mixin config: betterarcheology.mixins.json
[13Sep2025 21:39:18.700] [main/DEBUG] [mixin/]: Adding mixin platform agents for container SecureJarResource(farmers_structures)
[13Sep2025 21:39:18.700] [main/DEBUG] [mixin/]: Instancing new MixinPlatformAgentMinecraftForge for SecureJarResource(farmers_structures)
[13Sep2025 21:39:18.700] [main/DEBUG] [mixin/]: MixinPlatformAgentMinecraftForge rejected container SecureJarResource(farmers_structures)
[13Sep2025 21:39:18.700] [main/DEBUG] [mixin/]: Instancing new MixinPlatformAgentDefault for SecureJarResource(farmers_structures)
[13Sep2025 21:39:18.700] [main/DEBUG] [mixin/]: MixinPlatformAgentDefault accepted container SecureJarResource(farmers_structures)
[13Sep2025 21:39:18.700] [main/DEBUG] [mixin/]: Processing prepare() for PlatformAgent[MixinPlatformAgentDefault:SecureJarResource(farmers_structures)]
[13Sep2025 21:39:18.700] [main/DEBUG] [mixin/]: Adding mixin platform agents for container SecureJarResource(appleskin)
[13Sep2025 21:39:18.700] [main/DEBUG] [mixin/]: Instancing new MixinPlatformAgentMinecraftForge for SecureJarResource(appleskin)
[13Sep2025 21:39:18.700] [main/DEBUG] [mixin/]: MixinPlatformAgentMinecraftForge rejected container SecureJarResource(appleskin)
[13Sep2025 21:39:18.700] [main/DEBUG] [mixin/]: Instancing new MixinPlatformAgentDefault for SecureJarResource(appleskin)
[13Sep2025 21:39:18.700] [main/DEBUG] [mixin/]: MixinPlatformAgentDefault accepted container SecureJarResource(appleskin)
[13Sep2025 21:39:18.700] [main/DEBUG] [mixin/]: Processing prepare() for PlatformAgent[MixinPlatformAgentDefault:SecureJarResource(appleskin)]
[13Sep2025 21:39:18.700] [main/DEBUG] [mixin/]: Adding mixin platform agents for container SecureJarResource(ferritecore)
[13Sep2025 21:39:18.701] [main/DEBUG] [mixin/]: Instancing new MixinPlatformAgentMinecraftForge for SecureJarResource(ferritecore)
[13Sep2025 21:39:18.701] [main/DEBUG] [mixin/]: MixinPlatformAgentMinecraftForge rejected container SecureJarResource(ferritecore)
[13Sep2025 21:39:18.701] [main/DEBUG] [mixin/]: Instancing new MixinPlatformAgentDefault for SecureJarResource(ferritecore)
[13Sep2025 21:39:18.701] [main/DEBUG] [mixin/]: MixinPlatformAgentDefault accepted container SecureJarResource(ferritecore)
[13Sep2025 21:39:18.701] [main/DEBUG] [mixin/]: Processing prepare() for PlatformAgent[MixinPlatformAgentDefault:SecureJarResource(ferritecore)]
[13Sep2025 21:39:18.701] [main/DEBUG] [mixin/]: Registering mixin config: ferritecore.predicates.mixin.json
[13Sep2025 21:39:18.702] [main/DEBUG] [mixin/]: Registering mixin config: ferritecore.fastmap.mixin.json
[13Sep2025 21:39:18.703] [main/DEBUG] [mixin/]: Registering mixin config: ferritecore.mrl.mixin.json
[13Sep2025 21:39:18.704] [main/DEBUG] [mixin/]: Registering mixin config: ferritecore.dedupmultipart.mixin.json
[13Sep2025 21:39:18.705] [main/DEBUG] [mixin/]: Registering mixin config: ferritecore.blockstatecache.mixin.json
[13Sep2025 21:39:18.706] [main/DEBUG] [mixin/]: Registering mixin config: ferritecore.dedupbakedquad.mixin.json
[13Sep2025 21:39:18.707] [main/DEBUG] [mixin/]: Registering mixin config: ferritecore.threaddetec.mixin.json
[13Sep2025 21:39:18.708] [main/DEBUG] [mixin/]: Registering mixin config: ferritecore.modelsides.mixin.json
[13Sep2025 21:39:18.709] [main/DEBUG] [mixin/]: Adding mixin platform agents for container SecureJarResource(chimes)
[13Sep2025 21:39:18.709] [main/DEBUG] [mixin/]: Instancing new MixinPlatformAgentMinecraftForge for SecureJarResource(chimes)
[13Sep2025 21:39:18.709] [main/DEBUG] [mixin/]: MixinPlatformAgentMinecraftForge rejected container SecureJarResource(chimes)
[13Sep2025 21:39:18.709] [main/DEBUG] [mixin/]: Instancing new MixinPlatformAgentDefault for SecureJarResource(chimes)
[13Sep2025 21:39:18.710] [main/DEBUG] [mixin/]: MixinPlatformAgentDefault accepted container SecureJarResource(chimes)
[13Sep2025 21:39:18.710] [main/DEBUG] [mixin/]: Processing prepare() for PlatformAgent[MixinPlatformAgentDefault:SecureJarResource(chimes)]
[13Sep2025 21:39:18.710] [main/DEBUG] [mixin/]: Adding mixin platform agents for container SecureJarResource(oceanicrealms)
[13Sep2025 21:39:18.710] [main/DEBUG] [mixin/]: Instancing new MixinPlatformAgentMinecraftForge for SecureJarResource(oceanicrealms)
[13Sep2025 21:39:18.710] [main/DEBUG] [mixin/]: MixinPlatformAgentMinecraftForge rejected container SecureJarResource(oceanicrealms)
[13Sep2025 21:39:18.710] [main/DEBUG] [mixin/]: Instancing new MixinPlatformAgentDefault for SecureJarResource(oceanicrealms)
[13Sep2025 21:39:18.710] [main/DEBUG] [mixin/]: MixinPlatformAgentDefault accepted container SecureJarResource(oceanicrealms)
[13Sep2025 21:39:18.710] [main/DEBUG] [mixin/]: Processing prepare() for PlatformAgent[MixinPlatformAgentDefault:SecureJarResource(oceanicrealms)]
[13Sep2025 21:39:18.710] [main/DEBUG] [mixin/]: Registering mixin config: oceanicrealms.mixin.json
[13Sep2025 21:39:18.711] [main/DEBUG] [mixin/]: Adding mixin platform agents for container SecureJarResource(mclib)
[13Sep2025 21:39:18.712] [main/DEBUG] [mixin/]: Instancing new MixinPlatformAgentMinecraftForge for SecureJarResource(mclib)
[13Sep2025 21:39:18.712] [main/DEBUG] [mixin/]: MixinPlatformAgentMinecraftForge rejected container SecureJarResource(mclib)
[13Sep2025 21:39:18.712] [main/DEBUG] [mixin/]: Instancing new MixinPlatformAgentDefault for SecureJarResource(mclib)
[13Sep2025 21:39:18.712] [main/DEBUG] [mixin/]: MixinPlatformAgentDefault accepted container SecureJarResource(mclib)
[13Sep2025 21:39:18.712] [main/DEBUG] [mixin/]: Processing prepare() for PlatformAgent[MixinPlatformAgentDefault:SecureJarResource(mclib)]
[13Sep2025 21:39:18.712] [main/DEBUG] [mixin/]: Adding mixin platform agents for container SecureJarResource(tomlj)
[13Sep2025 21:39:18.712] [main/DEBUG] [mixin/]: Instancing new MixinPlatformAgentMinecraftForge for SecureJarResource(tomlj)
[13Sep2025 21:39:18.712] [main/DEBUG] [mixin/]: MixinPlatformAgentMinecraftForge rejected container SecureJarResource(tomlj)
[13Sep2025 21:39:18.712] [main/DEBUG] [mixin/]: Instancing new MixinPlatformAgentDefault for SecureJarResource(tomlj)
[13Sep2025 21:39:18.712] [main/DEBUG] [mixin/]: MixinPlatformAgentDefault accepted container SecureJarResource(tomlj)
[13Sep2025 21:39:18.712] [main/DEBUG] [mixin/]: Processing prepare() for PlatformAgent[MixinPlatformAgentDefault:SecureJarResource(tomlj)]
[13Sep2025 21:39:18.712] [main/DEBUG] [mixin/]: Adding mixin platform agents for container SecureJarResource(MixinExtras)
[13Sep2025 21:39:18.712] [main/DEBUG] [mixin/]: Instancing new MixinPlatformAgentMinecraftForge for SecureJarResource(MixinExtras)
[13Sep2025 21:39:18.712] [main/DEBUG] [mixin/]: MixinPlatformAgentMinecraftForge rejected container SecureJarResource(MixinExtras)
[13Sep2025 21:39:18.713] [main/DEBUG] [mixin/]: Instancing new MixinPlatformAgentDefault for SecureJarResource(MixinExtras)
[13Sep2025 21:39:18.713] [main/DEBUG] [mixin/]: MixinPlatformAgentDefault accepted container SecureJarResource(MixinExtras)
[13Sep2025 21:39:18.713] [main/DEBUG] [mixin/]: Processing prepare() for PlatformAgent[MixinPlatformAgentDefault:SecureJarResource(MixinExtras)]
[13Sep2025 21:39:18.713] [main/DEBUG] [mixin/]: inject() running with 50 agents
[13Sep2025 21:39:18.713] [main/DEBUG] [mixin/]: Processing inject() for PlatformAgent[MixinPlatformAgentDefault:ModLauncher Root Container(ModLauncher:4f56a0a2)]
[13Sep2025 21:39:18.713] [main/DEBUG] [mixin/]: Processing inject() for PlatformAgent[MixinPlatformAgentDefault:SecureJarResource(treechop)]
[13Sep2025 21:39:18.713] [main/DEBUG] [mixin/]: Processing inject() for PlatformAgent[MixinPlatformAgentDefault:SecureJarResource(kuma_api)]
[13Sep2025 21:39:18.713] [main/DEBUG] [mixin/]: Processing inject() for PlatformAgent[MixinPlatformAgentDefault:SecureJarResource(supermartijn642configlib)]
[13Sep2025 21:39:18.713] [main/DEBUG] [mixin/]: Processing inject() for PlatformAgent[MixinPlatformAgentDefault:SecureJarResource(geckolib)]
[13Sep2025 21:39:18.713] [main/DEBUG] [mixin/]: Processing inject() for PlatformAgent[MixinPlatformAgentDefault:SecureJarResource(playeranimator)]
[13Sep2025 21:39:18.713] [main/DEBUG] [mixin/]: Processing inject() for PlatformAgent[MixinPlatformAgentDefault:SecureJarResource(jei)]
[13Sep2025 21:39:18.713] [main/DEBUG] [mixin/]: Processing inject() for PlatformAgent[MixinPlatformAgentDefault:SecureJarResource(libraryferret)]
[13Sep2025 21:39:18.713] [main/DEBUG] [mixin/]: Processing inject() for PlatformAgent[MixinPlatformAgentDefault:SecureJarResource(companions)]
[13Sep2025 21:39:18.713] [main/DEBUG] [mixin/]: Processing inject() for PlatformAgent[MixinPlatformAgentDefault:SecureJarResource(immersive_weathering)]
[13Sep2025 21:39:18.714] [main/DEBUG] [mixin/]: Processing inject() for PlatformAgent[MixinPlatformAgentDefault:SecureJarResource(waystones)]
[13Sep2025 21:39:18.714] [main/DEBUG] [mixin/]: Processing inject() for PlatformAgent[MixinPlatformAgentDefault:SecureJarResource(epicfight)]
[13Sep2025 21:39:18.714] [main/DEBUG] [mixin/]: Processing inject() for PlatformAgent[MixinPlatformAgentDefault:SecureJarResource(yyzsbackpack)]
[13Sep2025 21:39:18.714] [main/DEBUG] [mixin/]: Processing inject() for PlatformAgent[MixinPlatformAgentDefault:SecureJarResource(yungsapi)]
[13Sep2025 21:39:18.714] [main/DEBUG] [mixin/]: Processing inject() for PlatformAgent[MixinPlatformAgentDefault:SecureJarResource(mixinextras)]
[13Sep2025 21:39:18.714] [main/DEBUG] [mixin/]: Processing inject() for PlatformAgent[MixinPlatformAgentDefault:SecureJarResource(knightlib)]
[13Sep2025 21:39:18.714] [main/DEBUG] [mixin/]: Processing inject() for PlatformAgent[MixinPlatformAgentDefault:SecureJarResource(glitchcore)]
[13Sep2025 21:39:18.714] [main/DEBUG] [mixin/]: Processing inject() for PlatformAgent[MixinPlatformAgentDefault:SecureJarResource(sereneseasons)]
[13Sep2025 21:39:18.714] [main/DEBUG] [mixin/]: Processing inject() for PlatformAgent[MixinPlatformAgentDefault:SecureJarResource(takesapillage)]
[13Sep2025 21:39:18.714] [main/DEBUG] [mixin/]: Processing inject() for PlatformAgent[MixinPlatformAgentDefault:SecureJarResource(balm)]
[13Sep2025 21:39:18.714] [main/DEBUG] [mixin/]: Processing inject() for PlatformAgent[MixinPlatformAgentDefault:SecureJarResource(fusion)]
[13Sep2025 21:39:18.714] [main/DEBUG] [mixin/]: Processing inject() for PlatformAgent[MixinPlatformAgentDefault:SecureJarResource(forge)]
[13Sep2025 21:39:18.714] [main/DEBUG] [mixin/]: Processing inject() for PlatformAgent[MixinPlatformAgentDefault:SecureJarResource(friendsandfoes)]
[13Sep2025 21:39:18.714] [main/DEBUG] [mixin/]: Processing inject() for PlatformAgent[MixinPlatformAgentDefault:SecureJarResource(antiqueatlas)]
[13Sep2025 21:39:18.714] [main/DEBUG] [mixin/]: Processing inject() for PlatformAgent[MixinPlatformAgentDefault:SecureJarResource(unionlib)]
[13Sep2025 21:39:18.714] [main/DEBUG] [mixin/]: Processing inject() for PlatformAgent[MixinPlatformAgentDefault:SecureJarResource(minecraft)]
[13Sep2025 21:39:18.715] [main/DEBUG] [mixin/]: Processing inject() for PlatformAgent[MixinPlatformAgentDefault:SecureJarResource(rustic_engineer)]
[13Sep2025 21:39:18.715] [main/DEBUG] [mixin/]: Processing inject() for PlatformAgent[MixinPlatformAgentDefault:SecureJarResource(realmrpg_skeletons)]
[13Sep2025 21:39:18.715] [main/DEBUG] [mixin/]: Processing inject() for PlatformAgent[MixinPlatformAgentDefault:SecureJarResource(dark_souls_expansion)]
[13Sep2025 21:39:18.715] [main/DEBUG] [mixin/]: Processing inject() for PlatformAgent[MixinPlatformAgentDefault:SecureJarResource(unusual_furniture)]
[13Sep2025 21:39:18.715] [main/DEBUG] [mixin/]: Processing inject() for PlatformAgent[MixinPlatformAgentDefault:SecureJarResource(realisticforgingores)]
[13Sep2025 21:39:18.715] [main/DEBUG] [mixin/]: Processing inject() for PlatformAgent[MixinPlatformAgentDefault:SecureJarResource(farmersdelight)]
[13Sep2025 21:39:18.715] [main/DEBUG] [mixin/]: Processing inject() for PlatformAgent[MixinPlatformAgentDefault:SecureJarResource(voicechat)]
[13Sep2025 21:39:18.715] [main/DEBUG] [mixin/]: Processing inject() for PlatformAgent[MixinPlatformAgentDefault:SecureJarResource(moonlight)]
[13Sep2025 21:39:18.715] [main/DEBUG] [mixin/]: Processing inject() for PlatformAgent[MixinPlatformAgentDefault:SecureJarResource(endrem)]
[13Sep2025 21:39:18.715] [main/DEBUG] [mixin/]: Processing inject() for PlatformAgent[MixinPlatformAgentDefault:SecureJarResource(medievalembroidery)]
[13Sep2025 21:39:18.715] [main/DEBUG] [mixin/]: Processing inject() for PlatformAgent[MixinPlatformAgentDefault:SecureJarResource(philipsruins)]
[13Sep2025 21:39:18.715] [main/DEBUG] [mixin/]: Processing inject() for PlatformAgent[MixinPlatformAgentDefault:SecureJarResource(patchouli)]
[13Sep2025 21:39:18.715] [main/DEBUG] [mixin/]: Processing inject() for PlatformAgent[MixinPlatformAgentDefault:SecureJarResource(bettervillage)]
[13Sep2025 21:39:18.715] [main/DEBUG] [mixin/]: Processing inject() for PlatformAgent[MixinPlatformAgentDefault:SecureJarResource(canary)]
[13Sep2025 21:39:18.715] [main/DEBUG] [mixin/]: Processing inject() for PlatformAgent[MixinPlatformAgentDefault:SecureJarResource(dawnoftimebuilder)]
[13Sep2025 21:39:18.715] [main/DEBUG] [mixin/]: Processing inject() for PlatformAgent[MixinPlatformAgentDefault:SecureJarResource(betterarcheology)]
[13Sep2025 21:39:18.716] [main/DEBUG] [mixin/]: Processing inject() for PlatformAgent[MixinPlatformAgentDefault:SecureJarResource(farmers_structures)]
[13Sep2025 21:39:18.716] [main/DEBUG] [mixin/]: Processing inject() for PlatformAgent[MixinPlatformAgentDefault:SecureJarResource(appleskin)]
[13Sep2025 21:39:18.716] [main/DEBUG] [mixin/]: Processing inject() for PlatformAgent[MixinPlatformAgentDefault:SecureJarResource(ferritecore)]
[13Sep2025 21:39:18.716] [main/DEBUG] [mixin/]: Processing inject() for PlatformAgent[MixinPlatformAgentDefault:SecureJarResource(chimes)]
[13Sep2025 21:39:18.716] [main/DEBUG] [mixin/]: Processing inject() for PlatformAgent[MixinPlatformAgentDefault:SecureJarResource(oceanicrealms)]
[13Sep2025 21:39:18.716] [main/DEBUG] [mixin/]: Processing inject() for PlatformAgent[MixinPlatformAgentDefault:SecureJarResource(mclib)]
[13Sep2025 21:39:18.716] [main/DEBUG] [mixin/]: Processing inject() for PlatformAgent[MixinPlatformAgentDefault:SecureJarResource(tomlj)]
[13Sep2025 21:39:18.716] [main/DEBUG] [mixin/]: Processing inject() for PlatformAgent[MixinPlatformAgentDefault:SecureJarResource(MixinExtras)]
[13Sep2025 21:39:18.716] [main/INFO] [cpw.mods.modlauncher.LaunchServiceHandler/MODLAUNCHER]: Launching target 'forgeserver' with arguments [nogui]
[13Sep2025 21:39:18.743] [main/DEBUG] [mixin/]: Error cleaning class output directory: .mixin.out
[13Sep2025 21:39:18.744] [main/DEBUG] [mixin/]: Preparing mixins for MixinEnvironment[DEFAULT]
[13Sep2025 21:39:18.745] [main/DEBUG] [mixin/]: Selecting config treechop.mixins.json
[13Sep2025 21:39:18.748] [main/DEBUG] [mixin/]: Selecting config kuma_api.mixins.json
[13Sep2025 21:39:18.749] [main/DEBUG] [mixin/]: Selecting config kuma_api.forge.mixins.json
[13Sep2025 21:39:18.750] [main/DEBUG] [mixin/]: Selecting config geckolib.mixins.json
[13Sep2025 21:39:18.751] [main/DEBUG] [mixin/]: Selecting config playerAnimator-common.mixins.json
[13Sep2025 21:39:18.761] [main/DEBUG] [mixin/]: Selecting config companions.mixins.json
[13Sep2025 21:39:18.762] [main/DEBUG] [mixin/]: Selecting config companions.forge.mixins.json
[13Sep2025 21:39:18.763] [main/DEBUG] [mixin/]: Selecting config immersive_weathering-common.mixins.json
[13Sep2025 21:39:18.765] [main/DEBUG] [mixin/]: Selecting config immersive_weathering.mixins.json
[13Sep2025 21:39:18.766] [main/DEBUG] [mixin/]: Selecting config waystones.mixins.json
[13Sep2025 21:39:18.767] [main/DEBUG] [mixin/]: Selecting config mixins.epicfight.json
[13Sep2025 21:39:18.769] [main/DEBUG] [mixin/]: Selecting config yyzsbackpack.mixins.json
[13Sep2025 21:39:18.774] [main/DEBUG] [mixin/]: Selecting config yyzsbackpack.forge.mixins.json
[13Sep2025 21:39:18.777] [main/DEBUG] [mixin/]: Selecting config yungsapi.mixins.json
[13Sep2025 21:39:18.782] [main/DEBUG] [mixin/]: Selecting config yungsapi_forge.mixins.json
[13Sep2025 21:39:18.784] [main/DEBUG] [mixin/]: Selecting config mixinextras.init.mixins.json
[13Sep2025 21:39:18.830] [main/DEBUG] [MixinExtras|Service/]: com.llamalad7.mixinextras.service.MixinExtrasServiceImpl(version=0.4.1) is taking over from null
[13Sep2025 21:39:18.878] [main/DEBUG] [mixin/]: Registering new injector for @Inject with org.spongepowered.asm.mixin.injection.struct.CallbackInjectionInfo
[13Sep2025 21:39:18.879] [main/DEBUG] [mixin/]: Registering new injector for @ModifyArg with org.spongepowered.asm.mixin.injection.struct.ModifyArgInjectionInfo
[13Sep2025 21:39:18.880] [main/DEBUG] [mixin/]: Registering new injector for @ModifyArgs with org.spongepowered.asm.mixin.injection.struct.ModifyArgsInjectionInfo
[13Sep2025 21:39:18.881] [main/DEBUG] [mixin/]: Registering new injector for @Redirect with org.spongepowered.asm.mixin.injection.struct.RedirectInjectionInfo
[13Sep2025 21:39:18.882] [main/DEBUG] [mixin/]: Registering new injector for @ModifyVariable with org.spongepowered.asm.mixin.injection.struct.ModifyVariableInjectionInfo
[13Sep2025 21:39:18.884] [main/DEBUG] [mixin/]: Registering new injector for @ModifyConstant with org.spongepowered.asm.mixin.injection.struct.ModifyConstantInjectionInfo
[13Sep2025 21:39:18.897] [main/DEBUG] [mixin/]: Selecting config knightlib.mixins.json
[13Sep2025 21:39:18.900] [main/DEBUG] [mixin/]: Selecting config knightlib.forge.mixins.json
[13Sep2025 21:39:18.901] [main/DEBUG] [mixin/]: Selecting config glitchcore.mixins.json
[13Sep2025 21:39:18.905] [main/DEBUG] [mixin/]: Selecting config glitchcore.forge.mixins.json
[13Sep2025 21:39:18.906] [main/DEBUG] [mixin/]: Selecting config sereneseasons.mixins.json
[13Sep2025 21:39:18.908] [main/DEBUG] [mixin/]: Selecting config sereneseasons.forge.mixins.json
[13Sep2025 21:39:18.909] [main/DEBUG] [mixin/]: Selecting config takesapillage.mixins.json
[13Sep2025 21:39:18.910] [main/DEBUG] [mixin/]: Selecting config balm.mixins.json
[13Sep2025 21:39:18.911] [main/DEBUG] [mixin/]: Selecting config fusion.mixins.json
[13Sep2025 21:39:18.918] [main/DEBUG] [mixin/]: Selecting config friendsandfoes-common.mixins.json
[13Sep2025 21:39:18.920] [main/DEBUG] [mixin/]: Selecting config friendsandfoes-forge.mixins.json
[13Sep2025 21:39:18.921] [main/DEBUG] [mixin/]: Selecting config antiqueatlas.mixins.json
[13Sep2025 21:39:18.923] [main/DEBUG] [mixin/]: Selecting config unionlib.mixins.json
[13Sep2025 21:39:18.926] [main/DEBUG] [mixin/]: Selecting config unionlib.insert.mixins.json
[13Sep2025 21:39:18.927] [main/DEBUG] [mixin/]: Selecting config unionlib_potionfluid.mixins.json
[13Sep2025 21:39:18.928] [main/DEBUG] [mixin/]: Selecting config farmersdelight.mixins.json
[13Sep2025 21:39:18.929] [main/DEBUG] [mixin/]: Selecting config moonlight-common.mixins.json
[13Sep2025 21:39:18.933] [main/DEBUG] [mixin/]: Selecting config moonlight.mixins.json
[13Sep2025 21:39:18.934] [main/DEBUG] [mixin/]: Selecting config endrem.mixins.json
[13Sep2025 21:39:18.938] [main/DEBUG] [mixin/]: Selecting config patchouli_xplat.mixins.json
[13Sep2025 21:39:18.941] [main/DEBUG] [mixin/]: Selecting config bettervillage.mixins.json
[13Sep2025 21:39:18.942] [main/DEBUG] [mixin/]: Selecting config canary.mixins.json
[13Sep2025 21:39:18.960] [main/INFO] [Canary/]: Loaded configuration file for Canary: 116 options available, 0 override(s) found
[13Sep2025 21:39:18.966] [main/DEBUG] [mixin/]: Selecting config dawnoftimebuilder.mixins.json
[13Sep2025 21:39:18.968] [main/DEBUG] [mixin/]: Selecting config dawnoftimebuilder.forge.mixins.json
[13Sep2025 21:39:18.970] [main/DEBUG] [mixin/]: Selecting config betterarcheology.mixins.json
[13Sep2025 21:39:18.971] [main/DEBUG] [mixin/]: Selecting config ferritecore.predicates.mixin.json
[13Sep2025 21:39:18.994] [main/DEBUG] [mixin/]: Selecting config ferritecore.fastmap.mixin.json
[13Sep2025 21:39:18.999] [main/DEBUG] [mixin/]: Selecting config ferritecore.mrl.mixin.json
[13Sep2025 21:39:19.001] [main/DEBUG] [mixin/]: Selecting config ferritecore.dedupmultipart.mixin.json
[13Sep2025 21:39:19.006] [main/DEBUG] [mixin/]: Selecting config ferritecore.blockstatecache.mixin.json
[13Sep2025 21:39:19.008] [main/DEBUG] [mixin/]: Selecting config ferritecore.dedupbakedquad.mixin.json
[13Sep2025 21:39:19.013] [main/DEBUG] [mixin/]: Selecting config ferritecore.threaddetec.mixin.json
[13Sep2025 21:39:19.018] [main/DEBUG] [mixin/]: Selecting config ferritecore.modelsides.mixin.json
[13Sep2025 21:39:19.020] [main/DEBUG] [mixin/]: Selecting config oceanicrealms.mixin.json
[13Sep2025 21:39:19.024] [main/DEBUG] [mixin/]: Preparing treechop.mixins.json (3)
[13Sep2025 21:39:19.124] [main/DEBUG] [mixin/]: Preparing kuma_api.mixins.json (1)
[13Sep2025 21:39:19.124] [main/DEBUG] [mixin/]: Preparing kuma_api.forge.mixins.json (0)
[13Sep2025 21:39:19.124] [main/DEBUG] [mixin/]: Preparing geckolib.mixins.json (1)
[13Sep2025 21:39:19.124] [main/DEBUG] [mixin/]: Preparing playerAnimator-common.mixins.json (14)
[13Sep2025 21:39:19.125] [main/DEBUG] [mixin/]: Preparing companions.mixins.json (2)
[13Sep2025 21:39:19.134] [main/DEBUG] [net.minecraftforge.coremod.transformer.CoreModBaseTransformer/COREMOD]: Transforming net/minecraft/world/entity/raid/Raid
[13Sep2025 21:39:19.566] [main/DEBUG] [mixin/]: Preparing companions.forge.mixins.json (5)
[13Sep2025 21:39:19.636] [main/DEBUG] [mixin/]: Preparing immersive_weathering-common.mixins.json (26)
[13Sep2025 21:39:19.727] [main/DEBUG] [net.minecraftforge.coremod.transformer.CoreModBaseTransformer/COREMOD]: Transforming net/minecraft/world/level/block/LiquidBlock
[13Sep2025 21:39:19.765] [main/DEBUG] [net.minecraftforge.coremod.transformer.CoreModBaseTransformer/COREMOD]: Transforming net/minecraft/world/level/biome/Biome
[13Sep2025 21:39:19.776] [main/DEBUG] [mixin/]: Preparing immersive_weathering.mixins.json (5)
[13Sep2025 21:39:19.780] [main/DEBUG] [mixin/]: Preparing waystones.mixins.json (3)
[13Sep2025 21:39:19.793] [main/DEBUG] [mixin/]: Preparing mixins.epicfight.json (33)
[13Sep2025 21:39:19.832] [main/DEBUG] [mixin/]: Preparing yyzsbackpack.mixins.json (31)
[13Sep2025 21:39:19.891] [main/DEBUG] [mixin/]: Preparing yyzsbackpack.forge.mixins.json (13)
[13Sep2025 21:39:19.898] [main/WARN] [mixin/]: Error loading class: appeng/menu/AEBaseMenu (java.lang.ClassNotFoundException: appeng.menu.AEBaseMenu)
[13Sep2025 21:39:19.898] [main/WARN] [mixin/]: @Mixin target appeng.menu.AEBaseMenu was not found yyzsbackpack.forge.mixins.json:compat.ae2.AEBaseMenuMixin
[13Sep2025 21:39:19.900] [main/WARN] [mixin/]: Error loading class: fuzs/slotcycler/client/HotbarCyclingProvider (java.lang.ClassNotFoundException: fuzs.slotcycler.client.HotbarCyclingProvider)
[13Sep2025 21:39:19.900] [main/WARN] [mixin/]: @Mixin target fuzs.slotcycler.client.HotbarCyclingProvider was not found yyzsbackpack.forge.mixins.json:compat.hotbarslotcycling.HotbarCyclingProviderMixin
[13Sep2025 21:39:19.902] [main/WARN] [mixin/]: Error loading class: de/rubixdev/inventorio/player/InventorioScreenHandler (java.lang.ClassNotFoundException: de.rubixdev.inventorio.player.InventorioScreenHandler)
[13Sep2025 21:39:19.902] [main/WARN] [mixin/]: @Mixin target de.rubixdev.inventorio.player.InventorioScreenHandler was not found yyzsbackpack.forge.mixins.json:compat.inventorio.InventorioScreenHandlerMixin
[13Sep2025 21:39:19.905] [main/WARN] [mixin/]: Error loading class: kirderf1/inventoryfree/InventoryEnforcer (java.lang.ClassNotFoundException: kirderf1.inventoryfree.InventoryEnforcer)
[13Sep2025 21:39:19.906] [main/WARN] [mixin/]: @Mixin target kirderf1.inventoryfree.InventoryEnforcer was not found yyzsbackpack.forge.mixins.json:compat.inventoryfree.InventoryEnforcerMixin
[13Sep2025 21:39:19.908] [main/WARN] [mixin/]: Error loading class: moonfather/workshop_for_handsome_adventurer/block_entities/SimpleTableMenu (java.lang.ClassNotFoundException: moonfather.workshop_for_handsome_adventurer.block_entities.SimpleTableMenu)
[13Sep2025 21:39:19.908] [main/WARN] [mixin/]: @Mixin target moonfather.workshop_for_handsome_adventurer.block_entities.SimpleTableMenu was not found yyzsbackpack.forge.mixins.json:compat.wfha.SimpleTableMenuMixin
[13Sep2025 21:39:19.908] [main/DEBUG] [mixin/]: Preparing yungsapi.mixins.json (11)
[13Sep2025 21:39:19.912] [main/DEBUG] [yungsapi/]: Loaded com.yungnickyoung.minecraft.yungsapi.services.ForgePlatformHelper@47044f7d for service interface com.yungnickyoung.minecraft.yungsapi.services.IPlatformHelper
[13Sep2025 21:39:19.914] [main/DEBUG] [yungsapi/]: Loaded com.yungnickyoung.minecraft.yungsapi.services.ForgeAutoRegisterHelper@4a642e4b for service interface com.yungnickyoung.minecraft.yungsapi.services.IAutoRegisterHelper
[13Sep2025 21:39:19.915] [main/DEBUG] [yungsapi/]: Loaded com.yungnickyoung.minecraft.yungsapi.services.ForgeBlockEntityTypeHelper@5eed6dfb for service interface com.yungnickyoung.minecraft.yungsapi.services.IBlockEntityTypeHelper
[13Sep2025 21:39:19.916] [main/DEBUG] [yungsapi/]: Loaded com.yungnickyoung.minecraft.yungsapi.services.ForgeParticleTypeHelper@7d3691e1 for service interface com.yungnickyoung.minecraft.yungsapi.services.IParticleTypeHelper
[13Sep2025 21:39:19.926] [main/DEBUG] [mixin/]: Preparing yungsapi_forge.mixins.json (1)
[13Sep2025 21:39:19.927] [main/DEBUG] [mixin/]: Preparing mixinextras.init.mixins.json (0)
[13Sep2025 21:39:19.927] [main/DEBUG] [mixin/]: Preparing knightlib.mixins.json (2)
[13Sep2025 21:39:19.927] [main/DEBUG] [mixin/]: Preparing knightlib.forge.mixins.json (0)
[13Sep2025 21:39:19.927] [main/DEBUG] [mixin/]: Preparing glitchcore.mixins.json (4)
[13Sep2025 21:39:19.931] [main/DEBUG] [net.minecraftforge.coremod.transformer.CoreModBaseTransformer/COREMOD]: Transforming net/minecraft/world/item/ItemStack
[13Sep2025 21:39:19.951] [main/DEBUG] [mixin/]: Preparing glitchcore.forge.mixins.json (7)
[13Sep2025 21:39:19.954] [main/DEBUG] [mixin/]: Preparing sereneseasons.mixins.json (6)
[13Sep2025 21:39:19.959] [main/DEBUG] [mixin/]: Preparing sereneseasons.forge.mixins.json (0)
[13Sep2025 21:39:19.959] [main/DEBUG] [mixin/]: Preparing takesapillage.mixins.json (3)
[13Sep2025 21:39:19.961] [main/DEBUG] [mixin/]: Preparing balm.mixins.json (16)
[13Sep2025 21:39:19.983] [main/DEBUG] [mixin/]: Preparing fusion.mixins.json (29)
[13Sep2025 21:39:19.984] [main/DEBUG] [mixin/]: Preparing friendsandfoes-common.mixins.json (47)
[13Sep2025 21:39:20.027] [main/DEBUG] [net.minecraftforge.coremod.transformer.CoreModBaseTransformer/COREMOD]: Transforming net/minecraft/world/level/levelgen/PatrolSpawner
[13Sep2025 21:39:20.063] [main/DEBUG] [mixin/]: Preparing friendsandfoes-forge.mixins.json (1)
[13Sep2025 21:39:20.064] [main/DEBUG] [mixin/]: Preparing antiqueatlas.mixins.json (6)
[13Sep2025 21:39:20.064] [main/DEBUG] [mixin/]: Preparing unionlib.mixins.json (23)
[13Sep2025 21:39:20.076] [main/DEBUG] [mixin/]: Preparing unionlib.insert.mixins.json (4)
[13Sep2025 21:39:20.077] [main/DEBUG] [mixin/]: Preparing unionlib_potionfluid.mixins.json (1)
[13Sep2025 21:39:20.078] [main/DEBUG] [mixin/]: Preparing farmersdelight.mixins.json (10)
[13Sep2025 21:39:20.087] [main/DEBUG] [mixin/]: Preparing moonlight-common.mixins.json (38)
[13Sep2025 21:39:20.132] [main/DEBUG] [net.minecraftforge.coremod.transformer.CoreModBaseTransformer/COREMOD]: Transforming net/minecraft/world/entity/npc/Villager
[13Sep2025 21:39:20.272] [main/DEBUG] [mixin/]: Preparing moonlight.mixins.json (12)
[13Sep2025 21:39:20.279] [main/DEBUG] [mixin/]: Preparing endrem.mixins.json (4)
[13Sep2025 21:39:20.285] [main/DEBUG] [mixin/]: Preparing patchouli_xplat.mixins.json (10)
[13Sep2025 21:39:20.287] [main/DEBUG] [mixin/]: Preparing bettervillage.mixins.json (2)
[13Sep2025 21:39:20.293] [main/DEBUG] [mixin/]: Preparing canary.mixins.json (203)
[13Sep2025 21:39:20.477] [main/DEBUG] [mixin/]: Preparing dawnoftimebuilder.mixins.json (3)
[13Sep2025 21:39:20.478] [main/DEBUG] [net.minecraftforge.coremod.transformer.CoreModBaseTransformer/COREMOD]: Transforming net/minecraft/world/item/BucketItem
[13Sep2025 21:39:20.483] [main/DEBUG] [mixin/]: Preparing dawnoftimebuilder.forge.mixins.json (0)
[13Sep2025 21:39:20.484] [main/DEBUG] [mixin/]: Preparing betterarcheology.mixins.json (6)
[13Sep2025 21:39:20.490] [main/DEBUG] [mixin/]: Preparing ferritecore.predicates.mixin.json (3)
[13Sep2025 21:39:20.490] [main/DEBUG] [mixin/]: Preparing ferritecore.fastmap.mixin.json (1)
[13Sep2025 21:39:20.492] [main/DEBUG] [mixin/]: Preparing ferritecore.mrl.mixin.json (2)
[13Sep2025 21:39:20.492] [main/DEBUG] [mixin/]: Preparing ferritecore.dedupmultipart.mixin.json (2)
[13Sep2025 21:39:20.492] [main/DEBUG] [mixin/]: Preparing ferritecore.blockstatecache.mixin.json (8)
[13Sep2025 21:39:20.498] [main/DEBUG] [mixin/]: Preparing ferritecore.dedupbakedquad.mixin.json (2)
[13Sep2025 21:39:20.498] [main/DEBUG] [mixin/]: Preparing ferritecore.threaddetec.mixin.json (1)
[13Sep2025 21:39:20.498] [main/DEBUG] [mixin/]: Preparing ferritecore.modelsides.mixin.json (1)
[13Sep2025 21:39:20.498] [main/DEBUG] [mixin/]: Preparing oceanicrealms.mixin.json (2)
[13Sep2025 21:39:20.545] [main/DEBUG] [mixin/]: Inner class glitchcore/forge/mixin/impl/MixinPacketHandler$1 in glitchcore/forge/mixin/impl/MixinPacketHandler on glitchcore/network/PacketHandler gets unique name glitchcore/network/PacketHandler$Anonymous$d7eb3484447b47ab85620fa8cce7aa2e
[13Sep2025 21:39:20.557] [main/DEBUG] [mixin/]: Inner class com/faboslav/friendsandfoes/common/mixin/LightningRodBlockMixin$1 in com/faboslav/friendsandfoes/common/mixin/LightningRodBlockMixin on net/minecraft/world/level/block/LightningRodBlock gets unique name net/minecraft/world/level/block/LightningRodBlock$Anonymous$2360d05be9ed4621a0f94ba5b74c7399
[13Sep2025 21:39:20.588] [main/DEBUG] [mixin/]: Inner class com/abdelaziz/canary/mixin/ai/poi/SectionStorageMixin$1 in com/abdelaziz/canary/mixin/ai/poi/SectionStorageMixin on net/minecraft/world/level/chunk/storage/SectionStorage gets unique name net/minecraft/world/level/chunk/storage/SectionStorage$Anonymous$e4c621f0bcdf4723b96ab7505b6004a3
[13Sep2025 21:39:20.596] [main/DEBUG] [mixin/]: Inner class com/abdelaziz/canary/mixin/chunk/palette/PalettedContainerMixin$1 in com/abdelaziz/canary/mixin/chunk/palette/PalettedContainerMixin on net/minecraft/world/level/chunk/PalettedContainer$Strategy gets unique name net/minecraft/world/level/chunk/PalettedContainer$Strategy$Anonymous$19aa0966e1c34dcf9cd109ba2da01d79
[13Sep2025 21:39:20.597] [main/DEBUG] [mixin/]: Inner class com/abdelaziz/canary/mixin/chunk/palette/PalettedContainerMixin$2 in com/abdelaziz/canary/mixin/chunk/palette/PalettedContainerMixin on net/minecraft/world/level/chunk/PalettedContainer$Strategy gets unique name net/minecraft/world/level/chunk/PalettedContainer$Strategy$Anonymous$575ca1d91bee417988a7eff8f3aa1bc8
[13Sep2025 21:39:20.620] [main/DEBUG] [mixin/]: Prepared 391 mixins in 1.875 sec (4.8ms avg) (0ms load, 0ms transform, 0ms plugin)
[13Sep2025 21:39:20.624] [main/INFO] [MixinExtras|Service/]: Initializing MixinExtras via com.llamalad7.mixinextras.service.MixinExtrasServiceImpl(version=0.4.1).
[13Sep2025 21:39:20.625] [main/DEBUG] [mixin/]: Registering new injector for @SugarWrapper with com.llamalad7.mixinextras.sugar.impl.SugarWrapperInjectionInfo
[13Sep2025 21:39:20.626] [main/DEBUG] [mixin/]: Registering new injector for @FactoryRedirectWrapper with com.llamalad7.mixinextras.wrapper.factory.FactoryRedirectWrapperInjectionInfo
[13Sep2025 21:39:20.630] [main/DEBUG] [mixin/]: Mixing server.MainMixin from unionlib.mixins.json into net.minecraft.server.Main
[13Sep2025 21:39:20.701] [main/DEBUG] [mixin/]: Mixing MinecraftServerMixin from balm.mixins.json into net.minecraft.server.MinecraftServer
[13Sep2025 21:39:20.704] [main/DEBUG] [mixin/]: Renaming synthetic method lambda$reloadResources$0(Ljava/lang/Void;)V to md089065$lambda$reloadResources$0$0 in balm.mixins.json:MinecraftServerMixin
[13Sep2025 21:39:20.715] [main/DEBUG] [mixin/]: Mixing MinecraftServerMixin from unionlib.mixins.json into net.minecraft.server.MinecraftServer
[13Sep2025 21:39:20.767] [main/DEBUG] [io.netty.util.internal.logging.InternalLoggerFactory/]: Using SLF4J as the default logging framework
[13Sep2025 21:39:20.769] [main/DEBUG] [io.netty.util.ResourceLeakDetector/]: -Dio.netty.leakDetection.level: simple
[13Sep2025 21:39:20.769] [main/DEBUG] [io.netty.util.ResourceLeakDetector/]: -Dio.netty.leakDetection.targetRecords: 4
[13Sep2025 21:39:20.920] [main/DEBUG] [oshi.util.FileUtil/]: No oshi.properties file found from ClassLoader cpw.mods.modlauncher.TransformingClassLoader@60df7989
[13Sep2025 21:39:20.920] [main/DEBUG] [oshi.util.FileUtil/]: No oshi.properties file found from ClassLoader jdk.internal.loader.ClassLoaders$AppClassLoader@76ed5528
[13Sep2025 21:39:20.974] [main/DEBUG] [oshi.util.FileUtil/]: Reading file /proc/self/auxv
[13Sep2025 21:39:20.975] [main/DEBUG] [oshi.util.FileUtil/]: Reading file /proc/self/auxv
[13Sep2025 21:39:20.982] [main/DEBUG] [oshi.util.FileUtil/]: Reading file /proc/stat
[13Sep2025 21:39:20.990] [main/DEBUG] [oshi.util.FileUtil/]: Reading file /sys/devices/system/cpu/cpu0/topology/core_id
[13Sep2025 21:39:20.990] [main/DEBUG] [oshi.util.FileUtil/]: Reading file /sys/devices/system/cpu/cpu0/topology/core_id
[13Sep2025 21:39:20.990] [main/DEBUG] [oshi.util.FileUtil/]: Reading file /sys/devices/system/cpu/cpu0/topology/physical_package_id
[13Sep2025 21:39:20.990] [main/DEBUG] [oshi.util.FileUtil/]: Reading file /sys/devices/system/cpu/cpu0/topology/physical_package_id
[13Sep2025 21:39:20.991] [main/DEBUG] [oshi.util.FileUtil/]: Reading file /sys/devices/system/cpu/cpu0/cpu_capacity
[13Sep2025 21:39:20.992] [main/DEBUG] [oshi.util.FileUtil/]: Reading file /sys/devices/system/cpu/cpu1/topology/core_id
[13Sep2025 21:39:20.992] [main/DEBUG] [oshi.util.FileUtil/]: Reading file /sys/devices/system/cpu/cpu1/topology/core_id
[13Sep2025 21:39:20.993] [main/DEBUG] [oshi.util.FileUtil/]: Reading file /sys/devices/system/cpu/cpu1/topology/physical_package_id
[13Sep2025 21:39:20.993] [main/DEBUG] [oshi.util.FileUtil/]: Reading file /sys/devices/system/cpu/cpu1/topology/physical_package_id
[13Sep2025 21:39:20.993] [main/DEBUG] [oshi.util.FileUtil/]: Reading file /sys/devices/system/cpu/cpu1/cpu_capacity
[13Sep2025 21:39:20.994] [main/DEBUG] [oshi.util.FileUtil/]: Reading file /sys/devices/system/cpu/cpu2/topology/core_id
[13Sep2025 21:39:20.994] [main/DEBUG] [oshi.util.FileUtil/]: Reading file /sys/devices/system/cpu/cpu2/topology/core_id
[13Sep2025 21:39:20.995] [main/DEBUG] [oshi.util.FileUtil/]: Reading file /sys/devices/system/cpu/cpu2/topology/physical_package_id
[13Sep2025 21:39:20.995] [main/DEBUG] [oshi.util.FileUtil/]: Reading file /sys/devices/system/cpu/cpu2/topology/physical_package_id
[13Sep2025 21:39:20.995] [main/DEBUG] [oshi.util.FileUtil/]: Reading file /sys/devices/system/cpu/cpu2/cpu_capacity
[13Sep2025 21:39:20.995] [main/DEBUG] [oshi.util.FileUtil/]: Reading file /sys/devices/system/cpu/cpu3/topology/core_id
[13Sep2025 21:39:20.996] [main/DEBUG] [oshi.util.FileUtil/]: Reading file /sys/devices/system/cpu/cpu3/topology/core_id
[13Sep2025 21:39:20.996] [main/DEBUG] [oshi.util.FileUtil/]: Reading file /sys/devices/system/cpu/cpu3/topology/physical_package_id
[13Sep2025 21:39:20.996] [main/DEBUG] [oshi.util.FileUtil/]: Reading file /sys/devices/system/cpu/cpu3/topology/physical_package_id
[13Sep2025 21:39:20.996] [main/DEBUG] [oshi.util.FileUtil/]: Reading file /sys/devices/system/cpu/cpu3/cpu_capacity
[13Sep2025 21:39:20.998] [main/DEBUG] [oshi.util.FileUtil/]: Reading file /proc/cpuinfo
[13Sep2025 21:39:21.007] [main/DEBUG] [oshi.util.FileUtil/]: Reading file /proc/self/auxv
[13Sep2025 21:39:21.009] [main/DEBUG] [oshi.util.FileUtil/]: No oshi.architecture.properties file found from ClassLoader cpw.mods.modlauncher.TransformingClassLoader@60df7989
[13Sep2025 21:39:21.009] [main/DEBUG] [oshi.util.FileUtil/]: No oshi.architecture.properties file found from ClassLoader jdk.internal.loader.ClassLoaders$AppClassLoader@76ed5528
[13Sep2025 21:39:21.024] [main/DEBUG] [oshi.util.FileUtil/]: Reading file /proc/meminfo
[13Sep2025 21:39:21.025] [main/DEBUG] [oshi.util.FileUtil/]: Reading file /proc/meminfo
[13Sep2025 21:39:21.034] [main/DEBUG] [mixin/]: Mixing math.sine_lut.MthMixin from canary.mixins.json into net.minecraft.util.Mth
[13Sep2025 21:39:21.139] [main/DEBUG] [mixin/]: Mixing shapes.blockstate_cache.BlockMixin from canary.mixins.json into net.minecraft.world.level.block.Block
[13Sep2025 21:39:21.139] [main/DEBUG] [mixin/]: Renaming synthetic method lambda$static$0(Lnet/minecraft/world/phys/shapes/VoxelShape;)Z to md089065$lambda$static$0$0 in canary.mixins.json:shapes.blockstate_cache.BlockMixin
[13Sep2025 21:39:21.142] [main/DEBUG] [mixin/]: Mixing LightningRodBlockBlockMixin from friendsandfoes-common.mixins.json into net.minecraft.world.level.block.Block
[13Sep2025 21:39:21.160] [main/DEBUG] [mixin/]: Mixing LightningRodAbstractBlockMixin from friendsandfoes-common.mixins.json into net.minecraft.world.level.block.state.BlockBehaviour
[13Sep2025 21:39:21.169] [main/DEBUG] [mixin/]: Mixing math.fast_blockpos.BlockPosMixin from canary.mixins.json into net.minecraft.core.BlockPos
[13Sep2025 21:39:21.202] [main/DEBUG] [mixin/]: Mixing MixinBlockStateBase from sereneseasons.mixins.json into net.minecraft.world.level.block.state.BlockBehaviour$BlockStateBase
[13Sep2025 21:39:21.204] [main/DEBUG] [mixin/]: Mixing ai.pathing.BlockStateBaseMixin from canary.mixins.json into net.minecraft.world.level.block.state.BlockBehaviour$BlockStateBase
[13Sep2025 21:39:21.214] [main/DEBUG] [mixin/]: Mixing BlockStateBaseMixin from ferritecore.blockstatecache.mixin.json into net.minecraft.world.level.block.state.BlockBehaviour$BlockStateBase
[13Sep2025 21:39:21.232] [main/DEBUG] [mixin/]: Mixing FastMapStateHolderMixin from ferritecore.fastmap.mixin.json into net.minecraft.world.level.block.state.StateHolder
[13Sep2025 21:39:21.265] [main/DEBUG] [mixin/]: Mixing EntityChopSettingsMixin from treechop.mixins.json into net.minecraft.world.entity.Entity
[13Sep2025 21:39:21.269] [main/DEBUG] [mixin/]: Mixing common.MixinEntity from mixins.epicfight.json into net.minecraft.world.entity.Entity
[13Sep2025 21:39:21.270] [main/DEBUG] [mixin/]: Renaming synthetic method lambda$lerpMotion$0(Lorg/spongepowered/asm/mixin/injection/callback/CallbackInfo;Lyesman/epicfight/world/capabilities/entitypatch/LivingEntityPatch;)V to md089065$lambda$lerpMotion$0$0 in mixins.epicfight.json:common.MixinEntity
[13Sep2025 21:39:21.294] [main/DEBUG] [mixin/]: Mixing EntityMixin from balm.mixins.json into net.minecraft.world.entity.Entity
[13Sep2025 21:39:21.298] [main/DEBUG] [mixin/]: Mixing EntityMixin from unionlib.mixins.json into net.minecraft.world.entity.Entity
[13Sep2025 21:39:21.309] [main/DEBUG] [mixin/]: Mixing EntityInsertMixin from unionlib.insert.mixins.json into net.minecraft.world.entity.Entity
[13Sep2025 21:39:21.309] [main/DEBUG] [mixin/]: Renaming synthetic method lambda$iTick1$0(Lorg/spongepowered/asm/mixin/injection/callback/CallbackInfo;Ljava/lang/Boolean;)V to md089065$lambda$iTick1$0$1 in unionlib.insert.mixins.json:EntityInsertMixin
[13Sep2025 21:39:21.312] [main/DEBUG] [mixin/]: Mixing alloc.deep_passengers.EntityMixin from canary.mixins.json into net.minecraft.world.entity.Entity
[13Sep2025 21:39:21.330] [main/DEBUG] [mixin/]: Mixing collections.fluid_submersion.EntityMixin from canary.mixins.json into net.minecraft.world.entity.Entity
[13Sep2025 21:39:21.335] [main/DEBUG] [mixin/]: Mixing entity.collisions.movement.EntityMixin from canary.mixins.json into net.minecraft.world.entity.Entity
[13Sep2025 21:39:21.359] [main/DEBUG] [mixin/]: Mixing entity.collisions.suffocation.EntityMixin from canary.mixins.json into net.minecraft.world.entity.Entity
[13Sep2025 21:39:21.372] [main/DEBUG] [mixin/]: Mixing entity.collisions.unpushable_cramming.EntityMixin from canary.mixins.json into net.minecraft.world.entity.Entity
[13Sep2025 21:39:21.374] [main/DEBUG] [mixin/]: Mixing entity.skip_fire_check.EntityMixin from canary.mixins.json into net.minecraft.world.entity.Entity
[13Sep2025 21:39:21.543] [main/DEBUG] [mixin/]: Mixing LivingEntityMixin from companions.forge.mixins.json into net.minecraft.world.entity.LivingEntity
[13Sep2025 21:39:21.550] [main/DEBUG] [mixin/]: Mixing common.MixinLivingEntity from mixins.epicfight.json into net.minecraft.world.entity.LivingEntity
[13Sep2025 21:39:21.551] [main/DEBUG] [mixin/]: Renaming synthetic method lambda$epicfight_constructor$0(Lnet/minecraft/world/entity/LivingEntity;Lyesman/epicfight/world/capabilities/entitypatch/HurtableEntityPatch;)V to md089065$lambda$epicfight_constructor$0$0 in mixins.epicfight.json:common.MixinLivingEntity
[13Sep2025 21:39:21.569] [main/DEBUG] [mixin/]: Mixing BlazeLivingEntityMixin from friendsandfoes-common.mixins.json into net.minecraft.world.entity.LivingEntity
[13Sep2025 21:39:21.570] [main/DEBUG] [mixin/]: Mixing LivingEntityMixin from friendsandfoes-common.mixins.json into net.minecraft.world.entity.LivingEntity
[13Sep2025 21:39:21.587] [main/DEBUG] [mixin/]: Mixing LivingEntityMixin from unionlib.mixins.json into net.minecraft.world.entity.LivingEntity
[13Sep2025 21:39:21.589] [main/DEBUG] [mixin/]: Renaming synthetic method lambda$handleAccessoryChanges$0(Ljava/util/List;Lcom/stereowalker/unionlib/world/entity/AccessorySlot;Lnet/minecraft/world/item/ItemStack;)V to md089065$lambda$handleAccessoryChanges$0$1 in unionlib.mixins.json:LivingEntityMixin
[13Sep2025 21:39:21.606] [main/DEBUG] [mixin/]: Mixing alloc.enum_values.living_entity.LivingEntityMixin from canary.mixins.json into net.minecraft.world.entity.LivingEntity
[13Sep2025 21:39:21.607] [main/DEBUG] [mixin/]: Mixing entity.collisions.unpushable_cramming.LivingEntityMixin from canary.mixins.json into net.minecraft.world.entity.LivingEntity
[13Sep2025 21:39:21.613] [main/DEBUG] [mixin/]: Mixing entity.fast_elytra_check.LivingEntityMixin from canary.mixins.json into net.minecraft.world.entity.LivingEntity
[13Sep2025 21:39:21.613] [main/DEBUG] [mixin/]: Mixing entity.fast_hand_swing.LivingEntityMixin from canary.mixins.json into net.minecraft.world.entity.LivingEntity
[13Sep2025 21:39:21.614] [main/DEBUG] [mixin/]: Mixing entity.fast_powder_snow_check.LivingEntityMixin from canary.mixins.json into net.minecraft.world.entity.LivingEntity
[13Sep2025 21:39:21.615] [main/DEBUG] [mixin/]: Mixing entity.skip_equipment_change_check.LivingEntityMixin from canary.mixins.json into net.minecraft.world.entity.LivingEntity
[13Sep2025 21:39:21.615] [main/DEBUG] [mixin/]: Renaming synthetic method lambda$static$0(Lnet/minecraft/world/item/ItemStack;)Z to md089065$lambda$static$0$2 in canary.mixins.json:entity.skip_equipment_change_check.LivingEntityMixin
[13Sep2025 21:39:21.617] [main/DEBUG] [mixin/]: Mixing TorrentTotemItemTickMixin from betterarcheology.mixins.json into net.minecraft.world.entity.LivingEntity
[13Sep2025 21:39:21.641] [main/DEBUG] [net.minecraftforge.coremod.transformer.CoreModBaseTransformer/COREMOD]: Transforming net/minecraft/world/entity/EntityType
[13Sep2025 21:39:21.795] [main/DEBUG] [mixin/]: Mixing CompanionsLevelAccessor from companions.forge.mixins.json into net.minecraft.world.level.Level
[13Sep2025 21:39:21.798] [main/DEBUG] [mixin/]: Mixing MixinLevel from sereneseasons.mixins.json into net.minecraft.world.level.Level
[13Sep2025 21:39:21.800] [main/DEBUG] [mixin/]: Mixing alloc.chunk_random.LevelMixin from canary.mixins.json into net.minecraft.world.level.Level
[13Sep2025 21:39:21.800] [main/DEBUG] [mixin/]: Mixing entity.collisions.intersection.LevelMixin from canary.mixins.json into net.minecraft.world.level.Level
[13Sep2025 21:39:21.802] [main/DEBUG] [mixin/]: Mixing util.block_entity_retrieval.LevelMixin from canary.mixins.json into net.minecraft.world.level.Level
[13Sep2025 21:39:21.811] [main/DEBUG] [mixin/]: Mixing world.block_entity_ticking.sleeping.LevelMixin from canary.mixins.json into net.minecraft.world.level.Level
[13Sep2025 21:39:21.811] [main/DEBUG] [mixin/]: Mixing world.chunk_access.LevelMixin from canary.mixins.json into net.minecraft.world.level.Level
[13Sep2025 21:39:21.812] [main/DEBUG] [mixin/]: Mixing world.inline_block_access.LevelMixin from canary.mixins.json into net.minecraft.world.level.Level
[13Sep2025 21:39:21.814] [main/DEBUG] [mixin/]: Mixing world.inline_height.LevelMixin from canary.mixins.json into net.minecraft.world.level.Level
[13Sep2025 21:39:21.833] [main/DEBUG] [mixin/]: Mixing util.chunk_access.LevelReaderMixin from canary.mixins.json into net.minecraft.world.level.LevelReader
[13Sep2025 21:39:21.846] [main/DEBUG] [mixin/]: Mixing ServerLevelMixin from immersive_weathering-common.mixins.json into net.minecraft.server.level.ServerLevel
[13Sep2025 21:39:21.850] [main/DEBUG] [mixin/]: Mixing MixinServerLevel from glitchcore.mixins.json into net.minecraft.server.level.ServerLevel
[13Sep2025 21:39:21.851] [main/DEBUG] [mixin/]: Mixing MixinServerLevel from sereneseasons.mixins.json into net.minecraft.server.level.ServerLevel
[13Sep2025 21:39:21.851] [main/DEBUG] [mixin/]: Mixing ServerWorldAccessor from friendsandfoes-common.mixins.json into net.minecraft.server.level.ServerLevel
[13Sep2025 21:39:21.852] [main/DEBUG] [mixin/]: Mixing ServerWorldMixin from friendsandfoes-common.mixins.json into net.minecraft.server.level.ServerLevel
[13Sep2025 21:39:21.853] [main/DEBUG] [mixin/]: Discarding sythetic bridge method synthetic in m_6325_ because existing method in friendsandfoes-common.mixins.json:ServerWorldMixin is compatible
[13Sep2025 21:39:21.853] [main/DEBUG] [mixin/]: Renaming synthetic method lambda$friendsandfoes_getLightningRodPos$2(Lnet/minecraft/core/BlockPos;)Lnet/minecraft/core/BlockPos; to md089065$lambda$friendsandfoes_getLightningRodPos$2$0 in friendsandfoes-common.mixins.json:ServerWorldMixin
[13Sep2025 21:39:21.854] [main/DEBUG] [mixin/]: Renaming synthetic method lambda$friendsandfoes_getLightningRodPos$1(Lnet/minecraft/core/BlockPos;)Z to md089065$lambda$friendsandfoes_getLightningRodPos$1$1 in friendsandfoes-common.mixins.json:ServerWorldMixin
[13Sep2025 21:39:21.854] [main/DEBUG] [mixin/]: Renaming synthetic method lambda$friendsandfoes_getLightningRodPos$0(Lnet/minecraft/core/Holder;)Z to md089065$lambda$friendsandfoes_getLightningRodPos$0$2 in friendsandfoes-common.mixins.json:ServerWorldMixin
[13Sep2025 21:39:21.859] [main/DEBUG] [mixin/]: Mixing ServerLevelMixin from moonlight-common.mixins.json into net.minecraft.server.level.ServerLevel
[13Sep2025 21:39:21.860] [main/DEBUG] [mixin/]: Discarding sythetic bridge method synthetic in m_6325_ because existing method in moonlight-common.mixins.json:ServerLevelMixin is compatible
[13Sep2025 21:39:21.864] [main/DEBUG] [mixin/]: Mixing alloc.chunk_random.ServerLevelMixin from canary.mixins.json into net.minecraft.server.level.ServerLevel
[13Sep2025 21:39:21.864] [main/DEBUG] [mixin/]: Mixing chunk.replace_streams.ServerLevelMixin from canary.mixins.json into net.minecraft.server.level.ServerLevel
[13Sep2025 21:39:21.866] [main/DEBUG] [mixin/]: Mixing entity.inactive_navigations.ServerLevelMixin from canary.mixins.json into net.minecraft.server.level.ServerLevel
[13Sep2025 21:39:21.871] [main/DEBUG] [mixin/]: Mixing profiler.ServerLevelMixin from canary.mixins.json into net.minecraft.server.level.ServerLevel
[13Sep2025 21:39:21.872] [main/DEBUG] [mixin/]: Mixing util.accessors.ServerLevelAccessor from canary.mixins.json into net.minecraft.server.level.ServerLevel
[13Sep2025 21:39:21.872] [main/DEBUG] [mixin/]: Mixing world.block_entity_ticking.sleeping.ServerLevelMixin from canary.mixins.json into net.minecraft.server.level.ServerLevel
[13Sep2025 21:39:21.938] [main/DEBUG] [mixin/]: Mixing ItemEntityMixin from yyzsbackpack.mixins.json into net.minecraft.world.entity.item.ItemEntity
[13Sep2025 21:39:21.948] [main/DEBUG] [mixin/]: Mixing PlayerMixin from companions.forge.mixins.json into net.minecraft.world.entity.player.Player
[13Sep2025 21:39:21.956] [main/DEBUG] [mixin/]: Mixing common.MixinPlayer from mixins.epicfight.json into net.minecraft.world.entity.player.Player
[13Sep2025 21:39:21.958] [main/DEBUG] [mixin/]: Mixing PlayerEntityMixin from friendsandfoes-common.mixins.json into net.minecraft.world.entity.player.Player
[13Sep2025 21:39:21.962] [main/DEBUG] [net.minecraftforge.coremod.transformer.CoreModBaseTransformer/COREMOD]: Transforming net/minecraft/world/effect/MobEffectInstance
[13Sep2025 21:39:21.981] [main/DEBUG] [mixin/]: Mixing MixinPlayerEntity from antiqueatlas.mixins.json into net.minecraft.world.entity.player.Player
[13Sep2025 21:39:21.982] [main/DEBUG] [mixin/]: Mixing PlayerMixin from unionlib.mixins.json into net.minecraft.world.entity.player.Player
[13Sep2025 21:39:21.988] [main/DEBUG] [mixin/]: Mixing ElytraStartupMixin from betterarcheology.mixins.json into net.minecraft.world.entity.player.Player
[13Sep2025 21:39:22.038] [main/DEBUG] [mixin/]: Mixing FluidMixin from unionlib.mixins.json into net.minecraft.world.level.material.Fluid
[13Sep2025 21:39:22.043] [main/DEBUG] [mixin/]: Mixing ItemMixin from moonlight-common.mixins.json into net.minecraft.world.item.Item
[13Sep2025 21:39:22.055] [main/DEBUG] [net.minecraftforge.coremod.transformer.CoreModBaseTransformer/COREMOD]: Transforming net/minecraft/world/entity/EntityType
[13Sep2025 21:39:22.135] [main/DEBUG] [mixin/]: Mixing PointOfInterestTypesMixin from friendsandfoes-common.mixins.json into net.minecraft.world.entity.ai.village.poi.PoiTypes
[13Sep2025 21:39:22.135] [main/DEBUG] [mixin/]: Mixing ai.poi.PoiTypesMixin from canary.mixins.json into net.minecraft.world.entity.ai.village.poi.PoiTypes
[13Sep2025 21:39:22.141] [main/DEBUG] [mixin/]: Mixing PoiMixin from moonlight-common.mixins.json into net.minecraft.world.entity.ai.village.poi.PoiType
[13Sep2025 21:39:22.155] [main/DEBUG] [mixin/]: Mixing KeepRichSoilGiantTreeMixin from farmersdelight.mixins.json into net.minecraft.world.level.levelgen.feature.Feature
[13Sep2025 21:39:22.156] [main/DEBUG] [mixin/]: Renaming synthetic method lambda$keepRichSoil$0(Lnet/minecraft/world/level/block/state/BlockState;)Z to md089065$lambda$keepRichSoil$0$0 in farmersdelight.mixins.json:KeepRichSoilGiantTreeMixin
[13Sep2025 21:39:22.190] [main/DEBUG] [mixin/]: Mixing CreativeModeTabMixin from unionlib.mixins.json into net.minecraft.world.item.CreativeModeTab
[13Sep2025 21:39:22.194] [main/DEBUG] [mixin/]: Mixing FireMixin from immersive_weathering-common.mixins.json into net.minecraft.world.level.block.FireBlock
[13Sep2025 21:39:22.197] [main/DEBUG] [mixin/]: Mixing FireBlockAccessor from friendsandfoes-forge.mixins.json into net.minecraft.world.level.block.FireBlock
[13Sep2025 21:39:22.198] [main/DEBUG] [mixin/]: Mixing FireBlockMixin from moonlight.mixins.json into net.minecraft.world.level.block.FireBlock
[13Sep2025 21:39:22.227] [main/DEBUG] [mixin/]: Mixing math.fast_blockpos.DirectionMixin from canary.mixins.json into net.minecraft.core.Direction
[13Sep2025 21:39:22.229] [main/DEBUG] [mixin/]: Mixing math.fast_util.DirectionMixin from canary.mixins.json into net.minecraft.core.Direction
[13Sep2025 21:39:22.251] [main/DEBUG] [mixin/]: Mixing block.moving_block_shapes.VoxelShapeMixin from canary.mixins.json into net.minecraft.world.phys.shapes.VoxelShape
[13Sep2025 21:39:22.254] [main/DEBUG] [mixin/]: Mixing shapes.specialized_shapes.VoxelShapeMixin from canary.mixins.json into net.minecraft.world.phys.shapes.VoxelShape
[13Sep2025 21:39:22.259] [main/DEBUG] [mixin/]: Mixing VoxelShapeAccess from ferritecore.blockstatecache.mixin.json into net.minecraft.world.phys.shapes.VoxelShape
[13Sep2025 21:39:22.270] [main/DEBUG] [mixin/]: Mixing shapes.optimized_matching.ShapesMixin from canary.mixins.json into net.minecraft.world.phys.shapes.Shapes
[13Sep2025 21:39:22.271] [main/DEBUG] [mixin/]: Mixing shapes.shape_merging.ShapesMixin from canary.mixins.json into net.minecraft.world.phys.shapes.Shapes
[13Sep2025 21:39:22.272] [main/DEBUG] [mixin/]: Mixing shapes.specialized_shapes.ShapesMixin from canary.mixins.json into net.minecraft.world.phys.shapes.Shapes
[13Sep2025 21:39:22.282] [main/DEBUG] [mixin/]: Mixing DiscreteVSAccess from ferritecore.blockstatecache.mixin.json into net.minecraft.world.phys.shapes.DiscreteVoxelShape
[13Sep2025 21:39:22.285] [main/DEBUG] [mixin/]: Mixing BitSetDVSAccess from ferritecore.blockstatecache.mixin.json into net.minecraft.world.phys.shapes.BitSetDiscreteVoxelShape
[13Sep2025 21:39:22.287] [main/DEBUG] [mixin/]: Mixing ArrayVSAccess from ferritecore.blockstatecache.mixin.json into net.minecraft.world.phys.shapes.ArrayVoxelShape
[13Sep2025 21:39:22.290] [main/DEBUG] [mixin/]: Mixing SliceShapeAccess from ferritecore.blockstatecache.mixin.json into net.minecraft.world.phys.shapes.SliceShape
[13Sep2025 21:39:22.291] [main/DEBUG] [mixin/]: Mixing shapes.precompute_shape_arrays.CubeVoxelShapeMixin from canary.mixins.json into net.minecraft.world.phys.shapes.CubeVoxelShape
[13Sep2025 21:39:22.299] [main/DEBUG] [mixin/]: Mixing shapes.precompute_shape_arrays.CubePointRangeMixin from canary.mixins.json into net.minecraft.world.phys.shapes.CubePointRange
[13Sep2025 21:39:22.419] [main/DEBUG] [mixin/]: Mixing BlocksMixin from immersive_weathering-common.mixins.json into net.minecraft.world.level.block.Blocks
[13Sep2025 21:39:22.420] [main/DEBUG] [mixin/]: Renaming synthetic method lambda$stoneStairs$47()Lnet/minecraft/world/level/block/Block; to md089065$lambda$stoneStairs$47$0 in immersive_weathering-common.mixins.json:BlocksMixin
[13Sep2025 21:39:22.420] [main/DEBUG] [mixin/]: Renaming synthetic method lambda$endStoneBrickWall$46()Lnet/minecraft/world/item/Item; to md089065$lambda$endStoneBrickWall$46$1 in immersive_weathering-common.mixins.json:BlocksMixin
[13Sep2025 21:39:22.420] [main/DEBUG] [mixin/]: Renaming synthetic method lambda$endStoneBricksStairs$45()Lnet/minecraft/world/item/Item; to md089065$lambda$endStoneBricksStairs$45$2 in immersive_weathering-common.mixins.json:BlocksMixin
[13Sep2025 21:39:22.420] [main/DEBUG] [mixin/]: Renaming synthetic method lambda$endStoneBricksStairs$44()Lnet/minecraft/world/level/block/Block; to md089065$lambda$endStoneBricksStairs$44$3 in immersive_weathering-common.mixins.json:BlocksMixin
[13Sep2025 21:39:22.421] [main/DEBUG] [mixin/]: Renaming synthetic method lambda$endStoneBrickSlab$43()Lnet/minecraft/world/item/Item; to md089065$lambda$endStoneBrickSlab$43$4 in immersive_weathering-common.mixins.json:BlocksMixin
[13Sep2025 21:39:22.421] [main/DEBUG] [mixin/]: Renaming synthetic method lambda$endStoneBricks$42()Lnet/minecraft/world/item/Item; to md089065$lambda$endStoneBricks$42$5 in immersive_weathering-common.mixins.json:BlocksMixin
[13Sep2025 21:39:22.421] [main/DEBUG] [mixin/]: Renaming synthetic method lambda$prismarineBricksStairs$41()Lnet/minecraft/world/item/Item; to md089065$lambda$prismarineBricksStairs$41$6 in immersive_weathering-common.mixins.json:BlocksMixin
[13Sep2025 21:39:22.421] [main/DEBUG] [mixin/]: Renaming synthetic method lambda$prismarineBricksStairs$40()Lnet/minecraft/world/level/block/Block; to md089065$lambda$prismarineBricksStairs$40$7 in immersive_weathering-common.mixins.json:BlocksMixin
[13Sep2025 21:39:22.421] [main/DEBUG] [mixin/]: Renaming synthetic method lambda$prismarineBrickSlab$39()Lnet/minecraft/world/item/Item; to md089065$lambda$prismarineBrickSlab$39$8 in immersive_weathering-common.mixins.json:BlocksMixin
[13Sep2025 21:39:22.421] [main/DEBUG] [mixin/]: Renaming synthetic method lambda$prismarineBricks$38()Lnet/minecraft/world/item/Item; to md089065$lambda$prismarineBricks$38$9 in immersive_weathering-common.mixins.json:BlocksMixin
[13Sep2025 21:39:22.421] [main/DEBUG] [mixin/]: Renaming synthetic method lambda$mossyCobblestoneStairs$37()Lnet/minecraft/world/level/block/Block; to md089065$lambda$mossyCobblestoneStairs$37$a in immersive_weathering-common.mixins.json:BlocksMixin
[13Sep2025 21:39:22.421] [main/DEBUG] [mixin/]: Renaming synthetic method lambda$mossyStoneBrickStairs$36()Lnet/minecraft/world/level/block/Block; to md089065$lambda$mossyStoneBrickStairs$36$b in immersive_weathering-common.mixins.json:BlocksMixin
[13Sep2025 21:39:22.421] [main/DEBUG] [mixin/]: Renaming synthetic method lambda$cobblestoneStairs$35()Lnet/minecraft/world/level/block/Block; to md089065$lambda$cobblestoneStairs$35$c in immersive_weathering-common.mixins.json:BlocksMixin
[13Sep2025 21:39:22.421] [main/DEBUG] [mixin/]: Renaming synthetic method lambda$stoneBrickWall$34()Lnet/minecraft/world/item/Item; to md089065$lambda$stoneBrickWall$34$d in immersive_weathering-common.mixins.json:BlocksMixin
[13Sep2025 21:39:22.421] [main/DEBUG] [mixin/]: Renaming synthetic method lambda$stoneBricksStairs$33()Lnet/minecraft/world/level/block/Block; to md089065$lambda$stoneBricksStairs$33$e in immersive_weathering-common.mixins.json:BlocksMixin
[13Sep2025 21:39:22.422] [main/DEBUG] [mixin/]: Renaming synthetic method lambda$stoneBricksStairs$32()Lnet/minecraft/world/item/Item; to md089065$lambda$stoneBricksStairs$32$f in immersive_weathering-common.mixins.json:BlocksMixin
[13Sep2025 21:39:22.422] [main/DEBUG] [mixin/]: Renaming synthetic method lambda$stoneBrickSlab$31()Lnet/minecraft/world/item/Item; to md089065$lambda$stoneBrickSlab$31$10 in immersive_weathering-common.mixins.json:BlocksMixin
[13Sep2025 21:39:22.422] [main/DEBUG] [mixin/]: Renaming synthetic method lambda$stoneBricks$30()Lnet/minecraft/world/item/Item; to md089065$lambda$stoneBricks$30$11 in immersive_weathering-common.mixins.json:BlocksMixin
[13Sep2025 21:39:22.422] [main/DEBUG] [mixin/]: Renaming synthetic method lambda$brickWall$29()Lnet/minecraft/world/item/Item; to md089065$lambda$brickWall$29$12 in immersive_weathering-common.mixins.json:BlocksMixin
[13Sep2025 21:39:22.422] [main/DEBUG] [mixin/]: Renaming synthetic method lambda$brickStairs$28()Lnet/minecraft/world/level/block/Block; to md089065$lambda$brickStairs$28$13 in immersive_weathering-common.mixins.json:BlocksMixin
[13Sep2025 21:39:22.423] [main/DEBUG] [mixin/]: Renaming synthetic method lambda$brickStairs$27()Lnet/minecraft/world/item/Item; to md089065$lambda$brickStairs$27$14 in immersive_weathering-common.mixins.json:BlocksMixin
[13Sep2025 21:39:22.423] [main/DEBUG] [mixin/]: Renaming synthetic method lambda$brickSlab$26()Lnet/minecraft/world/item/Item; to md089065$lambda$brickSlab$26$15 in immersive_weathering-common.mixins.json:BlocksMixin
[13Sep2025 21:39:22.423] [main/DEBUG] [mixin/]: Renaming synthetic method lambda$bricks$25()Lnet/minecraft/world/item/Item; to md089065$lambda$bricks$25$16 in immersive_weathering-common.mixins.json:BlocksMixin
[13Sep2025 21:39:22.423] [main/DEBUG] [mixin/]: Renaming synthetic method lambda$crackedNetherBricks$24()Lnet/minecraft/world/item/Item; to md089065$lambda$crackedNetherBricks$24$17 in immersive_weathering-common.mixins.json:BlocksMixin
[13Sep2025 21:39:22.423] [main/DEBUG] [mixin/]: Renaming synthetic method lambda$netherBrickWall$23()Lnet/minecraft/world/item/Item; to md089065$lambda$netherBrickWall$23$18 in immersive_weathering-common.mixins.json:BlocksMixin
[13Sep2025 21:39:22.423] [main/DEBUG] [mixin/]: Renaming synthetic method lambda$netherBrickStairs$22()Lnet/minecraft/world/item/Item; to md089065$lambda$netherBrickStairs$22$19 in immersive_weathering-common.mixins.json:BlocksMixin
[13Sep2025 21:39:22.423] [main/DEBUG] [mixin/]: Renaming synthetic method lambda$netherBrickStairs$21()Lnet/minecraft/world/level/block/Block; to md089065$lambda$netherBrickStairs$21$1a in immersive_weathering-common.mixins.json:BlocksMixin
[13Sep2025 21:39:22.423] [main/DEBUG] [mixin/]: Renaming synthetic method lambda$netherBrickSlab$20()Lnet/minecraft/world/item/Item; to md089065$lambda$netherBrickSlab$20$1b in immersive_weathering-common.mixins.json:BlocksMixin
[13Sep2025 21:39:22.423] [main/DEBUG] [mixin/]: Renaming synthetic method lambda$netherBricks$19()Lnet/minecraft/world/item/Item; to md089065$lambda$netherBricks$19$1c in immersive_weathering-common.mixins.json:BlocksMixin
[13Sep2025 21:39:22.423] [main/DEBUG] [mixin/]: Renaming synthetic method lambda$deepslateTileWall$18()Lnet/minecraft/world/item/Item; to md089065$lambda$deepslateTileWall$18$1d in immersive_weathering-common.mixins.json:BlocksMixin
[13Sep2025 21:39:22.424] [main/DEBUG] [mixin/]: Renaming synthetic method lambda$deepslateTileStairs$17()Lnet/minecraft/world/item/Item; to md089065$lambda$deepslateTileStairs$17$1e in immersive_weathering-common.mixins.json:BlocksMixin
[13Sep2025 21:39:22.424] [main/DEBUG] [mixin/]: Renaming synthetic method lambda$deepslateTileStairs$16()Lnet/minecraft/world/level/block/Block; to md089065$lambda$deepslateTileStairs$16$1f in immersive_weathering-common.mixins.json:BlocksMixin
[13Sep2025 21:39:22.424] [main/DEBUG] [mixin/]: Renaming synthetic method lambda$deepslateTileSlab$15()Lnet/minecraft/world/item/Item; to md089065$lambda$deepslateTileSlab$15$20 in immersive_weathering-common.mixins.json:BlocksMixin
[13Sep2025 21:39:22.424] [main/DEBUG] [mixin/]: Renaming synthetic method lambda$deepslateTiles$14()Lnet/minecraft/world/item/Item; to md089065$lambda$deepslateTiles$14$21 in immersive_weathering-common.mixins.json:BlocksMixin
[13Sep2025 21:39:22.424] [main/DEBUG] [mixin/]: Renaming synthetic method lambda$deepslateBrickWall$13()Lnet/minecraft/world/item/Item; to md089065$lambda$deepslateBrickWall$13$22 in immersive_weathering-common.mixins.json:BlocksMixin
[13Sep2025 21:39:22.424] [main/DEBUG] [mixin/]: Renaming synthetic method lambda$deepslateBrickStairs$12()Lnet/minecraft/world/item/Item; to md089065$lambda$deepslateBrickStairs$12$23 in immersive_weathering-common.mixins.json:BlocksMixin
[13Sep2025 21:39:22.424] [main/DEBUG] [mixin/]: Renaming synthetic method lambda$deepslateBrickStairs$11()Lnet/minecraft/world/level/block/Block; to md089065$lambda$deepslateBrickStairs$11$24 in immersive_weathering-common.mixins.json:BlocksMixin
[13Sep2025 21:39:22.424] [main/DEBUG] [mixin/]: Renaming synthetic method lambda$deepslateBrickSlab$10()Lnet/minecraft/world/item/Item; to md089065$lambda$deepslateBrickSlab$10$25 in immersive_weathering-common.mixins.json:BlocksMixin
[13Sep2025 21:39:22.424] [main/DEBUG] [mixin/]: Renaming synthetic method lambda$deepslateBricks$9()Lnet/minecraft/world/item/Item; to md089065$lambda$deepslateBricks$9$26 in immersive_weathering-common.mixins.json:BlocksMixin
[13Sep2025 21:39:22.425] [main/DEBUG] [mixin/]: Renaming synthetic method lambda$crackedDeepslateTiles$8()Lnet/minecraft/world/item/Item; to md089065$lambda$crackedDeepslateTiles$8$27 in immersive_weathering-common.mixins.json:BlocksMixin
[13Sep2025 21:39:22.425] [main/DEBUG] [mixin/]: Renaming synthetic method lambda$crackedDeepslateBricks$7()Lnet/minecraft/world/item/Item; to md089065$lambda$crackedDeepslateBricks$7$28 in immersive_weathering-common.mixins.json:BlocksMixin
[13Sep2025 21:39:22.425] [main/DEBUG] [mixin/]: Renaming synthetic method lambda$crackedStoneBricks$6()Lnet/minecraft/world/item/Item; to md089065$lambda$crackedStoneBricks$6$29 in immersive_weathering-common.mixins.json:BlocksMixin
[13Sep2025 21:39:22.425] [main/DEBUG] [mixin/]: Renaming synthetic method lambda$crackedPolishedBlackstoneBricks$5()Lnet/minecraft/world/item/Item; to md089065$lambda$crackedPolishedBlackstoneBricks$5$2a in immersive_weathering-common.mixins.json:BlocksMixin
[13Sep2025 21:39:22.425] [main/DEBUG] [mixin/]: Renaming synthetic method lambda$polishedBlackstoneBrickWall$4()Lnet/minecraft/world/item/Item; to md089065$lambda$polishedBlackstoneBrickWall$4$2b in immersive_weathering-common.mixins.json:BlocksMixin
[13Sep2025 21:39:22.425] [main/DEBUG] [mixin/]: Renaming synthetic method lambda$polishedBlackstoneBricksStairs$3()Lnet/minecraft/world/item/Item; to md089065$lambda$polishedBlackstoneBricksStairs$3$2c in immersive_weathering-common.mixins.json:BlocksMixin
[13Sep2025 21:39:22.425] [main/DEBUG] [mixin/]: Renaming synthetic method lambda$polishedBlackstoneBricksStairs$2()Lnet/minecraft/world/level/block/Block; to md089065$lambda$polishedBlackstoneBricksStairs$2$2d in immersive_weathering-common.mixins.json:BlocksMixin
[13Sep2025 21:39:22.425] [main/DEBUG] [mixin/]: Renaming synthetic method lambda$polishedBlackstoneBrickSlab$1()Lnet/minecraft/world/item/Item; to md089065$lambda$polishedBlackstoneBrickSlab$1$2e in immersive_weathering-common.mixins.json:BlocksMixin
[13Sep2025 21:39:22.425] [main/DEBUG] [mixin/]: Renaming synthetic method lambda$polishedBlackstoneBricks$0()Lnet/minecraft/world/item/Item; to md089065$lambda$polishedBlackstoneBricks$0$2f in immersive_weathering-common.mixins.json:BlocksMixin
[13Sep2025 21:39:22.433] [main/DEBUG] [net.minecraftforge.coremod.transformer.CoreModBaseTransformer/COREMOD]: Transforming net/minecraft/world/level/block/StairBlock
[13Sep2025 21:39:22.741] [main/DEBUG] [mixin/]: Mixing GrassBlockMixin from immersive_weathering-common.mixins.json into net.minecraft.world.level.block.SpreadingSnowyDirtBlock
[13Sep2025 21:39:22.755] [main/DEBUG] [mixin/]: Mixing BushBlockMixin from immersive_weathering-common.mixins.json into net.minecraft.world.level.block.BushBlock
[13Sep2025 21:39:22.763] [main/DEBUG] [net.minecraftforge.coremod.transformer.CoreModBaseTransformer/COREMOD]: Transforming net/minecraft/world/level/block/LiquidBlock
[13Sep2025 21:39:22.764] [main/DEBUG] [mixin/]: Mixing LiquidBlockMixin from immersive_weathering-common.mixins.json into net.minecraft.world.level.block.LiquidBlock
[13Sep2025 21:39:22.778] [main/DEBUG] [mixin/]: Mixing LeavesMixin from immersive_weathering-common.mixins.json into net.minecraft.world.level.block.LeavesBlock
[13Sep2025 21:39:22.778] [main/DEBUG] [mixin/]: Renaming synthetic method lambda$performBonemeal$0(Lnet/minecraft/server/level/ServerLevel;Lnet/minecraft/core/BlockPos;Lnet/minecraft/world/level/block/state/BlockState;)V to md089065$lambda$performBonemeal$0$0 in immersive_weathering-common.mixins.json:LeavesMixin
[13Sep2025 21:39:22.790] [main/DEBUG] [mixin/]: Mixing CuttingBoardDispenserMixin from farmersdelight.mixins.json into net.minecraft.world.level.block.DispenserBlock
[13Sep2025 21:39:22.793] [main/DEBUG] [mixin/]: Mixing accessor.DispenserBlockAccessor from moonlight-common.mixins.json into net.minecraft.world.level.block.DispenserBlock
[13Sep2025 21:39:22.794] [main/DEBUG] [mixin/]: Renaming @Accessor method getDispenserRegistry()Ljava/util/Map; to getDispenserRegistry_$md$089065$0 in moonlight-common.mixins.json:accessor.DispenserBlockAccessor
[13Sep2025 21:39:22.806] [main/DEBUG] [mixin/]: Mixing alloc.enum_values.piston_block.PistonBaseBlockMixin from canary.mixins.json into net.minecraft.world.level.block.piston.PistonBaseBlock
[13Sep2025 21:39:22.810] [main/DEBUG] [mixin/]: Mixing WebMixin from immersive_weathering.mixins.json into net.minecraft.world.level.block.WebBlock
[13Sep2025 21:39:22.810] [main/DEBUG] [mixin/]: immersive_weathering.mixins.json:WebMixin: Class version 61 required is higher than the class version supported by the current version of Mixin (JAVA_16 supports class version 60)
[13Sep2025 21:39:22.824] [main/DEBUG] [net.minecraftforge.coremod.transformer.CoreModBaseTransformer/COREMOD]: Transforming net/minecraft/world/level/block/StairBlock
[13Sep2025 21:39:22.830] [main/DEBUG] [mixin/]: Mixing alloc.enum_values.redstone_wire.RedStoneWireBlockMixin from canary.mixins.json into net.minecraft.world.level.block.RedStoneWireBlock
[13Sep2025 21:39:22.830] [main/DEBUG] [mixin/]: Mixing block.redstone_wire.RedStoneWireBlockMixin from canary.mixins.json into net.minecraft.world.level.block.RedStoneWireBlock
[13Sep2025 21:39:22.844] [main/DEBUG] [mixin/]: Mixing CropBlockMixin from immersive_weathering-common.mixins.json into net.minecraft.world.level.block.CropBlock
[13Sep2025 21:39:22.844] [main/DEBUG] [mixin/]: Mixing CropBlockMixin from balm.mixins.json into net.minecraft.world.level.block.CropBlock
[13Sep2025 21:39:22.849] [main/DEBUG] [mixin/]: Mixing KeepRichSoilUntrampledMixin from farmersdelight.mixins.json into net.minecraft.world.level.block.FarmBlock
[13Sep2025 21:39:22.870] [main/DEBUG] [mixin/]: Mixing SnowLayerBlockMixin from immersive_weathering-common.mixins.json into net.minecraft.world.level.block.SnowLayerBlock
[13Sep2025 21:39:22.873] [main/DEBUG] [mixin/]: Mixing IceMixin from immersive_weathering-common.mixins.json into net.minecraft.world.level.block.IceBlock
[13Sep2025 21:39:22.874] [main/DEBUG] [mixin/]: Mixing accessors.IceInvoker from immersive_weathering-common.mixins.json into net.minecraft.world.level.block.IceBlock
[13Sep2025 21:39:22.878] [main/DEBUG] [mixin/]: Mixing SugarCaneBlockMixin from immersive_weathering-common.mixins.json into net.minecraft.world.level.block.SugarCaneBlock
[13Sep2025 21:39:22.895] [main/DEBUG] [mixin/]: Mixing CarvedPumpkinBlockMixin from friendsandfoes-common.mixins.json into net.minecraft.world.level.block.CarvedPumpkinBlock
[13Sep2025 21:39:22.895] [main/DEBUG] [mixin/]: Renaming synthetic method lambda$static$1(Lnet/minecraft/world/level/block/state/BlockState;)Z to md089065$lambda$static$1$0 in friendsandfoes-common.mixins.json:CarvedPumpkinBlockMixin
[13Sep2025 21:39:22.895] [main/DEBUG] [mixin/]: Renaming synthetic method lambda$static$0(Lnet/minecraft/world/level/block/state/BlockState;)Z to md089065$lambda$static$0$1 in friendsandfoes-common.mixins.json:CarvedPumpkinBlockMixin
[13Sep2025 21:39:22.930] [main/DEBUG] [mixin/]: Mixing AttachedStemBlockMixin from immersive_weathering-common.mixins.json into net.minecraft.world.level.block.AttachedStemBlock
[13Sep2025 21:39:22.932] [main/DEBUG] [mixin/]: Mixing StemBlockMixin from immersive_weathering-common.mixins.json into net.minecraft.world.level.block.StemBlock
[13Sep2025 21:39:22.932] [main/DEBUG] [mixin/]: Mixing StemBlockMixin from balm.mixins.json into net.minecraft.world.level.block.StemBlock
[13Sep2025 21:39:22.957] [main/DEBUG] [net.minecraftforge.coremod.transformer.CoreModBaseTransformer/COREMOD]: Transforming net/minecraft/world/level/block/FlowerPotBlock
[13Sep2025 21:39:22.970] [main/DEBUG] [mixin/]: Mixing util.inventory_comparator_tracking.ComparatorBlockMixin from canary.mixins.json into net.minecraft.world.level.block.ComparatorBlock
[13Sep2025 21:39:23.013] [main/DEBUG] [mixin/]: Mixing BubbleColumnMixin from immersive_weathering-common.mixins.json into net.minecraft.world.level.block.BubbleColumnBlock
[13Sep2025 21:39:23.030] [main/DEBUG] [mixin/]: Mixing CampfireMixin from immersive_weathering-common.mixins.json into net.minecraft.world.level.block.CampfireBlock
[13Sep2025 21:39:23.030] [main/DEBUG] [mixin/]: Mixing CampfireBaleMixin from farmersdelight.mixins.json into net.minecraft.world.level.block.CampfireBlock
[13Sep2025 21:39:23.034] [main/DEBUG] [mixin/]: Mixing SweetBerryBushMixin from immersive_weathering-common.mixins.json into net.minecraft.world.level.block.SweetBerryBushBlock
[13Sep2025 21:39:23.068] [main/DEBUG] [mixin/]: Mixing LightningRodBlockMixin from friendsandfoes-common.mixins.json into net.minecraft.world.level.block.LightningRodBlock
[13Sep2025 21:39:23.082] [main/DEBUG] [mixin/]: Mixing LightningRodBlockOxidizableMixin from friendsandfoes-common.mixins.json into net.minecraft.world.level.block.LightningRodBlock
[13Sep2025 21:39:23.083] [main/DEBUG] [mixin/]: Renaming synthetic method lambda$getDegradationResult$0(Lnet/minecraft/world/level/block/state/BlockState;Lnet/minecraft/world/level/block/Block;)Lnet/minecraft/world/level/block/state/BlockState; to md089065$lambda$getDegradationResult$0$0 in friendsandfoes-common.mixins.json:LightningRodBlockOxidizableMixin
[13Sep2025 21:39:23.084] [main/DEBUG] [mixin/]: Mixing LightningRodBlockDegradableMixin from friendsandfoes-common.mixins.json into net.minecraft.world.level.block.LightningRodBlock
[13Sep2025 21:39:23.106] [main/DEBUG] [mixin/]: Mixing RootedDirtBlockMixin from immersive_weathering-common.mixins.json into net.minecraft.world.level.block.RootedDirtBlock
[13Sep2025 21:39:23.109] [main/DEBUG] [mixin/]: Mixing MudBlockHitboxMixin from immersive_weathering-common.mixins.json into net.minecraft.world.level.block.MudBlock
[13Sep2025 21:39:23.122] [main/DEBUG] [mixin/]: Mixing SelfRustableMixin from immersive_weathering.mixins.json into com.ordana.immersive_weathering.blocks.rusty.Rustable
[13Sep2025 21:39:23.123] [main/DEBUG] [mixin/]: immersive_weathering.mixins.json:SelfRustableMixin: Class version 61 required is higher than the class version supported by the current version of Mixin (JAVA_16 supports class version 60)
[13Sep2025 21:39:23.151] [main/DEBUG] [mixin/]: Mixing MixinStateDefinitionBuilder from dawnoftimebuilder.mixins.json into net.minecraft.world.level.block.state.StateDefinition$Builder
[13Sep2025 21:39:23.175] [main/DEBUG] [mixin/]: Mixing block.flatten_states.FluidStateMixin from canary.mixins.json into net.minecraft.world.level.material.FluidState
[13Sep2025 21:39:23.227] [main/DEBUG] [mixin/]: Mixing FallingBlockEntityAccessor from companions.mixins.json into net.minecraft.world.entity.item.FallingBlockEntity
[13Sep2025 21:39:23.227] [main/DEBUG] [mixin/]: Renaming @Invoker method _new(Lnet/minecraft/world/entity/EntityType;Lnet/minecraft/world/level/Level;)Lnet/minecraft/world/entity/item/FallingBlockEntity; to _new_$md$089065$0 in companions.mixins.json:FallingBlockEntityAccessor
[13Sep2025 21:39:23.227] [main/DEBUG] [mixin/]: Renaming @Invoker method _new(Lnet/minecraft/world/level/Level;DDDLnet/minecraft/world/level/block/state/BlockState;)Lnet/minecraft/world/entity/item/FallingBlockEntity; to _new_$md$089065$1 in companions.mixins.json:FallingBlockEntityAccessor
[13Sep2025 21:39:23.265] [main/DEBUG] [mixin/]: Mixing util.inventory_change_listening.BlockEntityMixin from canary.mixins.json into net.minecraft.world.level.block.entity.BlockEntity
[13Sep2025 21:39:23.267] [main/DEBUG] [mixin/]: Mixing util.inventory_comparator_tracking.BlockEntityMixin from canary.mixins.json into net.minecraft.world.level.block.entity.BlockEntity
[13Sep2025 21:39:23.275] [main/DEBUG] [mixin/]: Mixing FasterBrushingMixin from betterarcheology.mixins.json into net.minecraft.world.level.block.entity.BrushableBlockEntity
[13Sep2025 21:39:23.304] [main/DEBUG] [mixin/]: Mixing accessor.DispenserBlockEntityAccessor from moonlight-common.mixins.json into net.minecraft.world.level.block.entity.DispenserBlockEntity
[13Sep2025 21:39:23.305] [main/DEBUG] [mixin/]: Mixing util.inventory_change_listening.StackListReplacementTracking$InventoryChangeTrackingDispenserBlockEntity from canary.mixins.json into net.minecraft.world.level.block.entity.DispenserBlockEntity
[13Sep2025 21:39:23.309] [main/DEBUG] [mixin/]: Mixing util.inventory_change_listening.RandomizableContainerBlockEntityMixin from canary.mixins.json into net.minecraft.world.level.block.entity.RandomizableContainerBlockEntity
[13Sep2025 21:39:23.316] [main/DEBUG] [mixin/]: Mixing util.inventory_change_listening.StackListReplacementTracking$StackListReplacementTrackingBaseContainerBlockEntity from canary.mixins.json into net.minecraft.world.level.block.entity.BaseContainerBlockEntity
[13Sep2025 21:39:23.341] [main/DEBUG] [mixin/]: Mixing math.fast_util.AxisCycleDirectionMixin$ForwardMixin from canary.mixins.json into net.minecraft.core.AxisCycle$2
[13Sep2025 21:39:23.343] [main/DEBUG] [mixin/]: Mixing math.fast_util.AxisCycleDirectionMixin$BackwardMixin from canary.mixins.json into net.minecraft.core.AxisCycle$3
[13Sep2025 21:39:23.429] [main/DEBUG] [mixin/]: Mixing PistonBlockEntityMixin from moonlight-common.mixins.json into net.minecraft.world.level.block.piston.PistonMovingBlockEntity
[13Sep2025 21:39:23.434] [main/DEBUG] [mixin/]: Mixing block.moving_block_shapes.PistonMovingBlockEntityMixin from canary.mixins.json into net.minecraft.world.level.block.piston.PistonMovingBlockEntity
[13Sep2025 21:39:23.477] [main/DEBUG] [mixin/]: Mixing KeepRichSoilTreeMixin from farmersdelight.mixins.json into net.minecraft.world.level.levelgen.feature.trunkplacers.TrunkPlacer
[13Sep2025 21:39:23.478] [main/DEBUG] [mixin/]: Renaming synthetic method lambda$cancelSetDirtIfRichSoil$0(Lnet/minecraft/world/level/block/state/BlockState;)Z to md089065$lambda$cancelSetDirtIfRichSoil$0$0 in farmersdelight.mixins.json:KeepRichSoilTreeMixin
[13Sep2025 21:39:23.551] [main/DEBUG] [mixin/]: Mixing util.inventory_change_listening.ChestBlockEntityMixin from canary.mixins.json into net.minecraft.world.level.block.entity.ChestBlockEntity
[13Sep2025 21:39:23.552] [main/DEBUG] [mixin/]: Mixing util.inventory_change_listening.StackListReplacementTracking$InventoryChangeTrackingChestBlockEntity from canary.mixins.json into net.minecraft.world.level.block.entity.ChestBlockEntity
[13Sep2025 21:39:23.579] [main/DEBUG] [mixin/]: Mixing ScreenHandlerMixin from yyzsbackpack.mixins.json into net.minecraft.world.inventory.AbstractContainerMenu
[13Sep2025 21:39:23.593] [main/DEBUG] [mixin/]: Mixing screenhandler.CraftingScreenHandlerMixin from yyzsbackpack.mixins.json into net.minecraft.world.inventory.CraftingMenu
[13Sep2025 21:39:23.600] [main/DEBUG] [mixin/]: Mixing world.block_entity_ticking.sleeping.furnace.AbstractFurnaceBlockEntityMixin from canary.mixins.json into net.minecraft.world.level.block.entity.AbstractFurnaceBlockEntity
[13Sep2025 21:39:23.629] [main/DEBUG] [mixin/]: Mixing SpawnEggItemAccessor from friendsandfoes-common.mixins.json into net.minecraft.world.item.SpawnEggItem
[13Sep2025 21:39:23.629] [main/DEBUG] [mixin/]: Renaming @Accessor method variantsandventures$getSpawnEggs()Ljava/util/Map; to variantsandventures$getSpawnEggs_$md$089065$0 in friendsandfoes-common.mixins.json:SpawnEggItemAccessor
[13Sep2025 21:39:23.635] [main/DEBUG] [mixin/]: Mixing ServerPlayerEntityMixin from yyzsbackpack.mixins.json into net.minecraft.server.level.ServerPlayer
[13Sep2025 21:39:23.637] [main/DEBUG] [mixin/]: Mixing ServerPlayerEntityTickMixin from yungsapi.mixins.json into net.minecraft.server.level.ServerPlayer
[13Sep2025 21:39:23.638] [main/DEBUG] [mixin/]: Mixing MixinServerPlayer from glitchcore.forge.mixins.json into net.minecraft.server.level.ServerPlayer
[13Sep2025 21:39:23.639] [main/DEBUG] [mixin/]: Mixing ServerPlayerMixin from unionlib.mixins.json into net.minecraft.server.level.ServerPlayer
[13Sep2025 21:39:23.639] [main/DEBUG] [mixin/]: Mixing ServerPlayerInsertMixin from unionlib.insert.mixins.json into net.minecraft.server.level.ServerPlayer
[13Sep2025 21:39:23.639] [main/DEBUG] [mixin/]: Renaming synthetic method lambda$startSleepInBed_i1$3(Lnet/minecraft/world/entity/player/Player$BedSleepingProblem;)V to md089065$lambda$startSleepInBed_i1$3$0 in unionlib.insert.mixins.json:ServerPlayerInsertMixin
[13Sep2025 21:39:23.640] [main/DEBUG] [mixin/]: Renaming synthetic method lambda$startSleepInBed_i1$2(Lnet/minecraft/core/BlockPos;)Lcom/mojang/datafixers/util/Either; to md089065$lambda$startSleepInBed_i1$2$1 in unionlib.insert.mixins.json:ServerPlayerInsertMixin
[13Sep2025 21:39:23.640] [main/DEBUG] [mixin/]: Renaming synthetic method lambda$startSleepInBed_i1$1(Lnet/minecraft/world/entity/monster/Monster;)Z to md089065$lambda$startSleepInBed_i1$1$2 in unionlib.insert.mixins.json:ServerPlayerInsertMixin
[13Sep2025 21:39:23.641] [main/DEBUG] [mixin/]: Renaming synthetic method lambda$startSleepInBed_r1$0(Lnet/minecraft/server/level/ServerPlayer;Lnet/minecraft/util/Unit;)V to md089065$lambda$startSleepInBed_r1$0$3 in unionlib.insert.mixins.json:ServerPlayerInsertMixin
[13Sep2025 21:39:23.646] [main/DEBUG] [mixin/]: Mixing ServerPlayerMixin from moonlight-common.mixins.json into net.minecraft.server.level.ServerPlayer
[13Sep2025 21:39:23.686] [main/DEBUG] [mixin/]: Mixing math.fast_util.AABBMixin from canary.mixins.json into net.minecraft.world.phys.AABB
[13Sep2025 21:39:23.699] [main/DEBUG] [mixin/]: Mixing CompanionsProjectileAccessor from companions.forge.mixins.json into net.minecraft.world.entity.projectile.Projectile
[13Sep2025 21:39:23.699] [main/DEBUG] [mixin/]: Mixing common.MixinProjectile from mixins.epicfight.json into net.minecraft.world.entity.projectile.Projectile
[13Sep2025 21:39:23.718] [main/DEBUG] [mixin/]: Mixing MobMixin from companions.forge.mixins.json into net.minecraft.world.entity.Mob
[13Sep2025 21:39:23.718] [main/DEBUG] [mixin/]: Mixing common.MixinMob from mixins.epicfight.json into net.minecraft.world.entity.Mob
[13Sep2025 21:39:23.719] [main/DEBUG] [mixin/]: Mixing MobRememberSpawnReasonMixin from takesapillage.mixins.json into net.minecraft.world.entity.Mob
[13Sep2025 21:39:23.719] [main/DEBUG] [mixin/]: Mixing EntityMixin from moonlight-common.mixins.json into net.minecraft.world.entity.Mob
[13Sep2025 21:39:23.719] [main/DEBUG] [mixin/]: Mixing entity.inactive_navigations.MobMixin from canary.mixins.json into net.minecraft.world.entity.Mob
[13Sep2025 21:39:23.720] [main/DEBUG] [mixin/]: Mixing entity.skip_equipment_change_check.MobMixin from canary.mixins.json into net.minecraft.world.entity.Mob
[13Sep2025 21:39:23.751] [main/DEBUG] [mixin/]: Mixing IllusionerHostileEntityMixin from friendsandfoes-common.mixins.json into net.minecraft.world.entity.monster.Monster
[13Sep2025 21:39:23.794] [main/DEBUG] [mixin/]: Mixing screenhandler.EnchantmentScreenHandlerMixin from yyzsbackpack.mixins.json into net.minecraft.world.inventory.EnchantmentMenu
[13Sep2025 21:39:23.795] [main/DEBUG] [mixin/]: Mixing PlayerEnchantMixin from endrem.mixins.json into net.minecraft.world.inventory.EnchantmentMenu
[13Sep2025 21:39:23.802] [main/DEBUG] [mixin/]: Mixing world.block_entity_ticking.sleeping.brewing_stand.BrewingStandBlockEntityMixin from canary.mixins.json into net.minecraft.world.level.block.entity.BrewingStandBlockEntity
[13Sep2025 21:39:23.813] [main/DEBUG] [net.minecraftforge.coremod.transformer.CoreModBaseTransformer/COREMOD]: Transforming net/minecraft/world/item/ItemStack
[13Sep2025 21:39:23.814] [main/DEBUG] [mixin/]: Mixing MixinItemStack from glitchcore.mixins.json into net.minecraft.world.item.ItemStack
[13Sep2025 21:39:23.815] [main/DEBUG] [mixin/]: Mixing ItemStackMixin from unionlib.mixins.json into net.minecraft.world.item.ItemStack
[13Sep2025 21:39:23.816] [main/DEBUG] [mixin/]: Mixing ItemStackInsertMixin from unionlib.insert.mixins.json into net.minecraft.world.item.ItemStack
[13Sep2025 21:39:23.816] [main/DEBUG] [mixin/]: Mixing util.item_stack_tracking.ItemStackMixin from canary.mixins.json into net.minecraft.world.item.ItemStack
[13Sep2025 21:39:23.847] [main/DEBUG] [mixin/]: Mixing screenhandler.GenericContainerScreenHandlerMixin from yyzsbackpack.mixins.json into net.minecraft.world.inventory.ChestMenu
[13Sep2025 21:39:23.907] [main/DEBUG] [mixin/]: Mixing common.MixinWitherBoss from mixins.epicfight.json into net.minecraft.world.entity.boss.wither.WitherBoss
[13Sep2025 21:39:23.908] [main/DEBUG] [mixin/]: Renaming @Unique method m_7515_()Lnet/minecraft/sounds/SoundEvent; to md089065$m_7515_$0 in mixins.epicfight.json:common.MixinWitherBoss
[13Sep2025 21:39:23.931] [main/WARN] [mixin/]: @Final field f_31427_:[I in mixins.epicfight.json:common.MixinWitherBoss should be final
[13Sep2025 21:39:23.931] [main/WARN] [mixin/]: @Final field f_31428_:[I in mixins.epicfight.json:common.MixinWitherBoss should be final
[13Sep2025 21:39:23.948] [main/DEBUG] [mixin/]: Mixing screenhandler.ForgingScreenHandlerMixin from yyzsbackpack.mixins.json into net.minecraft.world.inventory.ItemCombinerMenu
[13Sep2025 21:39:23.956] [main/DEBUG] [mixin/]: Mixing entity.hopper_minecart.HopperBlockEntityMixin from canary.mixins.json into net.minecraft.world.level.block.entity.HopperBlockEntity
[13Sep2025 21:39:23.958] [main/DEBUG] [mixin/]: Mixing util.inventory_change_listening.StackListReplacementTracking$InventoryChangeTrackingHopperBlockEntity from canary.mixins.json into net.minecraft.world.level.block.entity.HopperBlockEntity
[13Sep2025 21:39:23.958] [main/DEBUG] [mixin/]: Mixing world.block_entity_ticking.sleeping.hopper.HopperBlockEntityMixin from canary.mixins.json into net.minecraft.world.level.block.entity.HopperBlockEntity
[13Sep2025 21:39:24.026] [main/DEBUG] [mixin/]: Mixing util.inventory_change_listening.StackListReplacementTracking$InventoryChangeTrackingShulkerBoxBlockEntity from canary.mixins.json into net.minecraft.world.level.block.entity.ShulkerBoxBlockEntity
[13Sep2025 21:39:24.026] [main/DEBUG] [mixin/]: Mixing world.block_entity_ticking.sleeping.shulker_box.ShulkerBoxBlockEntityMixin from canary.mixins.json into net.minecraft.world.level.block.entity.ShulkerBoxBlockEntity
[13Sep2025 21:39:24.036] [main/DEBUG] [mixin/]: Mixing ZombieHorseAnimalEntityMixin from friendsandfoes-common.mixins.json into net.minecraft.world.entity.animal.Animal
[13Sep2025 21:39:24.208] [main/DEBUG] [mixin/]: Mixing screenhandler.LoomScreenHandlerMixin from yyzsbackpack.mixins.json into net.minecraft.world.inventory.LoomMenu
[13Sep2025 21:39:24.212] [main/DEBUG] [mixin/]: Mixing util.inventory_change_listening.StackListReplacementTracking$InventoryChangeTrackingBarrelBlockEntity from canary.mixins.json into net.minecraft.world.level.block.entity.BarrelBlockEntity
[13Sep2025 21:39:24.216] [main/DEBUG] [mixin/]: Mixing screenhandler.CartographyTableScreenHandlerMixin from yyzsbackpack.mixins.json into net.minecraft.world.inventory.CartographyTableMenu
[13Sep2025 21:39:24.218] [main/DEBUG] [mixin/]: Mixing screenhandler.GrindstoneScreenHandlerMixin from yyzsbackpack.mixins.json into net.minecraft.world.inventory.GrindstoneMenu
[13Sep2025 21:39:24.226] [main/DEBUG] [mixin/]: Mixing screenhandler.StonecutterScreenHandlerMixin from yyzsbackpack.mixins.json into net.minecraft.world.inventory.StonecutterMenu
[13Sep2025 21:39:24.231] [main/DEBUG] [mixin/]: Mixing world.block_entity_ticking.sleeping.campfire.CampfireBlockEntityMixin from canary.mixins.json into net.minecraft.world.level.block.entity.CampfireBlockEntity
[13Sep2025 21:39:24.330] [main/DEBUG] [mixin/]: Mixing LightningEntityMixin from friendsandfoes-common.mixins.json into net.minecraft.world.entity.LightningBolt
[13Sep2025 21:39:24.331] [main/DEBUG] [mixin/]: Renaming synthetic method lambda$friendsandfoes$cleanOxidationAround$0(Lnet/minecraft/world/level/Level;Lnet/minecraft/core/BlockPos;Lnet/minecraft/world/level/block/state/BlockState;)V to md089065$lambda$friendsandfoes$cleanOxidationAround$0$0 in friendsandfoes-common.mixins.json:LightningEntityMixin
[13Sep2025 21:39:24.332] [main/DEBUG] [mixin/]: Mixing LightningEntityMixin from moonlight-common.mixins.json into net.minecraft.world.entity.LightningBolt
[13Sep2025 21:39:24.337] [main/DEBUG] [mixin/]: Generating mapped inner class net/minecraft/world/level/block/LightningRodBlock$Anonymous$2360d05be9ed4621a0f94ba5b74c7399 (originally com/faboslav/friendsandfoes/common/mixin/LightningRodBlockMixin$1)
[13Sep2025 21:39:24.402] [main/DEBUG] [net.minecraftforge.coremod.transformer.CoreModBaseTransformer/COREMOD]: Transforming net/minecraft/world/entity/animal/frog/Tadpole
[13Sep2025 21:39:24.444] [main/DEBUG] [mixin/]: Mixing BlockItemMixin from moonlight-common.mixins.json into net.minecraft.world.item.BlockItem
[13Sep2025 21:39:24.460] [main/DEBUG] [mixin/]: Mixing BowItemMixin from unionlib.mixins.json into net.minecraft.world.item.BowItem
[13Sep2025 21:39:24.475] [main/DEBUG] [mixin/]: Mixing TunnelingEnchantmentMixin from betterarcheology.mixins.json into net.minecraft.world.item.DiggerItem
[13Sep2025 21:39:24.497] [main/DEBUG] [mixin/]: Mixing SoupItemMixin from farmersdelight.mixins.json into net.minecraft.world.item.BowlFoodItem
[13Sep2025 21:39:24.504] [main/DEBUG] [net.minecraftforge.coremod.transformer.CoreModBaseTransformer/COREMOD]: Transforming net/minecraft/world/item/BucketItem
[13Sep2025 21:39:24.504] [main/DEBUG] [mixin/]: Mixing BucketItemAccessor from dawnoftimebuilder.mixins.json into net.minecraft.world.item.BucketItem
[13Sep2025 21:39:24.509] [main/DEBUG] [mixin/]: Mixing BundleItemAccessor from friendsandfoes-common.mixins.json into net.minecraft.world.item.BundleItem
[13Sep2025 21:39:24.509] [main/DEBUG] [mixin/]: Renaming @Invoker method callAddToBundle(Lnet/minecraft/world/item/ItemStack;Lnet/minecraft/world/item/ItemStack;)I to callAddToBundle_$md$089065$0 in friendsandfoes-common.mixins.json:BundleItemAccessor
[13Sep2025 21:39:24.514] [main/DEBUG] [mixin/]: Mixing MapItemMixin from moonlight-common.mixins.json into net.minecraft.world.item.MapItem
[13Sep2025 21:39:24.515] [main/DEBUG] [mixin/]: Renaming synthetic method lambda$update$1(Lnet/minecraft/world/level/saveddata/maps/MapItemSavedData;Lnet/minecraft/world/entity/Entity;Ljava/util/concurrent/atomic/AtomicBoolean;Lnet/minecraft/resources/ResourceLocation;Lnet/mehvahdjukaar/moonlight/api/map/CustomMapData;)V to md089065$lambda$update$1$0 in moonlight-common.mixins.json:MapItemMixin
[13Sep2025 21:39:24.515] [main/DEBUG] [mixin/]: Renaming synthetic method lambda$appendHoverText$0(Lnet/minecraft/world/level/saveddata/maps/MapItemSavedData;Lnet/minecraft/world/item/ItemStack;Ljava/util/List;Lnet/minecraft/resources/ResourceLocation;Lnet/mehvahdjukaar/moonlight/api/map/CustomMapData;)V to md089065$lambda$appendHoverText$0$1 in moonlight-common.mixins.json:MapItemMixin
[13Sep2025 21:39:24.519] [main/DEBUG] [mixin/]: Mixing ShearItemMixin from moonlight-common.mixins.json into net.minecraft.world.item.ShearsItem
[13Sep2025 21:39:24.522] [main/DEBUG] [mixin/]: Mixing BottleItemMixin from unionlib_potionfluid.mixins.json into net.minecraft.world.item.BottleItem
[13Sep2025 21:39:24.525] [main/DEBUG] [mixin/]: Mixing EnderEyeItemMixin from endrem.mixins.json into net.minecraft.world.item.EnderEyeItem
[13Sep2025 21:39:24.579] [main/DEBUG] [mixin/]: Mixing entity.collisions.unpushable_cramming.AbstractMinecartMixin from canary.mixins.json into net.minecraft.world.entity.vehicle.AbstractMinecart
[13Sep2025 21:39:24.581] [main/DEBUG] [mixin/]: Mixing entity.replace_entitytype_predicates.AbstractMinecartMixin from canary.mixins.json into net.minecraft.world.entity.vehicle.AbstractMinecart
[13Sep2025 21:39:24.581] [main/DEBUG] [mixin/]: Renaming synthetic method lambda$getOtherAbstractMinecarts$0(Lnet/minecraft/world/entity/Entity;Lnet/minecraft/world/entity/vehicle/AbstractMinecart;)Z to md089065$lambda$getOtherAbstractMinecarts$0$0 in canary.mixins.json:entity.replace_entitytype_predicates.AbstractMinecartMixin
[13Sep2025 21:39:24.615] [main/DEBUG] [mixin/]: Mixing entity.inactive_navigations.PathNavigationMixin from canary.mixins.json into net.minecraft.world.entity.ai.navigation.PathNavigation
[13Sep2025 21:39:24.624] [main/DEBUG] [mixin/]: Mixing entity.replace_entitytype_predicates.HangingEntityMixin from canary.mixins.json into net.minecraft.world.entity.decoration.HangingEntity
[13Sep2025 21:39:24.625] [main/DEBUG] [mixin/]: Renaming synthetic method lambda$getAbstractDecorationEntities$0(Lnet/minecraft/world/entity/Entity;Lnet/minecraft/world/entity/decoration/HangingEntity;)Z to md089065$lambda$getAbstractDecorationEntities$0$0 in canary.mixins.json:entity.replace_entitytype_predicates.HangingEntityMixin
[13Sep2025 21:39:24.625] [main/DEBUG] [mixin/]: Mixing AbstractDecorationEntityMixin from bettervillage.mixins.json into net.minecraft.world.entity.decoration.HangingEntity
[13Sep2025 21:39:24.892] [main/DEBUG] [mixin/]: Mixing alloc.nbt.CompoundTagMixin from canary.mixins.json into net.minecraft.nbt.CompoundTag
[13Sep2025 21:39:24.902] [main/DEBUG] [mixin/]: Mixing alloc.nbt.CompoundTagMixin$Type from canary.mixins.json into net.minecraft.nbt.CompoundTag$1
[13Sep2025 21:39:25.300] [main/DEBUG] [mixin/]: Mixing entity.replace_entitytype_predicates.ArmorStandMixin from canary.mixins.json into net.minecraft.world.entity.decoration.ArmorStand
[13Sep2025 21:39:25.301] [main/DEBUG] [mixin/]: Renaming synthetic method lambda$getMinecartsDirectly$0(Lnet/minecraft/world/entity/Entity;Lnet/minecraft/world/entity/Entity;)Z to md089065$lambda$getMinecartsDirectly$0$0 in canary.mixins.json:entity.replace_entitytype_predicates.ArmorStandMixin
[13Sep2025 21:39:25.301] [main/DEBUG] [mixin/]: Mixing entity.skip_equipment_change_check.ArmorStandMixin from canary.mixins.json into net.minecraft.world.entity.decoration.ArmorStand
[13Sep2025 21:39:25.317] [main/DEBUG] [mixin/]: Mixing BeeMixin from immersive_weathering-common.mixins.json into net.minecraft.world.entity.animal.Bee
[13Sep2025 21:39:25.318] [main/DEBUG] [mixin/]: Mixing BeeEntityAccessor from friendsandfoes-common.mixins.json into net.minecraft.world.entity.animal.Bee
[13Sep2025 21:39:25.318] [main/DEBUG] [mixin/]: Mixing BeeEntityMixin from friendsandfoes-common.mixins.json into net.minecraft.world.entity.animal.Bee
[13Sep2025 21:39:25.328] [main/DEBUG] [mixin/]: Mixing TemptGoalMixin from friendsandfoes-common.mixins.json into net.minecraft.world.entity.ai.goal.TemptGoal
[13Sep2025 21:39:25.329] [main/DEBUG] [mixin/]: Renaming synthetic method lambda$friendsandfoes_canStartWithReturn$0(Lcom/faboslav/friendsandfoes/common/entity/TuffGolemEntity;)Z to md089065$lambda$friendsandfoes_canStartWithReturn$0$0 in friendsandfoes-common.mixins.json:TemptGoalMixin
[13Sep2025 21:39:25.336] [main/DEBUG] [mixin/]: Mixing BeeEntityMoveToHiveGoalMixin from friendsandfoes-common.mixins.json into net.minecraft.world.entity.animal.Bee$BeeGoToHiveGoal
[13Sep2025 21:39:25.337] [main/DEBUG] [mixin/]: Mixing BeeEntityMoveToFlowerGoalMixin from friendsandfoes-common.mixins.json into net.minecraft.world.entity.animal.Bee$BeeGoToKnownFlowerGoal
[13Sep2025 21:39:25.339] [main/DEBUG] [mixin/]: Mixing BeeGoalMixin from moonlight-common.mixins.json into net.minecraft.world.entity.animal.Bee$BeeGrowCropGoal
[13Sep2025 21:39:25.346] [main/DEBUG] [mixin/]: Mixing BlazeEntityMixin from friendsandfoes-common.mixins.json into net.minecraft.world.entity.monster.Blaze
[13Sep2025 21:39:25.356] [main/DEBUG] [mixin/]: Mixing entity.collisions.unpushable_cramming.BoatMixin from canary.mixins.json into net.minecraft.world.entity.vehicle.Boat
[13Sep2025 21:39:25.364] [main/DEBUG] [mixin/]: Mixing ZombieHorseAbstractHorseEntityMixin from friendsandfoes-common.mixins.json into net.minecraft.world.entity.animal.horse.AbstractHorse
[13Sep2025 21:39:25.382] [main/DEBUG] [net.minecraftforge.coremod.transformer.CoreModBaseTransformer/COREMOD]: Transforming net/minecraft/world/entity/monster/Spider
[13Sep2025 21:39:25.398] [main/DEBUG] [mixin/]: Mixing AddSkeletonGoalsMixin from betterarcheology.mixins.json into net.minecraft.world.entity.monster.AbstractSkeleton
[13Sep2025 21:39:25.410] [main/DEBUG] [mixin/]: Mixing ChickenEntityMixin from friendsandfoes-common.mixins.json into net.minecraft.world.entity.animal.Chicken
[13Sep2025 21:39:25.410] [main/DEBUG] [mixin/]: Renaming synthetic method lambda$friendsandfoes_addFleeGoal$0(Ljava/lang/Object;)Z to md089065$lambda$friendsandfoes_addFleeGoal$0$0 in friendsandfoes-common.mixins.json:ChickenEntityMixin
[13Sep2025 21:39:25.420] [main/DEBUG] [mixin/]: Mixing AddCreeperGoalsMixin from betterarcheology.mixins.json into net.minecraft.world.entity.monster.Creeper
[13Sep2025 21:39:25.432] [main/DEBUG] [mixin/]: Mixing entity.inactive_navigations.DrownedMixin from canary.mixins.json into net.minecraft.world.entity.monster.Drowned
[13Sep2025 21:39:25.433] [main/DEBUG] [net.minecraftforge.coremod.transformer.CoreModBaseTransformer/COREMOD]: Transforming net/minecraft/world/entity/monster/Zombie
[13Sep2025 21:39:25.486] [main/DEBUG] [net.minecraftforge.coremod.transformer.CoreModBaseTransformer/COREMOD]: Transforming net/minecraft/world/entity/monster/Zombie
[13Sep2025 21:39:25.540] [main/DEBUG] [net.minecraftforge.coremod.transformer.CoreModBaseTransformer/COREMOD]: Transforming net/minecraft/world/entity/monster/ZombieVillager
[13Sep2025 21:39:25.577] [main/DEBUG] [mixin/]: Mixing common.MixinThrownTrident from mixins.epicfight.json into net.minecraft.world.entity.projectile.ThrownTrident
[13Sep2025 21:39:25.582] [main/DEBUG] [mixin/]: Mixing common.MixinRangedAttackGoal from mixins.epicfight.json into net.minecraft.world.entity.ai.goal.RangedAttackGoal
[13Sep2025 21:39:25.583] [main/DEBUG] [mixin/]: Renaming synthetic method lambda$epicfight$tick$0(Lyesman/epicfight/world/capabilities/entitypatch/LivingEntityPatch;)V to md089065$lambda$epicfight$tick$0$0 in mixins.epicfight.json:common.MixinRangedAttackGoal
[13Sep2025 21:39:25.585] [main/DEBUG] [mixin/]: Mixing entity.inactive_navigations.DrownedGoToBeachGoalMixin from canary.mixins.json into net.minecraft.world.entity.monster.Drowned$DrownedGoToBeachGoal
[13Sep2025 21:39:25.604] [main/DEBUG] [mixin/]: Mixing IllusionerSpellcastingIllagerEntityMixin from friendsandfoes-common.mixins.json into net.minecraft.world.entity.monster.SpellcasterIllager
[13Sep2025 21:39:25.606] [main/DEBUG] [mixin/]: Mixing IllusionerRaiderEntityMixin from friendsandfoes-common.mixins.json into net.minecraft.world.entity.raid.Raider
[13Sep2025 21:39:25.606] [main/DEBUG] [mixin/]: Mixing ai.raid.RaiderMixin from canary.mixins.json into net.minecraft.world.entity.raid.Raider
[13Sep2025 21:39:25.607] [main/DEBUG] [mixin/]: Renaming synthetic method lambda$static$0(Lnet/minecraft/world/entity/item/ItemEntity;)Z to md089065$lambda$static$0$0 in canary.mixins.json:ai.raid.RaiderMixin
[13Sep2025 21:39:25.611] [main/DEBUG] [mixin/]: Mixing ai.raid.ObtainRaidLeaderBannerGoalMixin from canary.mixins.json into net.minecraft.world.entity.raid.Raider$ObtainRaidLeaderBannerGoal
[13Sep2025 21:39:25.613] [main/DEBUG] [mixin/]: Mixing ai.poi.tasks.RaiderMoveThroughVillageGoalMixin from canary.mixins.json into net.minecraft.world.entity.raid.Raider$RaiderMoveThroughVillageGoal
[13Sep2025 21:39:25.617] [main/DEBUG] [net.minecraftforge.coremod.transformer.CoreModBaseTransformer/COREMOD]: Transforming net/minecraft/world/entity/monster/Evoker$EvokerSummonSpellGoal
[13Sep2025 21:39:25.633] [main/DEBUG] [mixin/]: Mixing FixBlockPlaceContextMixin from moonlight-common.mixins.json into net.minecraft.world.item.context.BlockPlaceContext
[13Sep2025 21:39:25.655] [main/DEBUG] [mixin/]: Mixing entity.replace_entitytype_predicates.ItemFrameMixin from canary.mixins.json into net.minecraft.world.entity.decoration.ItemFrame
[13Sep2025 21:39:25.655] [main/DEBUG] [mixin/]: Renaming synthetic method lambda$getAbstractDecorationEntities$0(Lnet/minecraft/world/entity/Entity;Lnet/minecraft/world/entity/decoration/HangingEntity;)Z to md089065$lambda$getAbstractDecorationEntities$0$0 in canary.mixins.json:entity.replace_entitytype_predicates.ItemFrameMixin
[13Sep2025 21:39:25.667] [main/DEBUG] [mixin/]: Mixing screenhandler.HopperScreenHandlerMixin from yyzsbackpack.mixins.json into net.minecraft.world.inventory.HopperMenu
[13Sep2025 21:39:25.672] [main/DEBUG] [mixin/]: Mixing IllusionerEntityMixin from friendsandfoes-common.mixins.json into net.minecraft.world.entity.monster.Illusioner
[13Sep2025 21:39:25.690] [main/DEBUG] [mixin/]: Mixing BlindTargetGoalFactory from friendsandfoes-common.mixins.json into net.minecraft.world.entity.monster.Illusioner$IllusionerBlindnessSpellGoal
[13Sep2025 21:39:25.691] [main/DEBUG] [mixin/]: Renaming @Invoker method newBlindTargetGoal(Lnet/minecraft/world/entity/monster/Illusioner;)Lnet/minecraft/world/entity/monster/Illusioner$IllusionerBlindnessSpellGoal; to newBlindTargetGoal_$md$089065$0 in friendsandfoes-common.mixins.json:BlindTargetGoalFactory
[13Sep2025 21:39:25.692] [main/DEBUG] [mixin/]: Mixing common.MixinRangedBowAttackGoal from mixins.epicfight.json into net.minecraft.world.entity.ai.goal.RangedBowAttackGoal
[13Sep2025 21:39:25.692] [main/DEBUG] [mixin/]: Renaming synthetic method lambda$epicfight$tick$0(Lyesman/epicfight/world/capabilities/entitypatch/LivingEntityPatch;)V to md089065$lambda$epicfight$tick$0$0 in mixins.epicfight.json:common.MixinRangedBowAttackGoal
[13Sep2025 21:39:25.697] [main/DEBUG] [mixin/]: Mixing entity.replace_entitytype_predicates.GolemRandomStrollInVillageGoalMixin from canary.mixins.json into net.minecraft.world.entity.ai.goal.GolemRandomStrollInVillageGoal
[13Sep2025 21:39:25.707] [main/DEBUG] [mixin/]: Mixing entity.replace_entitytype_predicates.LlamaFollowCaravanGoalMixin from canary.mixins.json into net.minecraft.world.entity.ai.goal.LlamaFollowCaravanGoal
[13Sep2025 21:39:25.707] [main/DEBUG] [mixin/]: Renaming synthetic method lambda$getLlamasForCaravan$0(Lnet/minecraft/world/entity/Entity;Lnet/minecraft/world/entity/animal/horse/Llama;)Z to md089065$lambda$getLlamasForCaravan$0$0 in canary.mixins.json:entity.replace_entitytype_predicates.LlamaFollowCaravanGoalMixin
[13Sep2025 21:39:25.743] [main/DEBUG] [mixin/]: Mixing common.MixinRangedCrossbowAttackGoal from mixins.epicfight.json into net.minecraft.world.entity.ai.goal.RangedCrossbowAttackGoal
[13Sep2025 21:39:25.744] [main/DEBUG] [mixin/]: Renaming synthetic method lambda$epicfight$tick$0(Lyesman/epicfight/world/capabilities/entitypatch/LivingEntityPatch;)V to md089065$lambda$epicfight$tick$0$0 in mixins.epicfight.json:common.MixinRangedCrossbowAttackGoal
[13Sep2025 21:39:25.748] [main/DEBUG] [mixin/]: Mixing ThrownPotionMixin from moonlight-common.mixins.json into net.minecraft.world.entity.projectile.ThrownPotion
[13Sep2025 21:39:25.754] [main/DEBUG] [mixin/]: Mixing RabbitMixin from immersive_weathering-common.mixins.json into net.minecraft.world.entity.animal.Rabbit
[13Sep2025 21:39:25.755] [main/DEBUG] [mixin/]: Mixing RabbitEntityMixin from friendsandfoes-common.mixins.json into net.minecraft.world.entity.animal.Rabbit
[13Sep2025 21:39:25.755] [main/DEBUG] [mixin/]: Renaming synthetic method lambda$friendsandfoes_addFleeGoal$0(Ljava/lang/Object;)Z to md089065$lambda$friendsandfoes_addFleeGoal$0$0 in friendsandfoes-common.mixins.json:RabbitEntityMixin
[13Sep2025 21:39:25.756] [main/DEBUG] [mixin/]: Mixing RabbitsEatCabbageMixin from farmersdelight.mixins.json into net.minecraft.world.entity.animal.Rabbit
[13Sep2025 21:39:25.762] [main/DEBUG] [mixin/]: Mixing RabbitEatGoalMixin from immersive_weathering-common.mixins.json into net.minecraft.world.entity.animal.Rabbit$RaidGardenGoal
[13Sep2025 21:39:25.768] [main/DEBUG] [mixin/]: Mixing EatBlockGoalMixin from immersive_weathering-common.mixins.json into net.minecraft.world.entity.ai.goal.EatBlockGoal
[13Sep2025 21:39:25.779] [main/DEBUG] [net.minecraftforge.coremod.transformer.CoreModBaseTransformer/COREMOD]: Transforming net/minecraft/world/entity/animal/horse/SkeletonTrapGoal
[13Sep2025 21:39:25.795] [main/DEBUG] [mixin/]: Mixing SnowballMixin from immersive_weathering-common.mixins.json into net.minecraft.world.entity.projectile.Snowball
[13Sep2025 21:39:25.799] [main/DEBUG] [mixin/]: Mixing SnowballEntityMixin from friendsandfoes-common.mixins.json into net.minecraft.world.entity.projectile.Snowball
[13Sep2025 21:39:25.808] [main/DEBUG] [net.minecraftforge.coremod.transformer.CoreModBaseTransformer/COREMOD]: Transforming net/minecraft/world/entity/monster/Strider
[13Sep2025 21:39:25.869] [main/DEBUG] [mixin/]: Mixing AddCustomEntityPoseMixin from friendsandfoes-common.mixins.json into net.minecraft.world.entity.Pose
[13Sep2025 21:39:25.869] [main/DEBUG] [mixin/]: Renaming @Invoker method newEntityPose(Ljava/lang/String;I)Lnet/minecraft/world/entity/Pose; to newEntityPose_$md$089065$0 in friendsandfoes-common.mixins.json:AddCustomEntityPoseMixin
[13Sep2025 21:39:25.874] [main/DEBUG] [mixin/]: Mixing entity.data_tracker.use_arrays.SynchedEntityDataMixin from canary.mixins.json into net.minecraft.network.syncher.SynchedEntityData
[13Sep2025 21:39:25.877] [main/DEBUG] [mixin/]: Mixing entity.data_tracker.no_locks.SynchedEntityDataMixin from canary.mixins.json into net.minecraft.network.syncher.SynchedEntityData
[13Sep2025 21:39:25.888] [main/WARN] [net.minecraft.network.syncher.SynchedEntityData/]: defineId called for: class net.minecraft.world.entity.LivingEntity from class yesman.epicfight.world.capabilities.entitypatch.LivingEntityPatch
[13Sep2025 21:39:25.888] [main/WARN] [net.minecraft.network.syncher.SynchedEntityData/]: defineId called for: class net.minecraft.world.entity.LivingEntity from class yesman.epicfight.world.capabilities.entitypatch.LivingEntityPatch
[13Sep2025 21:39:25.889] [main/WARN] [net.minecraft.network.syncher.SynchedEntityData/]: defineId called for: class net.minecraft.world.entity.LivingEntity from class yesman.epicfight.world.capabilities.entitypatch.LivingEntityPatch
[13Sep2025 21:39:25.889] [main/WARN] [net.minecraft.network.syncher.SynchedEntityData/]: defineId called for: class net.minecraft.world.entity.LivingEntity from class yesman.epicfight.world.capabilities.entitypatch.LivingEntityPatch
[13Sep2025 21:39:25.894] [main/DEBUG] [mixin/]: Mixing VillagerHostilesSensorMixin from friendsandfoes-common.mixins.json into net.minecraft.world.entity.ai.sensing.VillagerHostilesSensor
[13Sep2025 21:39:25.899] [main/DEBUG] [mixin/]: Mixing ai.sensor.secondary_poi.SecondaryPoiSensorMixin from canary.mixins.json into net.minecraft.world.entity.ai.sensing.SecondaryPoiSensor
[13Sep2025 21:39:25.902] [main/DEBUG] [mixin/]: Mixing ClayGolemSensorMixin from takesapillage.mixins.json into net.minecraft.world.entity.ai.sensing.GolemSensor
[13Sep2025 21:39:25.903] [main/DEBUG] [mixin/]: Renaming synthetic method lambda$checkForNearbyClayGolem$0(Lnet/minecraft/world/entity/LivingEntity;)Z to md089065$lambda$checkForNearbyClayGolem$0$0 in takesapillage.mixins.json:ClayGolemSensorMixin
[13Sep2025 21:39:25.913] [main/DEBUG] [mixin/]: Mixing util.world_border_listener.WorldBorderMixin from canary.mixins.json into net.minecraft.world.level.border.WorldBorder
[13Sep2025 21:39:25.920] [main/DEBUG] [mixin/]: Mixing world.inline_block_access.LevelChunkMixin from canary.mixins.json into net.minecraft.world.level.chunk.LevelChunk
[13Sep2025 21:39:25.920] [main/DEBUG] [mixin/]: Mixing LevelChunkMixin from moonlight-common.mixins.json into net.minecraft.world.level.chunk.LevelChunk
[13Sep2025 21:39:25.921] [main/DEBUG] [mixin/]: Mixing world.block_entity_ticking.sleeping.LevelChunkMixin from canary.mixins.json into net.minecraft.world.level.chunk.LevelChunk
[13Sep2025 21:39:25.921] [main/DEBUG] [mixin/]: Mixing world.combined_heightmap_update.LevelChunkMixin from canary.mixins.json into net.minecraft.world.level.chunk.LevelChunk
[13Sep2025 21:39:25.922] [main/DEBUG] [mixin/]: Mixing world.inline_height.LevelChunkMixin from canary.mixins.json into net.minecraft.world.level.chunk.LevelChunk
[13Sep2025 21:39:25.947] [main/DEBUG] [net.minecraftforge.coremod.transformer.CoreModBaseTransformer/COREMOD]: Transforming net/minecraft/world/entity/npc/Villager
[13Sep2025 21:39:26.032] [main/DEBUG] [mixin/]: Mixing VillagerMixin from moonlight-common.mixins.json into net.minecraft.world.entity.npc.Villager
[13Sep2025 21:39:26.059] [main/DEBUG] [mixin/]: Mixing ZombieHorseEntityMixin from friendsandfoes-common.mixins.json into net.minecraft.world.entity.animal.horse.ZombieHorse
[13Sep2025 21:39:26.073] [main/DEBUG] [mixin/]: Mixing entity.collisions.unpushable_cramming.EntitySelectorMixin from canary.mixins.json into net.minecraft.world.entity.EntitySelector
[13Sep2025 21:39:26.084] [main/DEBUG] [net.minecraftforge.coremod.transformer.CoreModBaseTransformer/COREMOD]: Transforming net/minecraft/world/effect/MobEffectInstance
[13Sep2025 21:39:26.111] [main/DEBUG] [mixin/]: Mixing common.MixinServerGamePacketListenerImpl from mixins.epicfight.json into net.minecraft.server.network.ServerGamePacketListenerImpl
[13Sep2025 21:39:26.126] [main/DEBUG] [mixin/]: Mixing accessor.PotionBrewingAccessor from yungsapi.mixins.json into net.minecraft.world.item.alchemy.PotionBrewing
[13Sep2025 21:39:26.126] [main/DEBUG] [mixin/]: Renaming @Invoker method callAddMix(Lnet/minecraft/world/item/alchemy/Potion;Lnet/minecraft/world/item/Item;Lnet/minecraft/world/item/alchemy/Potion;)V to callAddMix_$md$089065$0 in yungsapi.mixins.json:accessor.PotionBrewingAccessor
[13Sep2025 21:39:26.126] [main/DEBUG] [mixin/]: Mixing BrewingRecipeRegistryMixin from friendsandfoes-common.mixins.json into net.minecraft.world.item.alchemy.PotionBrewing
[13Sep2025 21:39:26.126] [main/DEBUG] [mixin/]: Renaming @Invoker method invokeRegisterPotionRecipe(Lnet/minecraft/world/item/alchemy/Potion;Lnet/minecraft/world/item/Item;Lnet/minecraft/world/item/alchemy/Potion;)V to invokeRegisterPotionRecipe_$md$089065$1 in friendsandfoes-common.mixins.json:BrewingRecipeRegistryMixin
[13Sep2025 21:39:26.176] [main/DEBUG] [mixin/]: Mixing screenhandler.FurnaceScreenHandlerMixin from yyzsbackpack.mixins.json into net.minecraft.world.inventory.AbstractFurnaceMenu
[13Sep2025 21:39:26.182] [main/DEBUG] [mixin/]: Mixing screenhandler.Generic3x3ContainerScreenHandlerMixin from yyzsbackpack.mixins.json into net.minecraft.world.inventory.DispenserMenu
[13Sep2025 21:39:26.186] [main/DEBUG] [mixin/]: Mixing screenhandler.BrewingStandScreenHandlerMixin from yyzsbackpack.mixins.json into net.minecraft.world.inventory.BrewingStandMenu
[13Sep2025 21:39:26.192] [main/DEBUG] [mixin/]: Mixing screenhandler.ShulkerBoxScreenHandlerMixin from yyzsbackpack.mixins.json into net.minecraft.world.inventory.ShulkerBoxMenu
[13Sep2025 21:39:26.207] [main/DEBUG] [mixin/]: Mixing world.combined_heightmap_update.HeightmapAccessor from canary.mixins.json into net.minecraft.world.level.levelgen.Heightmap
[13Sep2025 21:39:26.221] [main/DEBUG] [mixin/]: Mixing accessors.RandomBlockMatchTestAccessor from immersive_weathering-common.mixins.json into net.minecraft.world.level.levelgen.structure.templatesystem.RandomBlockMatchTest
[13Sep2025 21:39:26.232] [main/DEBUG] [mixin/]: Mixing PlayerInventoryMixin from yyzsbackpack.mixins.json into net.minecraft.world.entity.player.Inventory
[13Sep2025 21:39:26.234] [main/DEBUG] [mixin/]: Mixing InventoryMixin from moonlight-common.mixins.json into net.minecraft.world.entity.player.Inventory
[13Sep2025 21:39:26.244] [main/DEBUG] [mixin/]: Mixing SlotAccessor from balm.mixins.json into net.minecraft.world.inventory.Slot
[13Sep2025 21:39:26.248] [main/DEBUG] [net.minecraftforge.coremod.transformer.CoreModBaseTransformer/COREMOD]: Transforming net/minecraft/world/inventory/ResultSlot
[13Sep2025 21:39:26.343] [main/DEBUG] [mixin/]: Mixing GrindstoneMenuSlotMixin from moonlight-common.mixins.json into net.minecraft.world.inventory.GrindstoneMenu$4
[13Sep2025 21:39:26.361] [main/DEBUG] [mixin/]: Mixing MapExtendingRecipeMixin from moonlight-common.mixins.json into net.minecraft.world.item.crafting.MapExtendingRecipe
[13Sep2025 21:39:26.489] [main/DEBUG] [mixin/]: Mixing collections.mob_spawning.WeightedRandomListMixin from canary.mixins.json into net.minecraft.util.random.WeightedRandomList
[13Sep2025 21:39:26.716] [main/DEBUG] [mixin/]: Mixing StructureSetMixin from bettervillage.mixins.json into net.minecraft.world.level.levelgen.structure.StructureSet
[13Sep2025 21:39:26.716] [main/DEBUG] [mixin/]: Renaming synthetic method lambda$onCreateStructureSet$1(Lnet/minecraft/world/level/levelgen/structure/StructureSet$StructureSelectionEntry;)Z to md089065$lambda$onCreateStructureSet$1$0 in bettervillage.mixins.json:StructureSetMixin
[13Sep2025 21:39:26.716] [main/DEBUG] [mixin/]: Renaming synthetic method lambda$onCreateStructureSet$0(Lnet/minecraft/resources/ResourceKey;)Ljava/lang/Boolean; to md089065$lambda$onCreateStructureSet$0$1 in bettervillage.mixins.json:StructureSetMixin
[13Sep2025 21:39:26.723] [main/DEBUG] [net.minecraftforge.coremod.transformer.CoreModBaseTransformer/COREMOD]: Transforming net/minecraft/world/level/levelgen/structure/Structure
[13Sep2025 21:39:26.756] [main/DEBUG] [mixin/]: Mixing StrongholdGeneratorMixin from friendsandfoes-common.mixins.json into net.minecraft.world.level.levelgen.structure.structures.StrongholdPieces$Library
[13Sep2025 21:39:26.763] [main/DEBUG] [mixin/]: Mixing StrongholdPiecesMixin from endrem.mixins.json into net.minecraft.world.level.levelgen.structure.structures.StrongholdPieces$PortalRoom
[13Sep2025 21:39:26.774] [main/DEBUG] [net.minecraftforge.coremod.transformer.CoreModBaseTransformer/COREMOD]: Transforming net/minecraft/world/level/levelgen/structure/structures/OceanRuinPieces$OceanRuinPiece
[13Sep2025 21:39:26.795] [main/DEBUG] [net.minecraftforge.coremod.transformer.CoreModBaseTransformer/COREMOD]: Transforming net/minecraft/world/level/levelgen/structure/structures/SwampHutPiece
[13Sep2025 21:39:26.808] [main/DEBUG] [net.minecraftforge.coremod.transformer.CoreModBaseTransformer/COREMOD]: Transforming net/minecraft/world/level/levelgen/structure/structures/OceanMonumentPieces$OceanMonumentPiece
[13Sep2025 21:39:26.828] [main/DEBUG] [net.minecraftforge.coremod.transformer.CoreModBaseTransformer/COREMOD]: Transforming net/minecraft/world/level/levelgen/structure/structures/WoodlandMansionPieces$WoodlandMansionPiece
[13Sep2025 21:39:26.847] [main/DEBUG] [mixin/]: Mixing collections.mob_spawning.MobSpawnSettingsMixin from canary.mixins.json into net.minecraft.world.level.biome.MobSpawnSettings
[13Sep2025 21:39:26.861] [main/DEBUG] [mixin/]: Mixing StructureTemplatePoolAccessor from waystones.mixins.json into net.minecraft.world.level.levelgen.structure.pools.StructureTemplatePool
[13Sep2025 21:39:26.861] [main/DEBUG] [mixin/]: Mixing accessor.StructureTemplatePoolAccessor from yungsapi.mixins.json into net.minecraft.world.level.levelgen.structure.pools.StructureTemplatePool
[13Sep2025 21:39:26.862] [main/DEBUG] [mixin/]: Mixing IncreaseStructureWeightLimitMixinForge from yungsapi_forge.mixins.json into net.minecraft.world.level.levelgen.structure.pools.StructureTemplatePool
[13Sep2025 21:39:26.862] [main/DEBUG] [mixin/]: Mixing StructurePoolAccessor from friendsandfoes-common.mixins.json into net.minecraft.world.level.levelgen.structure.pools.StructureTemplatePool
[13Sep2025 21:39:26.863] [main/DEBUG] [mixin/]: Unexpected: Registered method getRawTemplates()Ljava/util/List; in net.minecraft.world.level.levelgen.structure.pools.StructureTemplatePool was not merged
[13Sep2025 21:39:26.947] [main/DEBUG] [net.minecraftforge.coremod.transformer.CoreModBaseTransformer/COREMOD]: Transforming net/minecraft/world/level/biome/Biome
[13Sep2025 21:39:26.948] [main/DEBUG] [mixin/]: Mixing accessors.BiomeAccessor from immersive_weathering-common.mixins.json into net.minecraft.world.level.biome.Biome
[13Sep2025 21:39:26.949] [main/DEBUG] [mixin/]: Mixing MixinBiome from sereneseasons.mixins.json into net.minecraft.world.level.biome.Biome
[13Sep2025 21:39:26.949] [main/DEBUG] [mixin/]: Mixing world.chunk_ticking.spread_ice.BiomeMixin from canary.mixins.json into net.minecraft.world.level.biome.Biome
[13Sep2025 21:39:27.102] [main/DEBUG] [mixin/]: Mixing SinglePoolElementMixin from waystones.mixins.json into net.minecraft.world.level.levelgen.structure.pools.SinglePoolElement
[13Sep2025 21:39:27.103] [main/DEBUG] [mixin/]: Renaming synthetic method lambda$waystones$isWaystone$1(Lnet/minecraft/world/level/levelgen/structure/templatesystem/StructureTemplate;)V to md089065$lambda$waystones$isWaystone$1$0 in waystones.mixins.json:SinglePoolElementMixin
[13Sep2025 21:39:27.103] [main/DEBUG] [mixin/]: Renaming synthetic method lambda$waystones$isWaystone$0(Lnet/minecraft/resources/ResourceLocation;)V to md089065$lambda$waystones$isWaystone$0$1 in waystones.mixins.json:SinglePoolElementMixin
[13Sep2025 21:39:27.104] [main/DEBUG] [mixin/]: Mixing accessor.SinglePoolElementAccessor from yungsapi.mixins.json into net.minecraft.world.level.levelgen.structure.pools.SinglePoolElement
[13Sep2025 21:39:27.106] [main/DEBUG] [net.minecraftforge.coremod.transformer.CoreModBaseTransformer/COREMOD]: Transforming net/minecraft/world/level/levelgen/structure/templatesystem/StructureTemplate
[13Sep2025 21:39:27.187] [main/DEBUG] [mixin/]: Mixing accessor.ListPoolElementAccessor from yungsapi.mixins.json into net.minecraft.world.level.levelgen.structure.pools.ListPoolElement
[13Sep2025 21:39:27.189] [main/DEBUG] [mixin/]: Mixing accessor.FeaturePoolElementAccessor from yungsapi.mixins.json into net.minecraft.world.level.levelgen.structure.pools.FeaturePoolElement
[13Sep2025 21:39:27.303] [main/DEBUG] [io.netty.util.internal.PlatformDependent0/]: -Dio.netty.noUnsafe: false
[13Sep2025 21:39:27.303] [main/DEBUG] [io.netty.util.internal.PlatformDependent0/]: Java version: 17
[13Sep2025 21:39:27.303] [main/DEBUG] [io.netty.util.internal.PlatformDependent0/]: sun.misc.Unsafe.theUnsafe: available
[13Sep2025 21:39:27.304] [main/DEBUG] [io.netty.util.internal.PlatformDependent0/]: sun.misc.Unsafe.copyMemory: available
[13Sep2025 21:39:27.304] [main/DEBUG] [io.netty.util.internal.PlatformDependent0/]: sun.misc.Unsafe.storeFence: available
[13Sep2025 21:39:27.304] [main/DEBUG] [io.netty.util.internal.PlatformDependent0/]: java.nio.Buffer.address: available
[13Sep2025 21:39:27.305] [main/DEBUG] [io.netty.util.internal.PlatformDependent0/]: direct buffer constructor: unavailable
java.lang.UnsupportedOperationException: Reflective setAccessible(true) disabled
	at io.netty.util.internal.ReflectionUtil.trySetAccessible(ReflectionUtil.java:31) ~[netty-common-4.1.82.Final.jar%2382!/:4.1.82.Final]
	at io.netty.util.internal.PlatformDependent0$5.run(PlatformDependent0.java:288) ~[netty-common-4.1.82.Final.jar%2382!/:4.1.82.Final]
	at java.security.AccessController.doPrivileged(AccessController.java:318) ~[?:?]
	at io.netty.util.internal.PlatformDependent0.<clinit>(PlatformDependent0.java:282) ~[netty-common-4.1.82.Final.jar%2382!/:4.1.82.Final]
	at io.netty.util.internal.PlatformDependent.isAndroid(PlatformDependent.java:333) ~[netty-common-4.1.82.Final.jar%2382!/:4.1.82.Final]
	at io.netty.util.internal.PlatformDependent.<clinit>(PlatformDependent.java:88) ~[netty-common-4.1.82.Final.jar%2382!/:4.1.82.Final]
	at io.netty.util.ConstantPool.<init>(ConstantPool.java:34) ~[netty-common-4.1.82.Final.jar%2382!/:4.1.82.Final]
	at io.netty.util.AttributeKey$1.<init>(AttributeKey.java:27) ~[netty-common-4.1.82.Final.jar%2382!/:4.1.82.Final]
	at io.netty.util.AttributeKey.<clinit>(AttributeKey.java:27) ~[netty-common-4.1.82.Final.jar%2382!/:4.1.82.Final]
	at net.minecraftforge.network.NetworkConstants.<clinit>(NetworkConstants.java:34) ~[forge-1.20.1-47.4.0-universal.jar%23190!/:?]
	at net.minecraftforge.network.NetworkHooks.init(NetworkHooks.java:52) ~[forge-1.20.1-47.4.0-universal.jar%23190!/:?]
	at net.minecraft.server.Bootstrap.m_135870_(Bootstrap.java:62) ~[server-1.20.1-20230612.114412-srg.jar%23185!/:?]
	at net.minecraft.server.Main.main(Main.java:121) ~[server-1.20.1-20230612.114412-srg.jar%23185!/:?]
	at jdk.internal.reflect.NativeMethodAccessorImpl.invoke0(Native Method) ~[?:?]
	at jdk.internal.reflect.NativeMethodAccessorImpl.invoke(NativeMethodAccessorImpl.java:77) ~[?:?]
	at jdk.internal.reflect.DelegatingMethodAccessorImpl.invoke(DelegatingMethodAccessorImpl.java:43) ~[?:?]
	at java.lang.reflect.Method.invoke(Method.java:569) ~[?:?]
	at net.minecraftforge.fml.loading.targets.CommonLaunchHandler.runTarget(CommonLaunchHandler.java:111) ~[fmlloader-1.20.1-47.4.0.jar%2369!/:?]
	at net.minecraftforge.fml.loading.targets.CommonLaunchHandler.serverService(CommonLaunchHandler.java:103) ~[fmlloader-1.20.1-47.4.0.jar%2369!/:?]
	at net.minecraftforge.fml.loading.targets.CommonServerLaunchHandler.lambda$makeService$0(CommonServerLaunchHandler.java:27) ~[fmlloader-1.20.1-47.4.0.jar%2369!/:?]
	at cpw.mods.modlauncher.LaunchServiceHandlerDecorator.launch(LaunchServiceHandlerDecorator.java:30) ~[modlauncher-10.0.9.jar%2355!/:?]
	at cpw.mods.modlauncher.LaunchServiceHandler.launch(LaunchServiceHandler.java:53) ~[modlauncher-10.0.9.jar%2355!/:?]
	at cpw.mods.modlauncher.LaunchServiceHandler.launch(LaunchServiceHandler.java:71) ~[modlauncher-10.0.9.jar%2355!/:?]
	at cpw.mods.modlauncher.Launcher.run(Launcher.java:108) ~[modlauncher-10.0.9.jar%2355!/:?]
	at cpw.mods.modlauncher.Launcher.main(Launcher.java:78) ~[modlauncher-10.0.9.jar%2355!/:?]
	at cpw.mods.modlauncher.BootstrapLaunchConsumer.accept(BootstrapLaunchConsumer.java:26) ~[modlauncher-10.0.9.jar%2355!/:?]
	at cpw.mods.modlauncher.BootstrapLaunchConsumer.accept(BootstrapLaunchConsumer.java:23) ~[modlauncher-10.0.9.jar%2355!/:?]
	at cpw.mods.bootstraplauncher.BootstrapLauncher.main(BootstrapLauncher.java:141) ~[bootstraplauncher-1.1.2.jar:?]
[13Sep2025 21:39:27.306] [main/DEBUG] [io.netty.util.internal.PlatformDependent0/]: java.nio.Bits.unaligned: available, true
[13Sep2025 21:39:27.307] [main/DEBUG] [io.netty.util.internal.PlatformDependent0/]: jdk.internal.misc.Unsafe.allocateUninitializedArray(int): unavailable
java.lang.IllegalAccessException: class io.netty.util.internal.PlatformDependent0$7 (in module io.netty.common) cannot access class jdk.internal.misc.Unsafe (in module java.base) because module java.base does not export jdk.internal.misc to module io.netty.common
	at jdk.internal.reflect.Reflection.newIllegalAccessException(Reflection.java:392) ~[?:?]
	at java.lang.reflect.AccessibleObject.checkAccess(AccessibleObject.java:674) ~[?:?]
	at java.lang.reflect.Method.invoke(Method.java:561) ~[?:?]
	at io.netty.util.internal.PlatformDependent0$7.run(PlatformDependent0.java:410) ~[netty-common-4.1.82.Final.jar%2382!/:4.1.82.Final]
	at java.security.AccessController.doPrivileged(AccessController.java:318) ~[?:?]
	at io.netty.util.internal.PlatformDependent0.<clinit>(PlatformDependent0.java:401) ~[netty-common-4.1.82.Final.jar%2382!/:4.1.82.Final]
	at io.netty.util.internal.PlatformDependent.isAndroid(PlatformDependent.java:333) ~[netty-common-4.1.82.Final.jar%2382!/:4.1.82.Final]
	at io.netty.util.internal.PlatformDependent.<clinit>(PlatformDependent.java:88) ~[netty-common-4.1.82.Final.jar%2382!/:4.1.82.Final]
	at io.netty.util.ConstantPool.<init>(ConstantPool.java:34) ~[netty-common-4.1.82.Final.jar%2382!/:4.1.82.Final]
	at io.netty.util.AttributeKey$1.<init>(AttributeKey.java:27) ~[netty-common-4.1.82.Final.jar%2382!/:4.1.82.Final]
	at io.netty.util.AttributeKey.<clinit>(AttributeKey.java:27) ~[netty-common-4.1.82.Final.jar%2382!/:4.1.82.Final]
	at net.minecraftforge.network.NetworkConstants.<clinit>(NetworkConstants.java:34) ~[forge-1.20.1-47.4.0-universal.jar%23190!/:?]
	at net.minecraftforge.network.NetworkHooks.init(NetworkHooks.java:52) ~[forge-1.20.1-47.4.0-universal.jar%23190!/:?]
	at net.minecraft.server.Bootstrap.m_135870_(Bootstrap.java:62) ~[server-1.20.1-20230612.114412-srg.jar%23185!/:?]
	at net.minecraft.server.Main.main(Main.java:121) ~[server-1.20.1-20230612.114412-srg.jar%23185!/:?]
	at jdk.internal.reflect.NativeMethodAccessorImpl.invoke0(Native Method) ~[?:?]
	at jdk.internal.reflect.NativeMethodAccessorImpl.invoke(NativeMethodAccessorImpl.java:77) ~[?:?]
	at jdk.internal.reflect.DelegatingMethodAccessorImpl.invoke(DelegatingMethodAccessorImpl.java:43) ~[?:?]
	at java.lang.reflect.Method.invoke(Method.java:569) ~[?:?]
	at net.minecraftforge.fml.loading.targets.CommonLaunchHandler.runTarget(CommonLaunchHandler.java:111) ~[fmlloader-1.20.1-47.4.0.jar%2369!/:?]
	at net.minecraftforge.fml.loading.targets.CommonLaunchHandler.serverService(CommonLaunchHandler.java:103) ~[fmlloader-1.20.1-47.4.0.jar%2369!/:?]
	at net.minecraftforge.fml.loading.targets.CommonServerLaunchHandler.lambda$makeService$0(CommonServerLaunchHandler.java:27) ~[fmlloader-1.20.1-47.4.0.jar%2369!/:?]
	at cpw.mods.modlauncher.LaunchServiceHandlerDecorator.launch(LaunchServiceHandlerDecorator.java:30) ~[modlauncher-10.0.9.jar%2355!/:?]
	at cpw.mods.modlauncher.LaunchServiceHandler.launch(LaunchServiceHandler.java:53) ~[modlauncher-10.0.9.jar%2355!/:?]
	at cpw.mods.modlauncher.LaunchServiceHandler.launch(LaunchServiceHandler.java:71) ~[modlauncher-10.0.9.jar%2355!/:?]
	at cpw.mods.modlauncher.Launcher.run(Launcher.java:108) ~[modlauncher-10.0.9.jar%2355!/:?]
	at cpw.mods.modlauncher.Launcher.main(Launcher.java:78) ~[modlauncher-10.0.9.jar%2355!/:?]
	at cpw.mods.modlauncher.BootstrapLaunchConsumer.accept(BootstrapLaunchConsumer.java:26) ~[modlauncher-10.0.9.jar%2355!/:?]
	at cpw.mods.modlauncher.BootstrapLaunchConsumer.accept(BootstrapLaunchConsumer.java:23) ~[modlauncher-10.0.9.jar%2355!/:?]
	at cpw.mods.bootstraplauncher.BootstrapLauncher.main(BootstrapLauncher.java:141) ~[bootstraplauncher-1.1.2.jar:?]
[13Sep2025 21:39:27.308] [main/DEBUG] [io.netty.util.internal.PlatformDependent0/]: java.nio.DirectByteBuffer.<init>(long, int): unavailable
[13Sep2025 21:39:27.308] [main/DEBUG] [io.netty.util.internal.PlatformDependent/]: sun.misc.Unsafe: available
[13Sep2025 21:39:27.308] [main/DEBUG] [io.netty.util.internal.PlatformDependent/]: maxDirectMemory: 12884901888 bytes (maybe)
[13Sep2025 21:39:27.309] [main/DEBUG] [io.netty.util.internal.PlatformDependent/]: -Dio.netty.tmpdir: /tmp (java.io.tmpdir)
[13Sep2025 21:39:27.309] [main/DEBUG] [io.netty.util.internal.PlatformDependent/]: -Dio.netty.bitMode: 64 (sun.arch.data.model)
[13Sep2025 21:39:27.309] [main/DEBUG] [io.netty.util.internal.PlatformDependent/]: -Dio.netty.maxDirectMemory: -1 bytes
[13Sep2025 21:39:27.309] [main/DEBUG] [io.netty.util.internal.PlatformDependent/]: -Dio.netty.uninitializedArrayAllocationThreshold: -1
[13Sep2025 21:39:27.310] [main/DEBUG] [io.netty.util.internal.CleanerJava9/]: java.nio.ByteBuffer.cleaner(): available
[13Sep2025 21:39:27.310] [main/DEBUG] [io.netty.util.internal.PlatformDependent/]: -Dio.netty.noPreferDirect: false
[13Sep2025 21:39:27.315] [main/DEBUG] [mixin/]: Mixing server.NetworkRegistryMixin from unionlib.mixins.json into net.minecraftforge.network.NetworkRegistry
[13Sep2025 21:39:27.375] [main/DEBUG] [net.minecraftforge.network.NetworkHooks/]: Loading Network data for FML net version: FML3
[13Sep2025 21:39:27.401] [main/DEBUG] [net.minecraftforge.common.ForgeI18n/CORE]: Loading I18N data entries: 6434
[13Sep2025 21:39:27.419] [main/DEBUG] [net.minecraftforge.fml.ModWorkManager/LOADING]: Using 4 threads for parallel mod-loading
[13Sep2025 21:39:27.425] [main/DEBUG] [net.minecraftforge.fml.javafmlmod.FMLJavaModLanguageProvider/LOADING]: Loading FMLModContainer from classloader cpw.mods.modlauncher.TransformingClassLoader@60df7989 - got cpw.mods.cl.ModuleClassLoader@37c5fc56
[13Sep2025 21:39:27.427] [main/DEBUG] [net.minecraftforge.fml.javafmlmod.FMLModContainer/LOADING]: Creating FMLModContainer instance for ht.treechop.TreeChopForge
[13Sep2025 21:39:27.429] [main/DEBUG] [net.minecraftforge.fml.javafmlmod.FMLJavaModLanguageProvider/LOADING]: Loading FMLModContainer from classloader cpw.mods.modlauncher.TransformingClassLoader@60df7989 - got cpw.mods.cl.ModuleClassLoader@37c5fc56
[13Sep2025 21:39:27.430] [main/DEBUG] [net.minecraftforge.fml.javafmlmod.FMLModContainer/LOADING]: Creating FMLModContainer instance for net.blay09.mods.kuma.forge.ForgeKumaAPI
[13Sep2025 21:39:27.430] [main/DEBUG] [net.minecraftforge.fml.javafmlmod.FMLJavaModLanguageProvider/LOADING]: Loading FMLModContainer from classloader cpw.mods.modlauncher.TransformingClassLoader@60df7989 - got cpw.mods.cl.ModuleClassLoader@37c5fc56
[13Sep2025 21:39:27.430] [main/DEBUG] [net.minecraftforge.fml.javafmlmod.FMLModContainer/LOADING]: Creating FMLModContainer instance for com.supermartijn642.configlib.ConfigLib
[13Sep2025 21:39:27.431] [main/DEBUG] [net.minecraftforge.fml.javafmlmod.FMLJavaModLanguageProvider/LOADING]: Loading FMLModContainer from classloader cpw.mods.modlauncher.TransformingClassLoader@60df7989 - got cpw.mods.cl.ModuleClassLoader@37c5fc56
[13Sep2025 21:39:27.431] [main/DEBUG] [net.minecraftforge.fml.javafmlmod.FMLModContainer/LOADING]: Creating FMLModContainer instance for software.bernie.example.GeckoLibMod
[13Sep2025 21:39:27.432] [main/DEBUG] [net.minecraftforge.fml.javafmlmod.FMLJavaModLanguageProvider/LOADING]: Loading FMLModContainer from classloader cpw.mods.modlauncher.TransformingClassLoader@60df7989 - got cpw.mods.cl.ModuleClassLoader@37c5fc56
[13Sep2025 21:39:27.432] [main/DEBUG] [net.minecraftforge.fml.javafmlmod.FMLModContainer/LOADING]: Creating FMLModContainer instance for dev.kosmx.playerAnim.forge.ForgeModInterface
[13Sep2025 21:39:27.432] [main/DEBUG] [net.minecraftforge.fml.javafmlmod.FMLJavaModLanguageProvider/LOADING]: Loading FMLModContainer from classloader cpw.mods.modlauncher.TransformingClassLoader@60df7989 - got cpw.mods.cl.ModuleClassLoader@37c5fc56
[13Sep2025 21:39:27.432] [main/DEBUG] [net.minecraftforge.fml.javafmlmod.FMLModContainer/LOADING]: Creating FMLModContainer instance for mezz.jei.forge.JustEnoughItems
[13Sep2025 21:39:27.433] [main/DEBUG] [net.minecraftforge.fml.javafmlmod.FMLJavaModLanguageProvider/LOADING]: Loading FMLModContainer from classloader cpw.mods.modlauncher.TransformingClassLoader@60df7989 - got cpw.mods.cl.ModuleClassLoader@37c5fc56
[13Sep2025 21:39:27.433] [main/DEBUG] [net.minecraftforge.fml.javafmlmod.FMLModContainer/LOADING]: Creating FMLModContainer instance for com.jtorleonstudios.libraryferret.LibraryFerret
[13Sep2025 21:39:27.434] [main/DEBUG] [net.minecraftforge.fml.javafmlmod.FMLJavaModLanguageProvider/LOADING]: Loading FMLModContainer from classloader cpw.mods.modlauncher.TransformingClassLoader@60df7989 - got cpw.mods.cl.ModuleClassLoader@37c5fc56
[13Sep2025 21:39:27.434] [main/DEBUG] [net.minecraftforge.fml.javafmlmod.FMLModContainer/LOADING]: Creating FMLModContainer instance for dev.xylonity.companions.Companions
[13Sep2025 21:39:27.434] [main/DEBUG] [net.minecraftforge.fml.javafmlmod.FMLJavaModLanguageProvider/LOADING]: Loading FMLModContainer from classloader cpw.mods.modlauncher.TransformingClassLoader@60df7989 - got cpw.mods.cl.ModuleClassLoader@37c5fc56
[13Sep2025 21:39:27.434] [main/DEBUG] [net.minecraftforge.fml.javafmlmod.FMLModContainer/LOADING]: Creating FMLModContainer instance for com.ordana.immersive_weathering.forge.ImmersiveWeatheringForge
[13Sep2025 21:39:27.435] [main/DEBUG] [net.minecraftforge.fml.javafmlmod.FMLJavaModLanguageProvider/LOADING]: Loading FMLModContainer from classloader cpw.mods.modlauncher.TransformingClassLoader@60df7989 - got cpw.mods.cl.ModuleClassLoader@37c5fc56
[13Sep2025 21:39:27.435] [main/DEBUG] [net.minecraftforge.fml.javafmlmod.FMLModContainer/LOADING]: Creating FMLModContainer instance for net.blay09.mods.waystones.ForgeWaystones
[13Sep2025 21:39:27.436] [main/DEBUG] [net.minecraftforge.fml.javafmlmod.FMLJavaModLanguageProvider/LOADING]: Loading FMLModContainer from classloader cpw.mods.modlauncher.TransformingClassLoader@60df7989 - got cpw.mods.cl.ModuleClassLoader@37c5fc56
[13Sep2025 21:39:27.436] [main/DEBUG] [net.minecraftforge.fml.javafmlmod.FMLModContainer/LOADING]: Creating FMLModContainer instance for yesman.epicfight.main.EpicFightMod
[13Sep2025 21:39:27.437] [main/DEBUG] [net.minecraftforge.fml.javafmlmod.FMLJavaModLanguageProvider/LOADING]: Loading FMLModContainer from classloader cpw.mods.modlauncher.TransformingClassLoader@60df7989 - got cpw.mods.cl.ModuleClassLoader@37c5fc56
[13Sep2025 21:39:27.437] [main/DEBUG] [net.minecraftforge.fml.javafmlmod.FMLModContainer/LOADING]: Creating FMLModContainer instance for com.yyz.yyzsbackpack.forge.BackpackForge
[13Sep2025 21:39:27.438] [main/DEBUG] [net.minecraftforge.fml.javafmlmod.FMLJavaModLanguageProvider/LOADING]: Loading FMLModContainer from classloader cpw.mods.modlauncher.TransformingClassLoader@60df7989 - got cpw.mods.cl.ModuleClassLoader@37c5fc56
[13Sep2025 21:39:27.438] [main/DEBUG] [net.minecraftforge.fml.javafmlmod.FMLModContainer/LOADING]: Creating FMLModContainer instance for com.yungnickyoung.minecraft.yungsapi.YungsApiForge
[13Sep2025 21:39:27.438] [main/DEBUG] [net.minecraftforge.fml.javafmlmod.FMLJavaModLanguageProvider/LOADING]: Loading FMLModContainer from classloader cpw.mods.modlauncher.TransformingClassLoader@60df7989 - got cpw.mods.cl.ModuleClassLoader@37c5fc56
[13Sep2025 21:39:27.439] [main/DEBUG] [net.minecraftforge.fml.javafmlmod.FMLModContainer/LOADING]: Creating FMLModContainer instance for com.llamalad7.mixinextras.platform.forge.MixinExtrasMod
[13Sep2025 21:39:27.439] [main/DEBUG] [net.minecraftforge.fml.javafmlmod.FMLJavaModLanguageProvider/LOADING]: Loading FMLModContainer from classloader cpw.mods.modlauncher.TransformingClassLoader@60df7989 - got cpw.mods.cl.ModuleClassLoader@37c5fc56
[13Sep2025 21:39:27.439] [main/DEBUG] [net.minecraftforge.fml.javafmlmod.FMLModContainer/LOADING]: Creating FMLModContainer instance for dev.xylonity.knightlib.KnightLib
[13Sep2025 21:39:27.440] [main/DEBUG] [net.minecraftforge.fml.javafmlmod.FMLJavaModLanguageProvider/LOADING]: Loading FMLModContainer from classloader cpw.mods.modlauncher.TransformingClassLoader@60df7989 - got cpw.mods.cl.ModuleClassLoader@37c5fc56
[13Sep2025 21:39:27.440] [main/DEBUG] [net.minecraftforge.fml.javafmlmod.FMLModContainer/LOADING]: Creating FMLModContainer instance for glitchcore.forge.GlitchCoreForge
[13Sep2025 21:39:27.440] [main/DEBUG] [net.minecraftforge.fml.javafmlmod.FMLJavaModLanguageProvider/LOADING]: Loading FMLModContainer from classloader cpw.mods.modlauncher.TransformingClassLoader@60df7989 - got cpw.mods.cl.ModuleClassLoader@37c5fc56
[13Sep2025 21:39:27.441] [main/DEBUG] [net.minecraftforge.fml.javafmlmod.FMLModContainer/LOADING]: Creating FMLModContainer instance for sereneseasons.forge.core.SereneSeasonsForge
[13Sep2025 21:39:27.441] [main/DEBUG] [net.minecraftforge.fml.javafmlmod.FMLJavaModLanguageProvider/LOADING]: Loading FMLModContainer from classloader cpw.mods.modlauncher.TransformingClassLoader@60df7989 - got cpw.mods.cl.ModuleClassLoader@37c5fc56
[13Sep2025 21:39:27.441] [main/DEBUG] [net.minecraftforge.fml.javafmlmod.FMLModContainer/LOADING]: Creating FMLModContainer instance for com.izofar.takesapillage.TakesAPillageMod
[13Sep2025 21:39:27.442] [main/DEBUG] [net.minecraftforge.fml.javafmlmod.FMLJavaModLanguageProvider/LOADING]: Loading FMLModContainer from classloader cpw.mods.modlauncher.TransformingClassLoader@60df7989 - got cpw.mods.cl.ModuleClassLoader@37c5fc56
[13Sep2025 21:39:27.442] [main/DEBUG] [net.minecraftforge.fml.javafmlmod.FMLModContainer/LOADING]: Creating FMLModContainer instance for net.blay09.mods.balm.forge.ForgeBalm
[13Sep2025 21:39:27.442] [main/DEBUG] [net.minecraftforge.fml.javafmlmod.FMLJavaModLanguageProvider/LOADING]: Loading FMLModContainer from classloader cpw.mods.modlauncher.TransformingClassLoader@60df7989 - got cpw.mods.cl.ModuleClassLoader@37c5fc56
[13Sep2025 21:39:27.442] [main/DEBUG] [net.minecraftforge.fml.javafmlmod.FMLModContainer/LOADING]: Creating FMLModContainer instance for com.supermartijn642.fusion.Fusion
[13Sep2025 21:39:27.443] [main/DEBUG] [net.minecraftforge.fml.javafmlmod.FMLJavaModLanguageProvider/LOADING]: Loading FMLModContainer from classloader cpw.mods.modlauncher.TransformingClassLoader@60df7989 - got cpw.mods.cl.ModuleClassLoader@37c5fc56
[13Sep2025 21:39:27.443] [main/DEBUG] [net.minecraftforge.fml.javafmlmod.FMLModContainer/LOADING]: Creating FMLModContainer instance for net.minecraftforge.common.ForgeMod
[13Sep2025 21:39:27.445] [main/DEBUG] [net.minecraftforge.fml.javafmlmod.FMLJavaModLanguageProvider/LOADING]: Loading FMLModContainer from classloader cpw.mods.modlauncher.TransformingClassLoader@60df7989 - got cpw.mods.cl.ModuleClassLoader@37c5fc56
[13Sep2025 21:39:27.445] [main/DEBUG] [net.minecraftforge.fml.javafmlmod.FMLModContainer/LOADING]: Creating FMLModContainer instance for com.faboslav.friendsandfoes.forge.FriendsAndFoesForge
[13Sep2025 21:39:27.446] [main/DEBUG] [net.minecraftforge.fml.javafmlmod.FMLJavaModLanguageProvider/LOADING]: Loading FMLModContainer from classloader cpw.mods.modlauncher.TransformingClassLoader@60df7989 - got cpw.mods.cl.ModuleClassLoader@37c5fc56
[13Sep2025 21:39:27.446] [main/DEBUG] [net.minecraftforge.fml.javafmlmod.FMLModContainer/LOADING]: Creating FMLModContainer instance for hunternif.mc.impl.atlas.AntiqueAtlas
[13Sep2025 21:39:27.448] [main/DEBUG] [net.minecraftforge.fml.javafmlmod.FMLJavaModLanguageProvider/LOADING]: Loading FMLModContainer from classloader cpw.mods.modlauncher.TransformingClassLoader@60df7989 - got cpw.mods.cl.ModuleClassLoader@37c5fc56
[13Sep2025 21:39:27.449] [main/DEBUG] [net.minecraftforge.fml.javafmlmod.FMLModContainer/LOADING]: Creating FMLModContainer instance for com.stereowalker.unionlib.UnionLib
[13Sep2025 21:39:27.449] [main/DEBUG] [net.minecraftforge.fml.javafmlmod.FMLJavaModLanguageProvider/LOADING]: Loading FMLModContainer from classloader cpw.mods.modlauncher.TransformingClassLoader@60df7989 - got cpw.mods.cl.ModuleClassLoader@37c5fc56
[13Sep2025 21:39:27.449] [main/DEBUG] [net.minecraftforge.fml.javafmlmod.FMLModContainer/LOADING]: Creating FMLModContainer instance for com.stereowalker.unionlib.UnionLibPotionFluid
[13Sep2025 21:39:27.450] [main/DEBUG] [net.minecraftforge.fml.javafmlmod.FMLJavaModLanguageProvider/LOADING]: Loading FMLModContainer from classloader cpw.mods.modlauncher.TransformingClassLoader@60df7989 - got cpw.mods.cl.ModuleClassLoader@37c5fc56
[13Sep2025 21:39:27.450] [main/DEBUG] [net.minecraftforge.fml.javafmlmod.FMLModContainer/LOADING]: Creating FMLModContainer instance for net.mcreator.rusticengineer.RusticEngineerMod
[13Sep2025 21:39:27.451] [main/DEBUG] [net.minecraftforge.fml.javafmlmod.FMLJavaModLanguageProvider/LOADING]: Loading FMLModContainer from classloader cpw.mods.modlauncher.TransformingClassLoader@60df7989 - got cpw.mods.cl.ModuleClassLoader@37c5fc56
[13Sep2025 21:39:27.451] [main/DEBUG] [net.minecraftforge.fml.javafmlmod.FMLModContainer/LOADING]: Creating FMLModContainer instance for net.mcreator.realmrpgskeletons.RealmrpgSkeletonsMod
[13Sep2025 21:39:27.452] [main/DEBUG] [net.minecraftforge.fml.javafmlmod.FMLJavaModLanguageProvider/LOADING]: Loading FMLModContainer from classloader cpw.mods.modlauncher.TransformingClassLoader@60df7989 - got cpw.mods.cl.ModuleClassLoader@37c5fc56
[13Sep2025 21:39:27.452] [main/DEBUG] [net.minecraftforge.fml.javafmlmod.FMLModContainer/LOADING]: Creating FMLModContainer instance for net.mcreator.darksoulsexpansion.DarkSoulsExpansionMod
[13Sep2025 21:39:27.452] [main/DEBUG] [net.minecraftforge.fml.javafmlmod.FMLJavaModLanguageProvider/LOADING]: Loading FMLModContainer from classloader cpw.mods.modlauncher.TransformingClassLoader@60df7989 - got cpw.mods.cl.ModuleClassLoader@37c5fc56
[13Sep2025 21:39:27.452] [main/DEBUG] [net.minecraftforge.fml.javafmlmod.FMLModContainer/LOADING]: Creating FMLModContainer instance for net.toopa.unusualfurniture.UnusualFurnitureMod
[13Sep2025 21:39:27.453] [main/DEBUG] [net.minecraftforge.fml.javafmlmod.FMLJavaModLanguageProvider/LOADING]: Loading FMLModContainer from classloader cpw.mods.modlauncher.TransformingClassLoader@60df7989 - got cpw.mods.cl.ModuleClassLoader@37c5fc56
[13Sep2025 21:39:27.453] [main/DEBUG] [net.minecraftforge.fml.javafmlmod.FMLModContainer/LOADING]: Creating FMLModContainer instance for net.mcreator.realisticforging.RealisticforgingoresMod
[13Sep2025 21:39:27.453] [main/DEBUG] [net.minecraftforge.fml.javafmlmod.FMLJavaModLanguageProvider/LOADING]: Loading FMLModContainer from classloader cpw.mods.modlauncher.TransformingClassLoader@60df7989 - got cpw.mods.cl.ModuleClassLoader@37c5fc56
[13Sep2025 21:39:27.454] [main/DEBUG] [net.minecraftforge.fml.javafmlmod.FMLModContainer/LOADING]: Creating FMLModContainer instance for vectorwing.farmersdelight.FarmersDelight
[13Sep2025 21:39:27.454] [main/DEBUG] [net.minecraftforge.fml.javafmlmod.FMLJavaModLanguageProvider/LOADING]: Loading FMLModContainer from classloader cpw.mods.modlauncher.TransformingClassLoader@60df7989 - got cpw.mods.cl.ModuleClassLoader@37c5fc56
[13Sep2025 21:39:27.454] [main/DEBUG] [net.minecraftforge.fml.javafmlmod.FMLModContainer/LOADING]: Creating FMLModContainer instance for de.maxhenkel.voicechat.ForgeVoiceChatAPIDummyMod
[13Sep2025 21:39:27.455] [main/DEBUG] [net.minecraftforge.fml.javafmlmod.FMLJavaModLanguageProvider/LOADING]: Loading FMLModContainer from classloader cpw.mods.modlauncher.TransformingClassLoader@60df7989 - got cpw.mods.cl.ModuleClassLoader@37c5fc56
[13Sep2025 21:39:27.455] [main/DEBUG] [net.minecraftforge.fml.javafmlmod.FMLModContainer/LOADING]: Creating FMLModContainer instance for de.maxhenkel.voicechat.ForgeVoicechatMod
[13Sep2025 21:39:27.456] [main/DEBUG] [net.minecraftforge.fml.javafmlmod.FMLJavaModLanguageProvider/LOADING]: Loading FMLModContainer from classloader cpw.mods.modlauncher.TransformingClassLoader@60df7989 - got cpw.mods.cl.ModuleClassLoader@37c5fc56
[13Sep2025 21:39:27.456] [main/DEBUG] [net.minecraftforge.fml.javafmlmod.FMLModContainer/LOADING]: Creating FMLModContainer instance for net.mehvahdjukaar.moonlight.forge.MoonlightForge
[13Sep2025 21:39:27.456] [main/DEBUG] [net.minecraftforge.fml.javafmlmod.FMLJavaModLanguageProvider/LOADING]: Loading FMLModContainer from classloader cpw.mods.modlauncher.TransformingClassLoader@60df7989 - got cpw.mods.cl.ModuleClassLoader@37c5fc56
[13Sep2025 21:39:27.456] [main/DEBUG] [net.minecraftforge.fml.javafmlmod.FMLModContainer/LOADING]: Creating FMLModContainer instance for com.teamremastered.endrem.EndRemastered
[13Sep2025 21:39:27.457] [main/DEBUG] [net.minecraftforge.fml.javafmlmod.FMLJavaModLanguageProvider/LOADING]: Loading FMLModContainer from classloader cpw.mods.modlauncher.TransformingClassLoader@60df7989 - got cpw.mods.cl.ModuleClassLoader@37c5fc56
[13Sep2025 21:39:27.457] [main/DEBUG] [net.minecraftforge.fml.javafmlmod.FMLModContainer/LOADING]: Creating FMLModContainer instance for com.dragn0007_evangelix.medievalembroidery.MedievalEmbroidery
[13Sep2025 21:39:27.457] [main/DEBUG] [net.minecraftforge.fml.javafmlmod.FMLJavaModLanguageProvider/LOADING]: Loading FMLModContainer from classloader cpw.mods.modlauncher.TransformingClassLoader@60df7989 - got cpw.mods.cl.ModuleClassLoader@37c5fc56
[13Sep2025 21:39:27.457] [main/DEBUG] [net.minecraftforge.fml.javafmlmod.FMLModContainer/LOADING]: Creating FMLModContainer instance for com.philip.philipsruins.PhilipsRuins
[13Sep2025 21:39:27.458] [main/DEBUG] [net.minecraftforge.fml.javafmlmod.FMLJavaModLanguageProvider/LOADING]: Loading FMLModContainer from classloader cpw.mods.modlauncher.TransformingClassLoader@60df7989 - got cpw.mods.cl.ModuleClassLoader@37c5fc56
[13Sep2025 21:39:27.458] [main/DEBUG] [net.minecraftforge.fml.javafmlmod.FMLModContainer/LOADING]: Creating FMLModContainer instance for vazkii.patchouli.forge.common.ForgeModInitializer
[13Sep2025 21:39:27.459] [main/DEBUG] [net.minecraftforge.fml.javafmlmod.FMLJavaModLanguageProvider/LOADING]: Loading FMLModContainer from classloader cpw.mods.modlauncher.TransformingClassLoader@60df7989 - got cpw.mods.cl.ModuleClassLoader@37c5fc56
[13Sep2025 21:39:27.459] [main/DEBUG] [net.minecraftforge.fml.javafmlmod.FMLModContainer/LOADING]: Creating FMLModContainer instance for com.jtorleonstudios.bettervillage.Main
[13Sep2025 21:39:27.459] [main/DEBUG] [net.minecraftforge.fml.javafmlmod.FMLJavaModLanguageProvider/LOADING]: Loading FMLModContainer from classloader cpw.mods.modlauncher.TransformingClassLoader@60df7989 - got cpw.mods.cl.ModuleClassLoader@37c5fc56
[13Sep2025 21:39:27.459] [main/DEBUG] [net.minecraftforge.fml.javafmlmod.FMLModContainer/LOADING]: Creating FMLModContainer instance for com.abdelaziz.canary.common.Canary
[13Sep2025 21:39:27.460] [main/DEBUG] [net.minecraftforge.fml.javafmlmod.FMLJavaModLanguageProvider/LOADING]: Loading FMLModContainer from classloader cpw.mods.modlauncher.TransformingClassLoader@60df7989 - got cpw.mods.cl.ModuleClassLoader@37c5fc56
[13Sep2025 21:39:27.460] [main/DEBUG] [net.minecraftforge.fml.javafmlmod.FMLModContainer/LOADING]: Creating FMLModContainer instance for org.dawnoftime.dawnoftime.DoTBForge
[13Sep2025 21:39:27.460] [main/DEBUG] [net.minecraftforge.fml.javafmlmod.FMLJavaModLanguageProvider/LOADING]: Loading FMLModContainer from classloader cpw.mods.modlauncher.TransformingClassLoader@60df7989 - got cpw.mods.cl.ModuleClassLoader@37c5fc56
[13Sep2025 21:39:27.460] [main/DEBUG] [net.minecraftforge.fml.javafmlmod.FMLModContainer/LOADING]: Creating FMLModContainer instance for net.Pandarix.betterarcheology.BetterArcheology
[13Sep2025 21:39:27.460] [main/DEBUG] [net.minecraftforge.fml.javafmlmod.FMLJavaModLanguageProvider/LOADING]: Loading FMLModContainer from classloader cpw.mods.modlauncher.TransformingClassLoader@60df7989 - got cpw.mods.cl.ModuleClassLoader@37c5fc56
[13Sep2025 21:39:27.461] [main/DEBUG] [net.minecraftforge.fml.javafmlmod.FMLModContainer/LOADING]: Creating FMLModContainer instance for net.mcreator.farmersstructures.FarmersStructuresMod
[13Sep2025 21:39:27.461] [main/DEBUG] [net.minecraftforge.fml.javafmlmod.FMLJavaModLanguageProvider/LOADING]: Loading FMLModContainer from classloader cpw.mods.modlauncher.TransformingClassLoader@60df7989 - got cpw.mods.cl.ModuleClassLoader@37c5fc56
[13Sep2025 21:39:27.461] [main/DEBUG] [net.minecraftforge.fml.javafmlmod.FMLModContainer/LOADING]: Creating FMLModContainer instance for squeek.appleskin.AppleSkin
[13Sep2025 21:39:27.462] [main/DEBUG] [net.minecraftforge.fml.javafmlmod.FMLJavaModLanguageProvider/LOADING]: Loading FMLModContainer from classloader cpw.mods.modlauncher.TransformingClassLoader@60df7989 - got cpw.mods.cl.ModuleClassLoader@37c5fc56
[13Sep2025 21:39:27.462] [main/DEBUG] [net.minecraftforge.fml.javafmlmod.FMLModContainer/LOADING]: Creating FMLModContainer instance for malte0811.ferritecore.ModMainForge
[13Sep2025 21:39:27.462] [main/DEBUG] [net.minecraftforge.fml.javafmlmod.FMLJavaModLanguageProvider/LOADING]: Loading FMLModContainer from classloader cpw.mods.modlauncher.TransformingClassLoader@60df7989 - got cpw.mods.cl.ModuleClassLoader@37c5fc56
[13Sep2025 21:39:27.462] [main/DEBUG] [net.minecraftforge.fml.javafmlmod.FMLModContainer/LOADING]: Creating FMLModContainer instance for com.nick.chimes.Chimes
[13Sep2025 21:39:27.463] [main/DEBUG] [net.minecraftforge.fml.javafmlmod.FMLJavaModLanguageProvider/LOADING]: Loading FMLModContainer from classloader cpw.mods.modlauncher.TransformingClassLoader@60df7989 - got cpw.mods.cl.ModuleClassLoader@37c5fc56
[13Sep2025 21:39:27.463] [main/DEBUG] [net.minecraftforge.fml.javafmlmod.FMLModContainer/LOADING]: Creating FMLModContainer instance for com.min01.oceanicrealms.OceanicRealms
[13Sep2025 21:39:27.480] [modloading-worker-0/DEBUG] [net.minecraftforge.fml.javafmlmod.AutomaticEventSubscriber/LOADING]: Attempting to inject @EventBusSubscriber classes into the eventbus for kuma_api
[13Sep2025 21:39:27.491] [modloading-worker-0/DEBUG] [net.minecraftforge.fml.javafmlmod.AutomaticEventSubscriber/LOADING]: Attempting to inject @EventBusSubscriber classes into the eventbus for playeranimator
[13Sep2025 21:39:27.505] [modloading-worker-0/DEBUG] [net.minecraftforge.fml.javafmlmod.AutomaticEventSubscriber/LOADING]: Attempting to inject @EventBusSubscriber classes into the eventbus for supermartijn642configlib
[13Sep2025 21:39:27.512] [modloading-worker-0/DEBUG] [net.minecraftforge.fml.javafmlmod.AutomaticEventSubscriber/LOADING]: Attempting to inject @EventBusSubscriber classes into the eventbus for geckolib
[13Sep2025 21:39:27.512] [modloading-worker-0/DEBUG] [net.minecraftforge.fml.javafmlmod.AutomaticEventSubscriber/LOADING]: Auto-subscribing software.bernie.example.GeckoLibMod to FORGE
[13Sep2025 21:39:27.513] [modloading-worker-0/DEBUG] [net.minecraftforge.fml.javafmlmod.AutomaticEventSubscriber/LOADING]: Auto-subscribing software.bernie.example.CommonListener to MOD
[13Sep2025 21:39:27.519] [modloading-worker-0/INFO] [com.jtorleonstudios.libraryferret.LibraryFerret/]: Initialize mod Library Ferret
[13Sep2025 21:39:27.526] [modloading-worker-0/DEBUG] [net.minecraftforge.fml.config.ConfigTracker/CONFIG]: Config file jei-server.toml for jei tracking
[13Sep2025 21:39:27.534] [modloading-worker-0/DEBUG] [net.minecraftforge.fml.javafmlmod.AutomaticEventSubscriber/LOADING]: Attempting to inject @EventBusSubscriber classes into the eventbus for jei
[13Sep2025 21:39:27.565] [modloading-worker-0/INFO] [com.jtorleonstudios.libraryferret.LibraryFerret/]: Initialized mod Library Ferret
[13Sep2025 21:39:27.568] [modloading-worker-0/DEBUG] [net.minecraftforge.fml.javafmlmod.AutomaticEventSubscriber/LOADING]: Attempting to inject @EventBusSubscriber classes into the eventbus for libraryferret
[13Sep2025 21:39:27.568] [modloading-worker-0/DEBUG] [net.minecraftforge.fml.javafmlmod.AutomaticEventSubscriber/LOADING]: Auto-subscribing com.jtorleonstudios.libraryferret.CommonEvent to FORGE
[13Sep2025 21:39:27.574] [modloading-worker-0/DEBUG] [net.minecraftforge.fml.config.ConfigTracker/CONFIG]: Config file immersive_weathering-common.toml for immersive_weathering tracking
[13Sep2025 21:39:27.581] [modloading-worker-0/DEBUG] [net.minecraftforge.fml.config.ConfigTracker/CONFIG]: Config file treechop-common.toml for treechop tracking
[13Sep2025 21:39:27.581] [modloading-worker-0/DEBUG] [net.minecraftforge.fml.config.ConfigTracker/CONFIG]: Config file treechop-client.toml for treechop tracking
[13Sep2025 21:39:27.636] [modloading-worker-0/DEBUG] [net.minecraftforge.fml.javafmlmod.AutomaticEventSubscriber/LOADING]: Attempting to inject @EventBusSubscriber classes into the eventbus for treechop
[13Sep2025 21:39:27.636] [modloading-worker-0/DEBUG] [net.minecraftforge.fml.javafmlmod.AutomaticEventSubscriber/LOADING]: Auto-subscribing ht.treechop.server.ForgeServer to MOD
[13Sep2025 21:39:27.645] [modloading-worker-0/DEBUG] [net.minecraftforge.fml.javafmlmod.AutomaticEventSubscriber/LOADING]: Auto-subscribing ht.treechop.compat.TreeChopForgeAPITest to MOD
[13Sep2025 21:39:27.653] [modloading-worker-0/DEBUG] [net.minecraftforge.fml.javafmlmod.AutomaticEventSubscriber/LOADING]: Auto-subscribing ht.treechop.compat.TheOneProbe to MOD
[13Sep2025 21:39:27.654] [modloading-worker-0/DEBUG] [net.minecraftforge.fml.javafmlmod.AutomaticEventSubscriber/LOADING]: Auto-subscribing ht.treechop.compat.SilentGear to MOD
[13Sep2025 21:39:27.662] [modloading-worker-0/DEBUG] [net.minecraftforge.fml.javafmlmod.AutomaticEventSubscriber/LOADING]: Auto-subscribing ht.treechop.compat.ProjectMMO to MOD
[13Sep2025 21:39:27.663] [modloading-worker-0/DEBUG] [net.minecraftforge.fml.javafmlmod.AutomaticEventSubscriber/LOADING]: Auto-subscribing ht.treechop.compat.NoChopRecursion to MOD
[13Sep2025 21:39:27.672] [modloading-worker-0/DEBUG] [net.minecraftforge.fml.javafmlmod.AutomaticEventSubscriber/LOADING]: Auto-subscribing ht.treechop.compat.NoChopOnRightClick to MOD
[13Sep2025 21:39:27.673] [modloading-worker-0/DEBUG] [net.minecraftforge.fml.javafmlmod.AutomaticEventSubscriber/LOADING]: Auto-subscribing ht.treechop.compat.MultiMine to MOD
[13Sep2025 21:39:27.680] [modloading-worker-0/DEBUG] [net.minecraftforge.fml.javafmlmod.AutomaticEventSubscriber/LOADING]: Auto-subscribing ht.treechop.compat.CarryOn to MOD
[13Sep2025 21:39:27.680] [modloading-worker-0/DEBUG] [net.minecraftforge.fml.javafmlmod.AutomaticEventSubscriber/LOADING]: Auto-subscribing ht.treechop.compat.Apotheosis to MOD
[13Sep2025 21:39:27.681] [modloading-worker-0/DEBUG] [net.minecraftforge.fml.javafmlmod.AutomaticEventSubscriber/LOADING]: Auto-subscribing ht.treechop.common.ForgeCommon to FORGE
[13Sep2025 21:39:27.692] [modloading-worker-0/DEBUG] [net.minecraftforge.fml.config.ConfigTracker/CONFIG]: Config file epicfight-server.toml for epicfight tracking
[13Sep2025 21:39:27.714] [modloading-worker-0/DEBUG] [mixin/]: Mixing LootTableMixin from balm.mixins.json into net.minecraft.world.level.storage.loot.LootTable
[13Sep2025 21:39:27.715] [modloading-worker-0/DEBUG] [net.minecraftforge.fml.config.ConfigTracker/CONFIG]: Config file epicfight-common.toml for epicfight tracking
[13Sep2025 21:39:27.724] [modloading-worker-0/DEBUG] [mixin/]: Mixing ConditionHackMixin from moonlight.mixins.json into net.minecraft.server.packs.resources.SimplePreparableReloadListener
[13Sep2025 21:39:27.746] [modloading-worker-0/DEBUG] [mixin/]: Mixing ReloadableServerResourcesMixin from balm.mixins.json into net.minecraft.server.ReloadableServerResources
[13Sep2025 21:39:27.746] [modloading-worker-0/DEBUG] [mixin/]: Renaming synthetic method lambda$loadResources$0(Lnet/minecraft/server/ReloadableServerResources;)V to md089065$lambda$loadResources$0$0 in balm.mixins.json:ReloadableServerResourcesMixin
[13Sep2025 21:39:27.747] [modloading-worker-0/DEBUG] [mixin/]: Mixing ReloadableServerResourcesMixin from moonlight-common.mixins.json into net.minecraft.server.ReloadableServerResources
[13Sep2025 21:39:27.759] [modloading-worker-0/DEBUG] [epicfight/]: Registered Extendable Enum class yesman.epicfight.api.animation.LivingMotions in living_motion
[13Sep2025 21:39:27.760] [modloading-worker-0/DEBUG] [epicfight/]: Registered Extendable Enum class yesman.epicfight.skill.SkillCategories in skill_category
[13Sep2025 21:39:27.761] [modloading-worker-0/DEBUG] [epicfight/]: Registered Extendable Enum class yesman.epicfight.skill.SkillSlots in skill_slot
[13Sep2025 21:39:27.761] [modloading-worker-0/DEBUG] [epicfight/]: Registered Extendable Enum class yesman.epicfight.world.capabilities.item.CapabilityItem$Styles in style
[13Sep2025 21:39:27.764] [modloading-worker-0/DEBUG] [epicfight/]: Registered Extendable Enum class yesman.epicfight.world.capabilities.item.CapabilityItem$WeaponCategories in weapon_category
[13Sep2025 21:39:27.765] [modloading-worker-0/DEBUG] [epicfight/]: Registered Extendable Enum class yesman.epicfight.world.capabilities.entitypatch.Factions in faction
[13Sep2025 21:39:27.766] [modloading-worker-0/DEBUG] [epicfight/]: Registered Extendable Enum class yesman.epicfight.network.EntityPairingPacketTypes in entity_pairing_packet_type
[13Sep2025 21:39:27.908] [modloading-worker-0/DEBUG] [net.minecraftforge.fml.config.ConfigTracker/CONFIG]: Config file waystones-common.toml for waystones tracking
[13Sep2025 21:39:27.977] [modloading-worker-0/INFO] [epicfight/]: Loaded mod compat: GeckolibCompat
[13Sep2025 21:39:27.986] [modloading-worker-0/INFO] [epicfight/]: Loaded mod compat: PlayerAnimatorCompat
[13Sep2025 21:39:27.986] [modloading-worker-0/DEBUG] [net.minecraftforge.fml.javafmlmod.AutomaticEventSubscriber/LOADING]: Attempting to inject @EventBusSubscriber classes into the eventbus for epicfight
[13Sep2025 21:39:27.986] [modloading-worker-0/DEBUG] [net.minecraftforge.fml.javafmlmod.AutomaticEventSubscriber/LOADING]: Auto-subscribing yesman.epicfight.world.entity.ai.attribute.EpicFightAttributes to MOD
[13Sep2025 21:39:27.991] [modloading-worker-0/DEBUG] [net.minecraftforge.fml.javafmlmod.AutomaticEventSubscriber/LOADING]: Auto-subscribing yesman.epicfight.main.EpicFightMod$ServerForgeEvents to FORGE
[13Sep2025 21:39:27.992] [modloading-worker-0/DEBUG] [net.minecraftforge.fml.javafmlmod.AutomaticEventSubscriber/LOADING]: Auto-subscribing yesman.epicfight.gameasset.EpicFightSkills to MOD
[13Sep2025 21:39:28.014] [modloading-worker-0/DEBUG] [net.minecraftforge.fml.javafmlmod.AutomaticEventSubscriber/LOADING]: Auto-subscribing yesman.epicfight.gameasset.Animations to MOD
[13Sep2025 21:39:28.069] [modloading-worker-0/DEBUG] [net.minecraftforge.fml.javafmlmod.AutomaticEventSubscriber/LOADING]: Attempting to inject @EventBusSubscriber classes into the eventbus for immersive_weathering
[13Sep2025 21:39:28.087] [modloading-worker-0/DEBUG] [net.minecraftforge.fml.javafmlmod.AutomaticEventSubscriber/LOADING]: Attempting to inject @EventBusSubscriber classes into the eventbus for yyzsbackpack
[13Sep2025 21:39:28.087] [modloading-worker-0/DEBUG] [net.minecraftforge.fml.javafmlmod.AutomaticEventSubscriber/LOADING]: Auto-subscribing com.yyz.yyzsbackpack.forge.CommandHandler to FORGE
[13Sep2025 21:39:28.106] [modloading-worker-0/DEBUG] [net.minecraftforge.fml.javafmlmod.AutomaticEventSubscriber/LOADING]: Auto-subscribing yesman.epicfight.events.WorldEvents to FORGE
[13Sep2025 21:39:28.114] [modloading-worker-0/DEBUG] [mixin/]: Mixing PlayerListMixin from balm.mixins.json into net.minecraft.server.players.PlayerList
[13Sep2025 21:39:28.129] [modloading-worker-0/DEBUG] [net.minecraftforge.fml.javafmlmod.AutomaticEventSubscriber/LOADING]: Auto-subscribing yesman.epicfight.events.PlayerEvents to FORGE
[13Sep2025 21:39:28.161] [modloading-worker-0/DEBUG] [net.minecraftforge.fml.javafmlmod.AutomaticEventSubscriber/LOADING]: Attempting to inject @EventBusSubscriber classes into the eventbus for waystones
[13Sep2025 21:39:28.162] [modloading-worker-0/DEBUG] [net.minecraftforge.fml.javafmlmod.AutomaticEventSubscriber/LOADING]: Attempting to inject @EventBusSubscriber classes into the eventbus for mixinextras
[13Sep2025 21:39:28.195] [modloading-worker-0/DEBUG] [net.minecraftforge.fml.javafmlmod.AutomaticEventSubscriber/LOADING]: Auto-subscribing yesman.epicfight.events.EntityEvents to FORGE
[13Sep2025 21:39:28.218] [modloading-worker-0/DEBUG] [net.minecraftforge.fml.config.ConfigTracker/CONFIG]: Config file knightlib.toml for knightlib tracking
[13Sep2025 21:39:28.222] [modloading-worker-0/DEBUG] [net.minecraftforge.fml.javafmlmod.AutomaticEventSubscriber/LOADING]: Attempting to inject @EventBusSubscriber classes into the eventbus for yungsapi
[13Sep2025 21:39:28.225] [modloading-worker-0/DEBUG] [net.minecraftforge.fml.javafmlmod.AutomaticEventSubscriber/LOADING]: Attempting to inject @EventBusSubscriber classes into the eventbus for glitchcore
[13Sep2025 21:39:28.225] [modloading-worker-0/DEBUG] [net.minecraftforge.fml.javafmlmod.AutomaticEventSubscriber/LOADING]: Auto-subscribing glitchcore.forge.handlers.VillagerTradesEventHandler to FORGE
[13Sep2025 21:39:28.237] [modloading-worker-0/DEBUG] [net.minecraftforge.fml.javafmlmod.AutomaticEventSubscriber/LOADING]: Auto-subscribing glitchcore.forge.handlers.TooltipEventHandler to FORGE
[13Sep2025 21:39:28.245] [modloading-worker-0/DEBUG] [net.minecraftforge.fml.javafmlmod.AutomaticEventSubscriber/LOADING]: Auto-subscribing glitchcore.forge.handlers.ToolModificationEventHandler to FORGE
[13Sep2025 21:39:28.252] [modloading-worker-0/DEBUG] [net.minecraftforge.fml.javafmlmod.AutomaticEventSubscriber/LOADING]: Auto-subscribing glitchcore.forge.handlers.TickEventHandler to FORGE
[13Sep2025 21:39:28.261] [modloading-worker-0/DEBUG] [net.minecraftforge.fml.javafmlmod.AutomaticEventSubscriber/LOADING]: Auto-subscribing glitchcore.forge.handlers.TagsUpdatedEventHandler to FORGE
[13Sep2025 21:39:28.248] [modloading-worker-0/DEBUG] [net.minecraftforge.fml.javafmlmod.AutomaticEventSubscriber/LOADING]: Attempting to inject @EventBusSubscriber classes into the eventbus for knightlib
[13Sep2025 21:39:28.266] [modloading-worker-0/DEBUG] [net.minecraftforge.fml.javafmlmod.AutomaticEventSubscriber/LOADING]: Auto-subscribing dev.xylonity.knightlib.common.event.KnightLibServerEvents to MOD
[13Sep2025 21:39:28.258] [modloading-worker-0/DEBUG] [net.minecraftforge.fml.javafmlmod.AutomaticEventSubscriber/LOADING]: Auto-subscribing yesman.epicfight.events.CapabilityEvents to FORGE
[13Sep2025 21:39:28.272] [modloading-worker-0/DEBUG] [net.minecraftforge.fml.javafmlmod.AutomaticEventSubscriber/LOADING]: Auto-subscribing dev.xylonity.knightlib.common.event.KnightLibCommonEvents to FORGE
[13Sep2025 21:39:28.275] [modloading-worker-0/DEBUG] [net.minecraftforge.fml.javafmlmod.AutomaticEventSubscriber/LOADING]: Auto-subscribing yesman.epicfight.epicskins.animation.EpicSkinsAnimations to MOD
[13Sep2025 21:39:28.282] [modloading-worker-0/DEBUG] [net.minecraftforge.fml.javafmlmod.AutomaticEventSubscriber/LOADING]: Auto-subscribing yesman.epicfight.data.loot.EpicFightLootTables to FORGE
[13Sep2025 21:39:28.282] [modloading-worker-0/DEBUG] [net.minecraftforge.fml.javafmlmod.AutomaticEventSubscriber/LOADING]: Auto-subscribing yesman.epicfight.config.ServerConfig to MOD
[13Sep2025 21:39:28.274] [modloading-worker-0/DEBUG] [net.minecraftforge.fml.config.ConfigTracker/CONFIG]: Config file companions.toml for companions tracking
[13Sep2025 21:39:28.273] [modloading-worker-0/DEBUG] [net.minecraftforge.fml.javafmlmod.AutomaticEventSubscriber/LOADING]: Auto-subscribing glitchcore.forge.handlers.RegistryEventHandler to MOD
[13Sep2025 21:39:28.286] [modloading-worker-0/DEBUG] [net.minecraftforge.fml.javafmlmod.AutomaticEventSubscriber/LOADING]: Auto-subscribing glitchcore.forge.handlers.RegisterCommandsEventHandler to FORGE
[13Sep2025 21:39:28.287] [modloading-worker-0/DEBUG] [net.minecraftforge.fml.javafmlmod.AutomaticEventSubscriber/LOADING]: Auto-subscribing glitchcore.forge.handlers.PlayerLoggedInEventHandler to FORGE
[13Sep2025 21:39:28.288] [modloading-worker-0/DEBUG] [net.minecraftforge.fml.javafmlmod.AutomaticEventSubscriber/LOADING]: Auto-subscribing glitchcore.forge.handlers.InteractionEventHandler to FORGE
[13Sep2025 21:39:28.288] [modloading-worker-0/DEBUG] [net.minecraftforge.fml.javafmlmod.AutomaticEventSubscriber/LOADING]: Auto-subscribing yesman.epicfight.config.CommonConfig to MOD
[13Sep2025 21:39:28.303] [modloading-worker-0/DEBUG] [mixin/]: Mixing impl.MixinEnvironment from glitchcore.forge.mixins.json into glitchcore.util.Environment
[13Sep2025 21:39:28.333] [modloading-worker-0/DEBUG] [net.minecraftforge.fml.config.ConfigTracker/CONFIG]: Config file takesapillage-common.toml for takesapillage tracking
[13Sep2025 21:39:28.338] [modloading-worker-0/DEBUG] [net.minecraftforge.fml.javafmlmod.AutomaticEventSubscriber/LOADING]: Attempting to inject @EventBusSubscriber classes into the eventbus for takesapillage
[13Sep2025 21:39:28.338] [modloading-worker-0/DEBUG] [net.minecraftforge.fml.javafmlmod.AutomaticEventSubscriber/LOADING]: Auto-subscribing com.izofar.takesapillage.RegistryEvents to MOD
[13Sep2025 21:39:28.344] [modloading-worker-0/DEBUG] [mixin/]: Mixing alloc.chunk_ticking.ServerChunkCacheMixin from canary.mixins.json into net.minecraft.server.level.ServerChunkCache
[13Sep2025 21:39:28.345] [modloading-worker-0/DEBUG] [mixin/]: Mixing chunk.replace_streams.servercore_compat.ServerChunkCacheMixin from canary.mixins.json into net.minecraft.server.level.ServerChunkCache
[13Sep2025 21:39:28.347] [modloading-worker-0/DEBUG] [mixin/]: Mixing world.chunk_access.ServerChunkCacheMixin from canary.mixins.json into net.minecraft.server.level.ServerChunkCache
[13Sep2025 21:39:28.348] [modloading-worker-0/DEBUG] [mixin/]: Renaming synthetic method lambda$getChunkOffThread$0(IILnet/minecraft/world/level/chunk/ChunkStatus;Z)Lnet/minecraft/world/level/chunk/ChunkAccess; to md089065$lambda$getChunkOffThread$0$0 in canary.mixins.json:world.chunk_access.ServerChunkCacheMixin
[13Sep2025 21:39:28.397] [modloading-worker-0/DEBUG] [mixin/]: Mixing MapDataMixin from moonlight-common.mixins.json into net.minecraft.world.level.saveddata.maps.MapItemSavedData
[13Sep2025 21:39:28.398] [modloading-worker-0/DEBUG] [mixin/]: Renaming synthetic method lambda$save$3(Lnet/minecraft/nbt/CompoundTag;Lnet/minecraft/resources/ResourceLocation;Lnet/mehvahdjukaar/moonlight/api/map/CustomMapData;)V to md089065$lambda$save$3$0 in moonlight-common.mixins.json:MapDataMixin
[13Sep2025 21:39:28.399] [modloading-worker-0/DEBUG] [mixin/]: Renaming synthetic method lambda$load$2(Lnet/minecraft/nbt/CompoundTag;Lnet/mehvahdjukaar/moonlight/api/map/CustomMapData;)V to md089065$lambda$load$2$1 in moonlight-common.mixins.json:MapDataMixin
[13Sep2025 21:39:28.399] [modloading-worker-0/DEBUG] [mixin/]: Renaming synthetic method lambda$setCustomDataDirty$1(Lnet/mehvahdjukaar/moonlight/api/map/CustomMapData$Type;Ljava/util/function/Consumer;Lnet/minecraft/world/level/saveddata/maps/MapItemSavedData$HoldingPlayer;)V to md089065$lambda$setCustomDataDirty$1$2 in moonlight-common.mixins.json:MapDataMixin
[13Sep2025 21:39:28.399] [modloading-worker-0/DEBUG] [mixin/]: Renaming synthetic method lambda$setCustomDecorationsDirty$0(Lnet/minecraft/world/level/saveddata/maps/MapItemSavedData$HoldingPlayer;)V to md089065$lambda$setCustomDecorationsDirty$0$3 in moonlight-common.mixins.json:MapDataMixin
[13Sep2025 21:39:28.401] [modloading-worker-0/DEBUG] [net.minecraftforge.fml.javafmlmod.AutomaticEventSubscriber/LOADING]: Attempting to inject @EventBusSubscriber classes into the eventbus for fusion
[13Sep2025 21:39:28.436] [modloading-worker-0/DEBUG] [net.minecraftforge.fml.config.ConfigTracker/CONFIG]: Config file balm-client.toml for balm tracking
[13Sep2025 21:39:28.449] [modloading-worker-0/DEBUG] [net.minecraftforge.fml.config.ConfigTracker/CONFIG]: Config file balm-common.toml for balm tracking
[13Sep2025 21:39:28.452] [modloading-worker-0/DEBUG] [net.minecraftforge.versions.forge.ForgeVersion/CORE]: Forge Version package package net.minecraftforge.versions.forge, Forge, version 47.4 from cpw.mods.modlauncher.TransformingClassLoader@60df7989
[13Sep2025 21:39:28.456] [modloading-worker-0/DEBUG] [net.minecraftforge.versions.forge.ForgeVersion/CORE]: Found Forge version 47.4.0
[13Sep2025 21:39:28.456] [modloading-worker-0/DEBUG] [net.minecraftforge.versions.forge.ForgeVersion/CORE]: Found Forge spec 47.4
[13Sep2025 21:39:28.456] [modloading-worker-0/DEBUG] [net.minecraftforge.versions.forge.ForgeVersion/CORE]: Found Forge group net.minecraftforge
[13Sep2025 21:39:28.457] [modloading-worker-0/DEBUG] [net.minecraftforge.versions.mcp.MCPVersion/CORE]: MCP Version package package net.minecraftforge.versions.mcp, Minecraft, version 1.20.1 from cpw.mods.modlauncher.TransformingClassLoader@60df7989
[13Sep2025 21:39:28.457] [modloading-worker-0/DEBUG] [net.minecraftforge.versions.mcp.MCPVersion/CORE]: Found MC version information 1.20.1
[13Sep2025 21:39:28.457] [modloading-worker-0/DEBUG] [net.minecraftforge.versions.mcp.MCPVersion/CORE]: Found MCP version information 20230612.114412
[13Sep2025 21:39:28.457] [modloading-worker-0/INFO] [net.minecraftforge.common.ForgeMod/FORGEMOD]: Forge mod loading, version 47.4.0, for MC 1.20.1 with MCP 20230612.114412
[13Sep2025 21:39:28.457] [modloading-worker-0/INFO] [net.minecraftforge.common.MinecraftForge/FORGE]: MinecraftForge v47.4.0 Initialized
[13Sep2025 21:39:28.468] [modloading-worker-0/DEBUG] [net.minecraftforge.fml.javafmlmod.AutomaticEventSubscriber/LOADING]: Attempting to inject @EventBusSubscriber classes into the eventbus for balm
[13Sep2025 21:39:28.479] [modloading-worker-0/DEBUG] [mixin/]: Mixing impl.MixinPacketHandler from glitchcore.forge.mixins.json into glitchcore.network.PacketHandler
[13Sep2025 21:39:28.480] [modloading-worker-0/DEBUG] [mixin/]: Renaming synthetic method lambda$init$3(Ljava/lang/String;)Ljava/lang/String; to md089065$lambda$init$3$0 in glitchcore.forge.mixins.json:impl.MixinPacketHandler
[13Sep2025 21:39:28.480] [modloading-worker-0/DEBUG] [mixin/]: Renaming synthetic method lambda$sendToPlayer$2(Lnet/minecraft/server/level/ServerPlayer;)Lnet/minecraft/server/level/ServerPlayer; to md089065$lambda$sendToPlayer$2$1 in glitchcore.forge.mixins.json:impl.MixinPacketHandler
[13Sep2025 21:39:28.480] [modloading-worker-0/DEBUG] [mixin/]: Renaming synthetic method lambda$register$1(Lglitchcore/network/CustomPacket;Lglitchcore/network/CustomPacket;Ljava/util/function/Supplier;)V to md089065$lambda$register$1$2 in glitchcore.forge.mixins.json:impl.MixinPacketHandler
[13Sep2025 21:39:28.480] [modloading-worker-0/DEBUG] [mixin/]: Renaming synthetic method lambda$register$0(Lglitchcore/network/CustomPacket;Lglitchcore/network/CustomPacket;Ljava/util/function/Supplier;)V to md089065$lambda$register$0$3 in glitchcore.forge.mixins.json:impl.MixinPacketHandler
[13Sep2025 21:39:28.534] [modloading-worker-0/DEBUG] [net.minecraftforge.fml.config.ConfigTracker/CONFIG]: Config file forge-client.toml for forge tracking
[13Sep2025 21:39:28.534] [modloading-worker-0/DEBUG] [net.minecraftforge.fml.config.ConfigTracker/CONFIG]: Config file forge-server.toml for forge tracking
[13Sep2025 21:39:28.534] [modloading-worker-0/DEBUG] [net.minecraftforge.fml.ModLoadingContext/]: Attempted to register an empty config for type COMMON on mod forge
[13Sep2025 21:39:28.544] [modloading-worker-0/DEBUG] [mixin/]: Mixing collections.gamerules.GameRulesMixin from canary.mixins.json into net.minecraft.world.level.GameRules
[13Sep2025 21:39:28.565] [modloading-worker-0/DEBUG] [net.minecraftforge.fml.javafmlmod.AutomaticEventSubscriber/LOADING]: Attempting to inject @EventBusSubscriber classes into the eventbus for sereneseasons
[13Sep2025 21:39:28.566] [modloading-worker-0/DEBUG] [mixin/]: Mixing accessor.CriteriaTriggersAccessor from yungsapi.mixins.json into net.minecraft.advancements.CriteriaTriggers
[13Sep2025 21:39:28.567] [modloading-worker-0/DEBUG] [net.minecraftforge.fml.javafmlmod.AutomaticEventSubscriber/LOADING]: Auto-subscribing sereneseasons.forge.datagen.DataGenerationHandler to MOD
[13Sep2025 21:39:28.567] [modloading-worker-0/DEBUG] [mixin/]: Renaming @Accessor method getValues()Ljava/util/Map; to getValues_$md$089065$0 in yungsapi.mixins.json:accessor.CriteriaTriggersAccessor
[13Sep2025 21:39:28.573] [modloading-worker-0/DEBUG] [net.minecraftforge.fml.javafmlmod.AutomaticEventSubscriber/LOADING]: Attempting to inject @EventBusSubscriber classes into the eventbus for forge
[13Sep2025 21:39:28.573] [modloading-worker-0/DEBUG] [net.minecraftforge.fml.javafmlmod.AutomaticEventSubscriber/LOADING]: Auto-subscribing net.minecraftforge.common.ForgeSpawnEggItem$CommonHandler to MOD
[13Sep2025 21:39:28.668] [modloading-worker-0/INFO] [unionlib/]: Watching directory: /workspaces/HytoCraft/servidor_minecraft/config
[13Sep2025 21:39:28.668] [modloading-worker-0/INFO] [unionlib/]: Watching directory: /workspaces/HytoCraft/servidor_minecraft/config
[13Sep2025 21:39:28.672] [modloading-worker-0/INFO] [unionlib/]: Watching file: antiqueatlas-common.toml
[13Sep2025 21:39:28.677] [modloading-worker-0/INFO] [unionlib/]: Watching file: unionlib-client.toml
[13Sep2025 21:39:28.677] [modloading-worker-0/INFO] [unionlib/]: Watching file: unionlib-common.toml
[13Sep2025 21:39:28.678] [modloading-worker-0/INFO] [unionlib/]: Watching file: unionlib-server.toml
[13Sep2025 21:39:28.715] [modloading-worker-0/INFO] [unionlib/]: Starting up: unionlib
[13Sep2025 21:39:28.715] [modloading-worker-0/DEBUG] [net.minecraftforge.fml.javafmlmod.AutomaticEventSubscriber/LOADING]: Attempting to inject @EventBusSubscriber classes into the eventbus for unionlib
[13Sep2025 21:39:28.717] [modloading-worker-0/DEBUG] [net.minecraftforge.fml.javafmlmod.AutomaticEventSubscriber/LOADING]: Attempting to inject @EventBusSubscriber classes into the eventbus for unionlib_potionfluid
[13Sep2025 21:39:28.717] [modloading-worker-0/DEBUG] [mixin/]: Mixing StructureStartMixin from unionlib.mixins.json into net.minecraft.world.level.levelgen.structure.StructureStart
[13Sep2025 21:39:28.753] [modloading-worker-0/INFO] [UnionLib Registry/]: Found 5 registry classes in unionlib
[13Sep2025 21:39:28.753] [modloading-worker-0/INFO] [UnionLib Registry/]: Registering minecraft:attributes in com.stereowalker.unionlib.core.registries.ClassNRegistry@3787b933
[13Sep2025 21:39:28.765] [modloading-worker-0/INFO] [UnionLib Registry/]: Registering minecraft:items in com.stereowalker.unionlib.core.registries.ClassNRegistry@45e80839
[13Sep2025 21:39:28.767] [modloading-worker-0/INFO] [UnionLib Registry/]: Registering minecraft:menus in com.stereowalker.unionlib.core.registries.ClassNRegistry@2fc94bfa
[13Sep2025 21:39:28.773] [modloading-worker-0/INFO] [UnionLib Registry/]: Registering minecraft:recipe_serializers in com.stereowalker.unionlib.core.registries.ClassNRegistry@4934c905
[13Sep2025 21:39:28.781] [modloading-worker-0/INFO] [UnionLib Registry/]: Registering minecraft:attributes in com.stereowalker.unionlib.core.registries.ClassNRegistry@55dedbb7
[13Sep2025 21:39:28.791] [modloading-worker-0/INFO] [UnionLib Registry/]: Found 2 registry classes in antiqueatlas
[13Sep2025 21:39:28.793] [modloading-worker-0/INFO] [UnionLib Registry/]: Registering minecraft:items in com.stereowalker.unionlib.core.registries.ClassNRegistry@65be9f2a
[13Sep2025 21:39:28.800] [modloading-worker-0/INFO] [UnionLib Registry/]: Registering minecraft:recipe_serializers in com.stereowalker.unionlib.core.registries.ClassNRegistry@35894844
[13Sep2025 21:39:28.805] [modloading-worker-0/DEBUG] [net.minecraftforge.fml.javafmlmod.AutomaticEventSubscriber/LOADING]: Attempting to inject @EventBusSubscriber classes into the eventbus for friendsandfoes
[13Sep2025 21:39:28.805] [modloading-worker-0/DEBUG] [net.minecraftforge.fml.javafmlmod.AutomaticEventSubscriber/LOADING]: Auto-subscribing com.faboslav.friendsandfoes.forge.datagen.StructureNbtUpdaterDatagen to MOD
[13Sep2025 21:39:28.804] [modloading-worker-0/INFO] [unionlib/]: Starting up: antiqueatlas
[13Sep2025 21:39:28.807] [modloading-worker-0/DEBUG] [net.minecraftforge.fml.javafmlmod.AutomaticEventSubscriber/LOADING]: Attempting to inject @EventBusSubscriber classes into the eventbus for antiqueatlas
[13Sep2025 21:39:28.836] [modloading-worker-0/DEBUG] [net.minecraftforge.fml.javafmlmod.AutomaticEventSubscriber/LOADING]: Attempting to inject @EventBusSubscriber classes into the eventbus for rustic_engineer
[13Sep2025 21:39:28.837] [modloading-worker-0/DEBUG] [net.minecraftforge.fml.javafmlmod.AutomaticEventSubscriber/LOADING]: Auto-subscribing net.mcreator.rusticengineer.procedures.WoodenCubeDropDiesProcedure to FORGE
[13Sep2025 21:39:28.840] [modloading-worker-0/DEBUG] [net.minecraftforge.fml.javafmlmod.AutomaticEventSubscriber/LOADING]: Auto-subscribing net.mcreator.rusticengineer.procedures.TakeIronPlateProcedure to FORGE
[13Sep2025 21:39:28.841] [modloading-worker-0/DEBUG] [net.minecraftforge.fml.javafmlmod.AutomaticEventSubscriber/LOADING]: Auto-subscribing net.mcreator.rusticengineer.procedures.StopFlyingLogoutProcedure to FORGE
[13Sep2025 21:39:28.842] [modloading-worker-0/DEBUG] [net.minecraftforge.fml.javafmlmod.AutomaticEventSubscriber/LOADING]: Auto-subscribing net.mcreator.rusticengineer.procedures.RusticGogglesSystemProcedure to FORGE
[13Sep2025 21:39:28.846] [modloading-worker-0/DEBUG] [net.minecraftforge.fml.javafmlmod.AutomaticEventSubscriber/LOADING]: Auto-subscribing net.mcreator.rusticengineer.procedures.RusticGliderSystemProcedure to FORGE
[13Sep2025 21:39:28.847] [modloading-worker-0/DEBUG] [net.minecraftforge.fml.javafmlmod.AutomaticEventSubscriber/LOADING]: Auto-subscribing net.mcreator.rusticengineer.procedures.RightclickGoldenBotProcedure to FORGE
[13Sep2025 21:39:28.849] [modloading-worker-0/DEBUG] [net.minecraftforge.fml.javafmlmod.AutomaticEventSubscriber/LOADING]: Auto-subscribing net.mcreator.rusticengineer.procedures.RemoveChestGoldenBotProcedure to FORGE
[13Sep2025 21:39:28.853] [modloading-worker-0/DEBUG] [net.minecraftforge.fml.javafmlmod.AutomaticEventSubscriber/LOADING]: Auto-subscribing net.mcreator.rusticengineer.procedures.RemoteControlProcedure to FORGE
[13Sep2025 21:39:28.854] [modloading-worker-0/DEBUG] [net.minecraftforge.fml.javafmlmod.AutomaticEventSubscriber/LOADING]: Auto-subscribing net.mcreator.rusticengineer.procedures.PlaceMechsProcedure to FORGE
[13Sep2025 21:39:28.860] [modloading-worker-0/DEBUG] [net.minecraftforge.fml.javafmlmod.AutomaticEventSubscriber/LOADING]: Auto-subscribing net.mcreator.rusticengineer.procedures.PlaceIronProcedure to FORGE
[13Sep2025 21:39:28.861] [modloading-worker-0/DEBUG] [net.minecraftforge.fml.javafmlmod.AutomaticEventSubscriber/LOADING]: Auto-subscribing net.mcreator.rusticengineer.procedures.PlaceChestGoldenBotProcedure to FORGE
[13Sep2025 21:39:28.862] [modloading-worker-0/DEBUG] [net.minecraftforge.fml.javafmlmod.AutomaticEventSubscriber/LOADING]: Auto-subscribing net.mcreator.rusticengineer.procedures.MakeIronPlateProcedure to FORGE
[13Sep2025 21:39:28.867] [modloading-worker-0/DEBUG] [net.minecraftforge.fml.javafmlmod.AutomaticEventSubscriber/LOADING]: Auto-subscribing net.mcreator.rusticengineer.procedures.FunctionToolMechProcedure to FORGE
[13Sep2025 21:39:28.868] [modloading-worker-0/DEBUG] [net.minecraftforge.fml.javafmlmod.AutomaticEventSubscriber/LOADING]: Auto-subscribing net.mcreator.rusticengineer.procedures.DropItensGUIProcedure to FORGE
[13Sep2025 21:39:28.871] [modloading-worker-0/DEBUG] [net.minecraftforge.fml.javafmlmod.AutomaticEventSubscriber/LOADING]: Auto-subscribing net.mcreator.rusticengineer.procedures.DisableDamageProcedure to FORGE
[13Sep2025 21:39:28.872] [modloading-worker-0/DEBUG] [net.minecraftforge.fml.javafmlmod.AutomaticEventSubscriber/LOADING]: Auto-subscribing net.mcreator.rusticengineer.procedures.CollectMachinesProcedure to FORGE
[13Sep2025 21:39:28.873] [modloading-worker-0/DEBUG] [net.minecraftforge.fml.javafmlmod.AutomaticEventSubscriber/LOADING]: Auto-subscribing net.mcreator.rusticengineer.network.WMessage to MOD
[13Sep2025 21:39:28.876] [modloading-worker-0/DEBUG] [net.minecraftforge.fml.javafmlmod.AutomaticEventSubscriber/LOADING]: Auto-subscribing net.mcreator.rusticengineer.network.TurnGogglesMessage to MOD
[13Sep2025 21:39:28.880] [modloading-worker-0/DEBUG] [net.minecraftforge.fml.javafmlmod.AutomaticEventSubscriber/LOADING]: Auto-subscribing net.mcreator.rusticengineer.network.TurnGliderMessage to MOD
[13Sep2025 21:39:28.881] [modloading-worker-0/DEBUG] [net.minecraftforge.fml.javafmlmod.AutomaticEventSubscriber/LOADING]: Auto-subscribing net.mcreator.rusticengineer.network.SpeedBoosterKeyMessage to MOD
[13Sep2025 21:39:28.885] [modloading-worker-0/DEBUG] [net.minecraftforge.fml.javafmlmod.AutomaticEventSubscriber/LOADING]: Auto-subscribing net.mcreator.rusticengineer.network.SpaceMessage to MOD
[13Sep2025 21:39:28.886] [modloading-worker-0/DEBUG] [net.minecraftforge.fml.javafmlmod.AutomaticEventSubscriber/LOADING]: Auto-subscribing net.mcreator.rusticengineer.network.SMessage to MOD
[13Sep2025 21:39:28.889] [modloading-worker-0/DEBUG] [net.minecraftforge.fml.javafmlmod.AutomaticEventSubscriber/LOADING]: Auto-subscribing net.mcreator.rusticengineer.network.KeyShootSpiderMessage to MOD
[13Sep2025 21:39:28.890] [modloading-worker-0/DEBUG] [net.minecraftforge.fml.javafmlmod.AutomaticEventSubscriber/LOADING]: Auto-subscribing net.mcreator.rusticengineer.network.DMessage to MOD
[13Sep2025 21:39:28.891] [modloading-worker-0/DEBUG] [net.minecraftforge.fml.javafmlmod.AutomaticEventSubscriber/LOADING]: Auto-subscribing net.mcreator.rusticengineer.network.AMessage to MOD
[13Sep2025 21:39:28.892] [modloading-worker-0/DEBUG] [net.minecraftforge.fml.javafmlmod.AutomaticEventSubscriber/LOADING]: Auto-subscribing net.mcreator.rusticengineer.init.RusticEngineerModLootModifier to MOD
[13Sep2025 21:39:28.896] [modloading-worker-0/DEBUG] [net.minecraftforge.fml.javafmlmod.AutomaticEventSubscriber/LOADING]: Auto-subscribing net.mcreator.rusticengineer.init.RusticEngineerModEntities to MOD
[13Sep2025 21:39:28.897] [modloading-worker-0/DEBUG] [net.minecraftforge.fml.javafmlmod.AutomaticEventSubscriber/LOADING]: Auto-subscribing net.mcreator.rusticengineer.init.ItemAnimationFactory to FORGE
[13Sep2025 21:39:28.898] [modloading-worker-0/DEBUG] [net.minecraftforge.fml.javafmlmod.AutomaticEventSubscriber/LOADING]: Auto-subscribing net.mcreator.rusticengineer.init.EntityAnimationFactory to FORGE
[13Sep2025 21:39:28.898] [modloading-worker-0/DEBUG] [net.minecraftforge.fml.javafmlmod.AutomaticEventSubscriber/LOADING]: Auto-subscribing net.mcreator.rusticengineer.init.ArmorAnimationFactory to FORGE
[13Sep2025 21:39:28.905] [modloading-worker-0/DEBUG] [net.minecraftforge.fml.javafmlmod.AutomaticEventSubscriber/LOADING]: Attempting to inject @EventBusSubscriber classes into the eventbus for companions
[13Sep2025 21:39:28.906] [modloading-worker-0/DEBUG] [net.minecraftforge.fml.javafmlmod.AutomaticEventSubscriber/LOADING]: Auto-subscribing dev.xylonity.companions.loot.CompanionsLootTables to FORGE
[13Sep2025 21:39:28.907] [modloading-worker-0/DEBUG] [net.minecraftforge.fml.javafmlmod.AutomaticEventSubscriber/LOADING]: Auto-subscribing dev.xylonity.companions.common.event.CompanionsServerEvents$CompanionsServerModBus to MOD
[13Sep2025 21:39:28.915] [modloading-worker-0/DEBUG] [net.minecraftforge.fml.javafmlmod.AutomaticEventSubscriber/LOADING]: Auto-subscribing dev.xylonity.companions.common.event.CompanionsServerEvents$CompanionsServerForgeBus to FORGE
[13Sep2025 21:39:28.916] [modloading-worker-0/DEBUG] [net.minecraftforge.fml.javafmlmod.AutomaticEventSubscriber/LOADING]: Auto-subscribing dev.xylonity.companions.common.event.CompanionsEntityTracker to FORGE
[13Sep2025 21:39:28.917] [modloading-worker-0/DEBUG] [net.minecraftforge.fml.javafmlmod.AutomaticEventSubscriber/LOADING]: Auto-subscribing dev.xylonity.companions.common.event.CompanionsEntityRespawnTracker to FORGE
[13Sep2025 21:39:28.931] [modloading-worker-0/DEBUG] [net.minecraftforge.fml.javafmlmod.AutomaticEventSubscriber/LOADING]: Auto-subscribing dev.xylonity.companions.common.event.CompanionsCommonEvents to FORGE
[13Sep2025 21:39:28.967] [modloading-worker-0/DEBUG] [net.minecraftforge.fml.javafmlmod.AutomaticEventSubscriber/LOADING]: Attempting to inject @EventBusSubscriber classes into the eventbus for realmrpg_skeletons
[13Sep2025 21:39:28.967] [modloading-worker-0/DEBUG] [net.minecraftforge.fml.javafmlmod.AutomaticEventSubscriber/LOADING]: Auto-subscribing net.mcreator.realmrpgskeletons.world.features.StructureFeature to FORGE
[13Sep2025 21:39:28.973] [modloading-worker-0/DEBUG] [net.minecraftforge.fml.javafmlmod.AutomaticEventSubscriber/LOADING]: Auto-subscribing net.mcreator.realmrpgskeletons.procedures.ModCompatProcedure to FORGE
[13Sep2025 21:39:28.975] [modloading-worker-0/DEBUG] [net.minecraftforge.fml.javafmlmod.AutomaticEventSubscriber/LOADING]: Auto-subscribing net.mcreator.realmrpgskeletons.init.RealmrpgSkeletonsModFeatures to FORGE
[13Sep2025 21:39:28.998] [modloading-worker-0/DEBUG] [net.minecraftforge.fml.config.ConfigTracker/CONFIG]: Config file farmersdelight-common.toml for farmersdelight tracking
[13Sep2025 21:39:28.999] [modloading-worker-0/DEBUG] [net.minecraftforge.fml.config.ConfigTracker/CONFIG]: Config file farmersdelight-client.toml for farmersdelight tracking
[13Sep2025 21:39:29.053] [modloading-worker-0/DEBUG] [net.minecraftforge.fml.javafmlmod.AutomaticEventSubscriber/LOADING]: Attempting to inject @EventBusSubscriber classes into the eventbus for realisticforgingores
[13Sep2025 21:39:29.054] [modloading-worker-0/DEBUG] [net.minecraftforge.fml.javafmlmod.AutomaticEventSubscriber/LOADING]: Auto-subscribing net.mcreator.realisticforging.procedures.TwostickshittingironwoodhammerProcedure to FORGE
[13Sep2025 21:39:29.059] [modloading-worker-0/DEBUG] [net.minecraftforge.fml.javafmlmod.AutomaticEventSubscriber/LOADING]: Auto-subscribing net.mcreator.realisticforging.procedures.TwostickshittingironstonehammerProcedure to FORGE
[13Sep2025 21:39:29.061] [modloading-worker-0/DEBUG] [net.minecraftforge.fml.javafmlmod.AutomaticEventSubscriber/LOADING]: Auto-subscribing net.mcreator.realisticforging.procedures.TwostickshittingironProcedure to FORGE
[13Sep2025 21:39:29.066] [modloading-worker-0/DEBUG] [net.minecraftforge.fml.javafmlmod.AutomaticEventSubscriber/LOADING]: Auto-subscribing net.mcreator.realisticforging.procedures.TwoSticksCraftingAdvancementProcedure to FORGE
[13Sep2025 21:39:29.070] [modloading-worker-0/DEBUG] [net.minecraftforge.fml.javafmlmod.AutomaticEventSubscriber/LOADING]: Auto-subscribing net.mcreator.realisticforging.procedures.SmithingAnvilOnBlockRightClickedProcedure to FORGE
[13Sep2025 21:39:29.072] [modloading-worker-0/DEBUG] [net.minecraftforge.fml.javafmlmod.AutomaticEventSubscriber/LOADING]: Auto-subscribing net.mcreator.realisticforging.procedures.SmashingdebrisProcedure to FORGE
[13Sep2025 21:39:29.075] [modloading-worker-0/DEBUG] [net.minecraftforge.fml.javafmlmod.AutomaticEventSubscriber/LOADING]: Auto-subscribing net.mcreator.realisticforging.procedures.ShiningemeraldProcedure to FORGE
[13Sep2025 21:39:29.078] [modloading-worker-0/DEBUG] [net.minecraftforge.fml.javafmlmod.AutomaticEventSubscriber/LOADING]: Auto-subscribing net.mcreator.realisticforging.procedures.SetupAnimationsProcedure$RealisticforgingoresModAnimationMessage to MOD
[13Sep2025 21:39:29.082] [modloading-worker-0/DEBUG] [net.minecraftforge.fml.javafmlmod.AutomaticEventSubscriber/LOADING]: Auto-subscribing net.mcreator.realisticforging.procedures.PuttinggoldinmeltedscrapsProcedure to FORGE
[13Sep2025 21:39:29.086] [modloading-worker-0/DEBUG] [net.minecraftforge.fml.javafmlmod.AutomaticEventSubscriber/LOADING]: Auto-subscribing net.mcreator.realisticforging.procedures.PuttingcopperoreinpanProcedure to FORGE
[13Sep2025 21:39:29.087] [modloading-worker-0/DEBUG] [net.minecraftforge.fml.javafmlmod.AutomaticEventSubscriber/LOADING]: Auto-subscribing net.mcreator.realisticforging.procedures.PuttingCookieInsidePanProcedure to FORGE
[13Sep2025 21:39:29.089] [modloading-worker-0/DEBUG] [net.minecraftforge.fml.javafmlmod.AutomaticEventSubscriber/LOADING]: Auto-subscribing net.mcreator.realisticforging.procedures.PutoreinsidemoldProcedure to FORGE
[13Sep2025 21:39:29.092] [modloading-worker-0/DEBUG] [net.minecraftforge.fml.javafmlmod.AutomaticEventSubscriber/LOADING]: Auto-subscribing net.mcreator.realisticforging.procedures.PutnetheriteinpanProcedure to FORGE
[13Sep2025 21:39:29.096] [modloading-worker-0/DEBUG] [net.minecraftforge.fml.javafmlmod.AutomaticEventSubscriber/LOADING]: Auto-subscribing net.mcreator.realisticforging.procedures.PouringmeltedscrapsandgoldinmoldProcedure to FORGE
[13Sep2025 21:39:29.103] [modloading-worker-0/DEBUG] [net.minecraftforge.fml.javafmlmod.AutomaticEventSubscriber/LOADING]: Auto-subscribing net.mcreator.realisticforging.procedures.PouringhotcopperintomoldProcedure to FORGE
[13Sep2025 21:39:29.104] [modloading-worker-0/DEBUG] [net.minecraftforge.fml.javafmlmod.AutomaticEventSubscriber/LOADING]: Auto-subscribing net.mcreator.realisticforging.procedures.PolishingemeraldProcedure to FORGE
[13Sep2025 21:39:29.109] [modloading-worker-0/DEBUG] [net.minecraftforge.fml.javafmlmod.AutomaticEventSubscriber/LOADING]: Auto-subscribing net.mcreator.realisticforging.procedures.PluckmoldfromtongsProcedure to FORGE
[13Sep2025 21:39:29.110] [modloading-worker-0/DEBUG] [net.minecraftforge.fml.javafmlmod.AutomaticEventSubscriber/LOADING]: Auto-subscribing net.mcreator.realisticforging.procedures.PluckgoldfrommoldProcedure to FORGE
[13Sep2025 21:39:29.111] [modloading-worker-0/DEBUG] [net.minecraftforge.fml.javafmlmod.AutomaticEventSubscriber/LOADING]: Auto-subscribing net.mcreator.realisticforging.procedures.OverridevanillaironoreProcedure to FORGE
[13Sep2025 21:39:29.111] [modloading-worker-0/DEBUG] [net.minecraftforge.fml.javafmlmod.AutomaticEventSubscriber/LOADING]: Auto-subscribing net.mcreator.realisticforging.procedures.OverridevanillagoldProcedure to FORGE
[13Sep2025 21:39:29.114] [modloading-worker-0/DEBUG] [net.minecraftforge.fml.javafmlmod.AutomaticEventSubscriber/LOADING]: Auto-subscribing net.mcreator.realisticforging.procedures.OverridecopperoreinventoryProcedure to FORGE
[13Sep2025 21:39:29.114] [modloading-worker-0/DEBUG] [net.minecraftforge.fml.javafmlmod.AutomaticEventSubscriber/LOADING]: Auto-subscribing net.mcreator.realisticforging.procedures.NetheriteItemsToolTipsProcedure to FORGE
[13Sep2025 21:39:29.115] [modloading-worker-0/DEBUG] [net.minecraftforge.fml.javafmlmod.AutomaticEventSubscriber/LOADING]: Auto-subscribing net.mcreator.realisticforging.procedures.MoldingroughemeraldProcedure to FORGE
[13Sep2025 21:39:29.119] [modloading-worker-0/DEBUG] [net.minecraftforge.fml.javafmlmod.AutomaticEventSubscriber/LOADING]: Auto-subscribing net.mcreator.realisticforging.procedures.MoldingdiamondProcedure to FORGE
[13Sep2025 21:39:29.120] [modloading-worker-0/DEBUG] [net.minecraftforge.fml.javafmlmod.AutomaticEventSubscriber/LOADING]: Auto-subscribing net.mcreator.realisticforging.procedures.MiningEmeraldAdvancementProcedureProcedure to FORGE
[13Sep2025 21:39:29.122] [modloading-worker-0/DEBUG] [net.minecraftforge.fml.javafmlmod.AutomaticEventSubscriber/LOADING]: Auto-subscribing net.mcreator.realisticforging.procedures.MeltingscrapsProcedure to FORGE
[13Sep2025 21:39:29.128] [modloading-worker-0/DEBUG] [net.minecraftforge.fml.javafmlmod.AutomaticEventSubscriber/LOADING]: Auto-subscribing net.mcreator.realisticforging.procedures.MashingcopperoreinsidepanProcedure to FORGE
[13Sep2025 21:39:29.130] [modloading-worker-0/DEBUG] [net.minecraftforge.fml.javafmlmod.AutomaticEventSubscriber/LOADING]: Auto-subscribing net.mcreator.realisticforging.procedures.IronTooltipRenderingProcedure to FORGE
[13Sep2025 21:39:29.131] [modloading-worker-0/DEBUG] [net.minecraftforge.fml.javafmlmod.AutomaticEventSubscriber/LOADING]: Auto-subscribing net.mcreator.realisticforging.procedures.InventoryTickDiamondOreAdvancementProcedure to FORGE
[13Sep2025 21:39:29.135] [modloading-worker-0/DEBUG] [net.minecraftforge.fml.javafmlmod.AutomaticEventSubscriber/LOADING]: Auto-subscribing net.mcreator.realisticforging.procedures.HittingwoodhammerProcedure to FORGE
[13Sep2025 21:39:29.137] [modloading-worker-0/DEBUG] [net.minecraftforge.fml.javafmlmod.AutomaticEventSubscriber/LOADING]: Auto-subscribing net.mcreator.realisticforging.procedures.HittingstonehammerProcedure to FORGE
[13Sep2025 21:39:29.142] [modloading-worker-0/DEBUG] [net.minecraftforge.fml.javafmlmod.AutomaticEventSubscriber/LOADING]: Auto-subscribing net.mcreator.realisticforging.procedures.HittingOreProcedure to FORGE
[13Sep2025 21:39:29.148] [modloading-worker-0/DEBUG] [net.minecraftforge.fml.javafmlmod.AutomaticEventSubscriber/LOADING]: Auto-subscribing net.mcreator.realisticforging.procedures.GoldItemsToolTipsProcedure to FORGE
[13Sep2025 21:39:29.148] [modloading-worker-0/DEBUG] [net.minecraftforge.fml.javafmlmod.AutomaticEventSubscriber/LOADING]: Auto-subscribing net.mcreator.realisticforging.procedures.ExtractingemeralddeepslateProcedure to FORGE
[13Sep2025 21:39:29.153] [modloading-worker-0/DEBUG] [net.minecraftforge.fml.javafmlmod.AutomaticEventSubscriber/LOADING]: Auto-subscribing net.mcreator.realisticforging.procedures.ExtractingemeraldProcedure to FORGE
[13Sep2025 21:39:29.154] [modloading-worker-0/DEBUG] [net.minecraftforge.fml.javafmlmod.AutomaticEventSubscriber/LOADING]: Auto-subscribing net.mcreator.realisticforging.procedures.ExtractingdiamondsdeepslateProcedure to FORGE
[13Sep2025 21:39:29.158] [modloading-worker-0/DEBUG] [net.minecraftforge.fml.javafmlmod.AutomaticEventSubscriber/LOADING]: Auto-subscribing net.mcreator.realisticforging.procedures.ExtractingdiamondsProcedure to FORGE
[13Sep2025 21:39:29.163] [modloading-worker-0/DEBUG] [net.minecraftforge.fml.javafmlmod.AutomaticEventSubscriber/LOADING]: Auto-subscribing net.mcreator.realisticforging.procedures.EmeraldItemTooltipsProcedure to FORGE
[13Sep2025 21:39:29.163] [modloading-worker-0/DEBUG] [net.minecraftforge.fml.javafmlmod.AutomaticEventSubscriber/LOADING]: Auto-subscribing net.mcreator.realisticforging.procedures.DrippinghotironoreProcedure to FORGE
[13Sep2025 21:39:29.165] [modloading-worker-0/DEBUG] [net.minecraftforge.fml.javafmlmod.AutomaticEventSubscriber/LOADING]: Auto-subscribing net.mcreator.realisticforging.procedures.DiamondItemsTooltipsProcedure to FORGE
[13Sep2025 21:39:29.169] [modloading-worker-0/DEBUG] [net.minecraftforge.fml.javafmlmod.AutomaticEventSubscriber/LOADING]: Auto-subscribing net.mcreator.realisticforging.procedures.CuttingroughemeraldProcedure to FORGE
[13Sep2025 21:39:29.171] [modloading-worker-0/DEBUG] [net.minecraftforge.fml.javafmlmod.AutomaticEventSubscriber/LOADING]: Auto-subscribing net.mcreator.realisticforging.procedures.CuttingdiamondProcedure to FORGE
[13Sep2025 21:39:29.175] [modloading-worker-0/DEBUG] [net.minecraftforge.fml.javafmlmod.AutomaticEventSubscriber/LOADING]: Auto-subscribing net.mcreator.realisticforging.procedures.CraftingWoodPestleAdvancementProcedure to FORGE
[13Sep2025 21:39:29.179] [modloading-worker-0/DEBUG] [net.minecraftforge.fml.javafmlmod.AutomaticEventSubscriber/LOADING]: Auto-subscribing net.mcreator.realisticforging.procedures.CraftingSmithingAnvilAdvancementProcedure to FORGE
[13Sep2025 21:39:29.180] [modloading-worker-0/DEBUG] [net.minecraftforge.fml.javafmlmod.AutomaticEventSubscriber/LOADING]: Auto-subscribing net.mcreator.realisticforging.procedures.CraftingSmallPanAdvancementProcedureProcedure to FORGE
[13Sep2025 21:39:29.184] [modloading-worker-0/DEBUG] [net.minecraftforge.fml.javafmlmod.AutomaticEventSubscriber/LOADING]: Auto-subscribing net.mcreator.realisticforging.procedures.CraftingSandPaperProcedureProcedure to FORGE
[13Sep2025 21:39:29.185] [modloading-worker-0/DEBUG] [net.minecraftforge.fml.javafmlmod.AutomaticEventSubscriber/LOADING]: Auto-subscribing net.mcreator.realisticforging.procedures.CraftingPointChiselProcedureProcedure to FORGE
[13Sep2025 21:39:29.186] [modloading-worker-0/DEBUG] [net.minecraftforge.fml.javafmlmod.AutomaticEventSubscriber/LOADING]: Auto-subscribing net.mcreator.realisticforging.procedures.CraftingIronSwordAdvancementProcedure to FORGE
[13Sep2025 21:39:29.189] [modloading-worker-0/DEBUG] [net.minecraftforge.fml.javafmlmod.AutomaticEventSubscriber/LOADING]: Auto-subscribing net.mcreator.realisticforging.procedures.CraftingIronArmorAdvancementProcedure to FORGE
[13Sep2025 21:39:29.190] [modloading-worker-0/DEBUG] [net.minecraftforge.fml.javafmlmod.AutomaticEventSubscriber/LOADING]: Auto-subscribing net.mcreator.realisticforging.procedures.CraftingIngotMoldAdvancementProcedure to FORGE
[13Sep2025 21:39:29.191] [modloading-worker-0/DEBUG] [net.minecraftforge.fml.javafmlmod.AutomaticEventSubscriber/LOADING]: Auto-subscribing net.mcreator.realisticforging.procedures.CraftingDiamondSwordProcedureProcedure to FORGE
[13Sep2025 21:39:29.192] [modloading-worker-0/DEBUG] [net.minecraftforge.fml.javafmlmod.AutomaticEventSubscriber/LOADING]: Auto-subscribing net.mcreator.realisticforging.procedures.CraftingCarvingHammerProcedureProcedure to FORGE
[13Sep2025 21:39:29.195] [modloading-worker-0/DEBUG] [net.minecraftforge.fml.javafmlmod.AutomaticEventSubscriber/LOADING]: Auto-subscribing net.mcreator.realisticforging.procedures.CraftingBlankMoldAdvancementProcedure to FORGE
[13Sep2025 21:39:29.196] [modloading-worker-0/DEBUG] [net.minecraftforge.fml.javafmlmod.AutomaticEventSubscriber/LOADING]: Auto-subscribing net.mcreator.realisticforging.procedures.CraftingBlacksmithTongsAdvancementsProcedure to FORGE
[13Sep2025 21:39:29.197] [modloading-worker-0/DEBUG] [net.minecraftforge.fml.javafmlmod.AutomaticEventSubscriber/LOADING]: Auto-subscribing net.mcreator.realisticforging.procedures.CraftingBigPanAdvancementProcedureProcedure to FORGE
[13Sep2025 21:39:29.198] [modloading-worker-0/DEBUG] [net.minecraftforge.fml.javafmlmod.AutomaticEventSubscriber/LOADING]: Auto-subscribing net.mcreator.realisticforging.procedures.CraftSmithingHammerAdvancementProcedure to FORGE
[13Sep2025 21:39:29.205] [modloading-worker-0/DEBUG] [net.minecraftforge.fml.javafmlmod.AutomaticEventSubscriber/LOADING]: Auto-subscribing net.mcreator.realisticforging.procedures.CooperTooltipItemRenderingProcedure to FORGE
[13Sep2025 21:39:29.206] [modloading-worker-0/DEBUG] [net.minecraftforge.fml.javafmlmod.AutomaticEventSubscriber/LOADING]: Auto-subscribing net.mcreator.realisticforging.procedures.CoolingdownnetheriteriverProcedure to FORGE
[13Sep2025 21:39:29.212] [modloading-worker-0/DEBUG] [net.minecraftforge.fml.javafmlmod.AutomaticEventSubscriber/LOADING]: Auto-subscribing net.mcreator.realisticforging.procedures.CoolingdownnetheriteProcedure to FORGE
[13Sep2025 21:39:29.213] [modloading-worker-0/DEBUG] [net.minecraftforge.fml.javafmlmod.AutomaticEventSubscriber/LOADING]: Auto-subscribing net.mcreator.realisticforging.procedures.CoolingdownmeltedgoldriverProcedure to FORGE
[13Sep2025 21:39:29.215] [modloading-worker-0/DEBUG] [net.minecraftforge.fml.javafmlmod.AutomaticEventSubscriber/LOADING]: Auto-subscribing net.mcreator.realisticforging.procedures.CoolingdownmeltedgoldProcedure to FORGE
[13Sep2025 21:39:29.216] [modloading-worker-0/DEBUG] [net.minecraftforge.fml.javafmlmod.AutomaticEventSubscriber/LOADING]: Auto-subscribing net.mcreator.realisticforging.procedures.CoolingdownmeltedcoppercauldronProcedure to FORGE
[13Sep2025 21:39:29.220] [modloading-worker-0/DEBUG] [net.minecraftforge.fml.javafmlmod.AutomaticEventSubscriber/LOADING]: Auto-subscribing net.mcreator.realisticforging.procedures.CoolingdownmeltedcopperProcedure to FORGE
[13Sep2025 21:39:29.227] [modloading-worker-0/DEBUG] [net.minecraftforge.fml.javafmlmod.AutomaticEventSubscriber/LOADING]: Auto-subscribing net.mcreator.realisticforging.procedures.CoolingdownironcauldronProcedure to FORGE
[13Sep2025 21:39:29.228] [modloading-worker-0/DEBUG] [net.minecraftforge.fml.javafmlmod.AutomaticEventSubscriber/LOADING]: Auto-subscribing net.mcreator.realisticforging.procedures.CoolingdownironandironnuggetProcedure to FORGE
[13Sep2025 21:39:29.236] [modloading-worker-0/DEBUG] [net.minecraftforge.fml.javafmlmod.AutomaticEventSubscriber/LOADING]: Auto-subscribing net.mcreator.realisticforging.procedures.CleaningirondustwaterProcedure to FORGE
[13Sep2025 21:39:29.237] [modloading-worker-0/DEBUG] [net.minecraftforge.fml.javafmlmod.AutomaticEventSubscriber/LOADING]: Attempting to inject @EventBusSubscriber classes into the eventbus for farmersdelight
[13Sep2025 21:39:29.238] [modloading-worker-0/DEBUG] [net.minecraftforge.fml.javafmlmod.AutomaticEventSubscriber/LOADING]: Auto-subscribing vectorwing.farmersdelight.data.DataGenerators to MOD
[13Sep2025 21:39:29.239] [modloading-worker-0/DEBUG] [net.minecraftforge.fml.javafmlmod.AutomaticEventSubscriber/LOADING]: Auto-subscribing net.mcreator.realisticforging.procedures.CleaningirondustProcedure to FORGE
[13Sep2025 21:39:29.240] [modloading-worker-0/DEBUG] [net.minecraftforge.fml.javafmlmod.AutomaticEventSubscriber/LOADING]: Auto-subscribing net.mcreator.realisticforging.procedures.CleaninggoldoreriverProcedure to FORGE
[13Sep2025 21:39:29.240] [modloading-worker-0/DEBUG] [net.minecraftforge.fml.javafmlmod.AutomaticEventSubscriber/LOADING]: Auto-subscribing vectorwing.farmersdelight.common.item.SkilletItem$SkilletEvents to FORGE
[13Sep2025 21:39:29.241] [modloading-worker-0/DEBUG] [net.minecraftforge.fml.javafmlmod.AutomaticEventSubscriber/LOADING]: Auto-subscribing vectorwing.farmersdelight.common.item.KnifeItem$KnifeEvents to FORGE
[13Sep2025 21:39:29.244] [modloading-worker-0/DEBUG] [net.minecraftforge.fml.javafmlmod.AutomaticEventSubscriber/LOADING]: Auto-subscribing vectorwing.farmersdelight.common.item.HorseFeedItem$HorseFeedEvent to FORGE
[13Sep2025 21:39:29.245] [modloading-worker-0/DEBUG] [net.minecraftforge.fml.javafmlmod.AutomaticEventSubscriber/LOADING]: Auto-subscribing vectorwing.farmersdelight.common.item.enchantment.BackstabbingEnchantment$BackstabbingEvent to FORGE
[13Sep2025 21:39:29.247] [modloading-worker-0/DEBUG] [net.minecraftforge.fml.javafmlmod.AutomaticEventSubscriber/LOADING]: Auto-subscribing vectorwing.farmersdelight.common.item.DogFoodItem$DogFoodEvent to FORGE
[13Sep2025 21:39:29.247] [modloading-worker-0/DEBUG] [net.minecraftforge.fml.javafmlmod.AutomaticEventSubscriber/LOADING]: Auto-subscribing net.mcreator.realisticforging.procedures.CleaninggoldoreProcedure to FORGE
[13Sep2025 21:39:29.248] [modloading-worker-0/DEBUG] [net.minecraftforge.fml.javafmlmod.AutomaticEventSubscriber/LOADING]: Auto-subscribing net.mcreator.realisticforging.procedures.CleanOreProcedure to FORGE
[13Sep2025 21:39:29.248] [modloading-worker-0/DEBUG] [net.minecraftforge.fml.javafmlmod.AutomaticEventSubscriber/LOADING]: Auto-subscribing vectorwing.farmersdelight.common.event.VillagerEvents to FORGE
[13Sep2025 21:39:29.253] [modloading-worker-0/DEBUG] [net.minecraftforge.fml.javafmlmod.AutomaticEventSubscriber/LOADING]: Auto-subscribing vectorwing.farmersdelight.common.event.SetupEvents to MOD
[13Sep2025 21:39:29.254] [modloading-worker-0/DEBUG] [net.minecraftforge.fml.javafmlmod.AutomaticEventSubscriber/LOADING]: Auto-subscribing vectorwing.farmersdelight.common.event.MappingEvents to FORGE
[13Sep2025 21:39:29.255] [modloading-worker-0/DEBUG] [net.minecraftforge.fml.javafmlmod.AutomaticEventSubscriber/LOADING]: Auto-subscribing vectorwing.farmersdelight.common.event.CommonEvents to FORGE
[13Sep2025 21:39:29.258] [modloading-worker-0/DEBUG] [net.minecraftforge.fml.javafmlmod.AutomaticEventSubscriber/LOADING]: Auto-subscribing net.mcreator.realisticforging.procedures.BreakingSmithingHammerAdvancementProcedure to FORGE
[13Sep2025 21:39:29.260] [modloading-worker-0/DEBUG] [net.minecraftforge.fml.javafmlmod.AutomaticEventSubscriber/LOADING]: Auto-subscribing vectorwing.farmersdelight.common.block.CuttingBoardBlock$ToolCarvingEvent to FORGE
[13Sep2025 21:39:29.260] [modloading-worker-0/DEBUG] [net.minecraftforge.fml.javafmlmod.AutomaticEventSubscriber/LOADING]: Attempting to inject @EventBusSubscriber classes into the eventbus for voicechat_api
[13Sep2025 21:39:29.267] [modloading-worker-0/DEBUG] [net.minecraftforge.fml.config.ConfigTracker/CONFIG]: Config file moonlight-common.toml for moonlight tracking
[13Sep2025 21:39:29.285] [modloading-worker-0/DEBUG] [net.minecraftforge.fml.javafmlmod.AutomaticEventSubscriber/LOADING]: Attempting to inject @EventBusSubscriber classes into the eventbus for voicechat
[13Sep2025 21:39:29.286] [modloading-worker-0/DEBUG] [net.minecraftforge.fml.config.ConfigTracker/CONFIG]: Config file endrem.toml for endrem tracking
[13Sep2025 21:39:29.306] [modloading-worker-0/DEBUG] [net.minecraftforge.fml.javafmlmod.AutomaticEventSubscriber/LOADING]: Attempting to inject @EventBusSubscriber classes into the eventbus for dark_souls_expansion
[13Sep2025 21:39:29.304] [modloading-worker-0/DEBUG] [net.minecraftforge.fml.javafmlmod.AutomaticEventSubscriber/LOADING]: Attempting to inject @EventBusSubscriber classes into the eventbus for endrem
[13Sep2025 21:39:29.306] [modloading-worker-0/DEBUG] [net.minecraftforge.fml.javafmlmod.AutomaticEventSubscriber/LOADING]: Auto-subscribing net.mcreator.darksoulsexpansion.world.teleporter.LordranDimensionTeleporter to MOD
[13Sep2025 21:39:29.306] [modloading-worker-0/DEBUG] [net.minecraftforge.fml.javafmlmod.AutomaticEventSubscriber/LOADING]: Auto-subscribing com.teamremastered.endrem.registers.RegisterHandler to MOD
[13Sep2025 21:39:29.307] [modloading-worker-0/DEBUG] [net.minecraftforge.fml.javafmlmod.AutomaticEventSubscriber/LOADING]: Auto-subscribing com.teamremastered.endrem.events.ModEvents to FORGE
[13Sep2025 21:39:29.316] [modloading-worker-0/DEBUG] [net.minecraftforge.fml.javafmlmod.AutomaticEventSubscriber/LOADING]: Auto-subscribing net.mcreator.darksoulsexpansion.world.features.StructureFeature to FORGE
[13Sep2025 21:39:29.317] [modloading-worker-0/DEBUG] [net.minecraftforge.fml.javafmlmod.AutomaticEventSubscriber/LOADING]: Auto-subscribing net.mcreator.darksoulsexpansion.world.dimension.LordranDimensionDimension to FORGE
[13Sep2025 21:39:29.317] [modloading-worker-0/DEBUG] [net.minecraftforge.fml.javafmlmod.AutomaticEventSubscriber/LOADING]: Auto-subscribing net.mcreator.darksoulsexpansion.world.dimension.LordranDimensionDimension$LordranDimensionSpecialEffectsHandler to MOD
[13Sep2025 21:39:29.317] [modloading-worker-0/DEBUG] [net.minecraftforge.fml.javafmlmod.AutomaticEventSubscriber/LOADING]: Auto-subscribing net.mcreator.darksoulsexpansion.recipes.brewing.RefillEstusFlaskRecipeBrewingRecipe to MOD
[13Sep2025 21:39:29.318] [modloading-worker-0/DEBUG] [net.minecraftforge.fml.javafmlmod.AutomaticEventSubscriber/LOADING]: Auto-subscribing net.mcreator.darksoulsexpansion.procedures.TitantieDemonAttackProcedure to FORGE
[13Sep2025 21:39:29.322] [modloading-worker-0/DEBUG] [net.minecraftforge.fml.javafmlmod.AutomaticEventSubscriber/LOADING]: Auto-subscribing net.mcreator.darksoulsexpansion.procedures.SpawnLocationProcedureProcedure to FORGE
[13Sep2025 21:39:29.323] [modloading-worker-0/DEBUG] [net.minecraftforge.fml.javafmlmod.AutomaticEventSubscriber/LOADING]: Auto-subscribing net.mcreator.darksoulsexpansion.procedures.SoulCounterMathProcedure to FORGE
[13Sep2025 21:39:29.324] [modloading-worker-0/DEBUG] [net.minecraftforge.fml.javafmlmod.AutomaticEventSubscriber/LOADING]: Auto-subscribing net.mcreator.darksoulsexpansion.procedures.PromotionalMessageProcedure to FORGE
[13Sep2025 21:39:29.326] [modloading-worker-0/DEBUG] [net.minecraftforge.fml.javafmlmod.AutomaticEventSubscriber/LOADING]: Auto-subscribing net.mcreator.darksoulsexpansion.procedures.AsylumDemonHurtProcedure to FORGE
[13Sep2025 21:39:29.327] [modloading-worker-0/DEBUG] [net.minecraftforge.fml.javafmlmod.AutomaticEventSubscriber/LOADING]: Auto-subscribing net.mcreator.darksoulsexpansion.procedures.AsylumDemonAttackProcedure to FORGE
[13Sep2025 21:39:29.335] [modloading-worker-0/DEBUG] [net.minecraftforge.fml.javafmlmod.AutomaticEventSubscriber/LOADING]: Auto-subscribing net.mcreator.darksoulsexpansion.network.MerchantGUITradeButtonMessage to MOD
[13Sep2025 21:39:29.336] [modloading-worker-0/DEBUG] [net.minecraftforge.fml.javafmlmod.AutomaticEventSubscriber/LOADING]: Auto-subscribing net.mcreator.darksoulsexpansion.network.DarkSoulsExpansionModVariables to MOD
[13Sep2025 21:39:29.338] [modloading-worker-0/DEBUG] [net.minecraftforge.fml.javafmlmod.AutomaticEventSubscriber/LOADING]: Auto-subscribing net.mcreator.darksoulsexpansion.network.DarkSoulsExpansionModVariables$PlayerVariablesProvider to FORGE
[13Sep2025 21:39:29.341] [modloading-worker-0/DEBUG] [net.minecraftforge.fml.javafmlmod.AutomaticEventSubscriber/LOADING]: Auto-subscribing net.mcreator.darksoulsexpansion.network.DarkSoulsExpansionModVariables$EventBusVariableHandlers to FORGE
[13Sep2025 21:39:29.347] [modloading-worker-0/DEBUG] [net.minecraftforge.fml.javafmlmod.AutomaticEventSubscriber/LOADING]: Auto-subscribing net.mcreator.darksoulsexpansion.network.BlacksmithGUITradeButtonMessage to MOD
[13Sep2025 21:39:29.348] [modloading-worker-0/DEBUG] [net.minecraftforge.fml.javafmlmod.AutomaticEventSubscriber/LOADING]: Auto-subscribing net.mcreator.darksoulsexpansion.init.ItemAnimationFactory to FORGE
[13Sep2025 21:39:29.349] [modloading-worker-0/DEBUG] [net.minecraftforge.fml.javafmlmod.AutomaticEventSubscriber/LOADING]: Auto-subscribing net.mcreator.darksoulsexpansion.init.EntityAnimationFactory to FORGE
[13Sep2025 21:39:29.349] [modloading-worker-0/DEBUG] [net.minecraftforge.fml.javafmlmod.AutomaticEventSubscriber/LOADING]: Auto-subscribing net.mcreator.darksoulsexpansion.init.DarkSoulsExpansionModTabs to MOD
[13Sep2025 21:39:29.350] [modloading-worker-0/DEBUG] [net.minecraftforge.fml.javafmlmod.AutomaticEventSubscriber/LOADING]: Auto-subscribing net.mcreator.darksoulsexpansion.init.DarkSoulsExpansionModEntities to MOD
[13Sep2025 21:39:29.357] [modloading-worker-0/DEBUG] [net.minecraftforge.fml.javafmlmod.AutomaticEventSubscriber/LOADING]: Auto-subscribing net.mcreator.darksoulsexpansion.init.DarkSoulsExpansionModConfigs to MOD
[13Sep2025 21:39:29.358] [modloading-worker-0/DEBUG] [net.minecraftforge.fml.javafmlmod.AutomaticEventSubscriber/LOADING]: Auto-subscribing net.mcreator.darksoulsexpansion.block.listener.ClientListener to MOD
[13Sep2025 21:39:29.377] [modloading-worker-0/DEBUG] [net.minecraftforge.fml.javafmlmod.AutomaticEventSubscriber/LOADING]: Attempting to inject @EventBusSubscriber classes into the eventbus for philipsruins
[13Sep2025 21:39:29.378] [modloading-worker-0/DEBUG] [net.minecraftforge.fml.javafmlmod.AutomaticEventSubscriber/LOADING]: Attempting to inject @EventBusSubscriber classes into the eventbus for moonlight
[13Sep2025 21:39:29.383] [modloading-worker-0/DEBUG] [net.minecraftforge.fml.config.ConfigTracker/CONFIG]: Config file patchouli-client.toml for patchouli tracking
[13Sep2025 21:39:29.383] [modloading-worker-0/DEBUG] [net.minecraftforge.fml.javafmlmod.AutomaticEventSubscriber/LOADING]: Attempting to inject @EventBusSubscriber classes into the eventbus for patchouli
[13Sep2025 21:39:29.384] [modloading-worker-0/DEBUG] [net.minecraftforge.fml.javafmlmod.AutomaticEventSubscriber/LOADING]: Auto-subscribing vazkii.patchouli.forge.common.ForgeModInitializer to MOD
[13Sep2025 21:39:29.382] [modloading-worker-0/DEBUG] [net.minecraftforge.fml.javafmlmod.AutomaticEventSubscriber/LOADING]: Attempting to inject @EventBusSubscriber classes into the eventbus for bettervillage
[13Sep2025 21:39:29.387] [modloading-worker-0/DEBUG] [net.minecraftforge.fml.javafmlmod.AutomaticEventSubscriber/LOADING]: Attempting to inject @EventBusSubscriber classes into the eventbus for canary
[13Sep2025 21:39:29.426] [modloading-worker-0/DEBUG] [net.minecraftforge.fml.javafmlmod.AutomaticEventSubscriber/LOADING]: Attempting to inject @EventBusSubscriber classes into the eventbus for unusual_furniture
[13Sep2025 21:39:29.427] [modloading-worker-0/DEBUG] [net.minecraftforge.fml.javafmlmod.AutomaticEventSubscriber/LOADING]: Auto-subscribing net.toopa.unusualfurniture.world.inventory.DrawerGUIMenu$DrawerGUIOtherMessage to MOD
[13Sep2025 21:39:29.428] [modloading-worker-0/DEBUG] [net.minecraftforge.fml.javafmlmod.AutomaticEventSubscriber/LOADING]: Auto-subscribing net.toopa.unusualfurniture.procedures.WhenPlacingTropicalPlantOnAWallProcedure to FORGE
[13Sep2025 21:39:29.429] [modloading-worker-0/DEBUG] [net.minecraftforge.fml.javafmlmod.AutomaticEventSubscriber/LOADING]: Auto-subscribing net.toopa.unusualfurniture.procedures.WhenPlacingMushroomPatchWallProcedure to FORGE
[13Sep2025 21:39:29.433] [modloading-worker-0/DEBUG] [net.minecraftforge.fml.javafmlmod.AutomaticEventSubscriber/LOADING]: Auto-subscribing net.toopa.unusualfurniture.procedures.WhenPlaceHangingBlockProcedure to FORGE
[13Sep2025 21:39:29.434] [modloading-worker-0/DEBUG] [net.minecraftforge.fml.javafmlmod.AutomaticEventSubscriber/LOADING]: Auto-subscribing net.toopa.unusualfurniture.procedures.TableMaterialChangeProcedure to FORGE
[13Sep2025 21:39:29.434] [modloading-worker-0/DEBUG] [net.minecraftforge.fml.javafmlmod.AutomaticEventSubscriber/LOADING]: Auto-subscribing net.toopa.unusualfurniture.procedures.RightClickStoolProcedure to FORGE
[13Sep2025 21:39:29.438] [modloading-worker-0/DEBUG] [net.minecraftforge.fml.javafmlmod.AutomaticEventSubscriber/LOADING]: Auto-subscribing net.toopa.unusualfurniture.procedures.RightClickSofaProcedure to FORGE
[13Sep2025 21:39:29.439] [modloading-worker-0/DEBUG] [net.minecraftforge.fml.javafmlmod.AutomaticEventSubscriber/LOADING]: Auto-subscribing net.toopa.unusualfurniture.procedures.PlaceStairsCorrectlyProcedure to FORGE
[13Sep2025 21:39:29.440] [modloading-worker-0/DEBUG] [net.minecraftforge.fml.javafmlmod.AutomaticEventSubscriber/LOADING]: Auto-subscribing net.toopa.unusualfurniture.procedures.PlaceSmokeTagProcedure to FORGE
[13Sep2025 21:39:29.441] [modloading-worker-0/DEBUG] [net.minecraftforge.fml.javafmlmod.AutomaticEventSubscriber/LOADING]: Auto-subscribing net.toopa.unusualfurniture.procedures.PlaceAboveWaterProcedure to FORGE
[13Sep2025 21:39:29.443] [modloading-worker-0/DEBUG] [net.minecraftforge.fml.javafmlmod.AutomaticEventSubscriber/LOADING]: Auto-subscribing net.toopa.unusualfurniture.procedures.PlaceAboveWateRBlockProcedure to FORGE
[13Sep2025 21:39:29.444] [modloading-worker-0/DEBUG] [net.minecraftforge.fml.javafmlmod.AutomaticEventSubscriber/LOADING]: Auto-subscribing net.toopa.unusualfurniture.procedures.NixieLampOnBlockRightClickedProcedure to FORGE
[13Sep2025 21:39:29.445] [modloading-worker-0/DEBUG] [net.minecraftforge.fml.javafmlmod.AutomaticEventSubscriber/LOADING]: Auto-subscribing net.toopa.unusualfurniture.network.TableGUISlotMessage to MOD
[13Sep2025 21:39:29.449] [modloading-worker-0/DEBUG] [net.minecraftforge.fml.javafmlmod.AutomaticEventSubscriber/LOADING]: Auto-subscribing net.toopa.unusualfurniture.network.TableGUIButtonMessage to MOD
[13Sep2025 21:39:29.450] [modloading-worker-0/DEBUG] [net.minecraftforge.fml.javafmlmod.AutomaticEventSubscriber/LOADING]: Auto-subscribing net.toopa.unusualfurniture.network.CoffeeTableGUISlotMessage to MOD
[13Sep2025 21:39:29.451] [modloading-worker-0/DEBUG] [net.minecraftforge.fml.javafmlmod.AutomaticEventSubscriber/LOADING]: Auto-subscribing net.toopa.unusualfurniture.init.UnusualFurnitureModMenus to MOD
[13Sep2025 21:39:29.451] [modloading-worker-0/DEBUG] [net.minecraftforge.fml.javafmlmod.AutomaticEventSubscriber/LOADING]: Auto-subscribing net.toopa.unusualfurniture.init.UnusualFurnitureModEntities to MOD
[13Sep2025 21:39:29.460] [modloading-worker-0/DEBUG] [net.minecraftforge.fml.javafmlmod.AutomaticEventSubscriber/LOADING]: Attempting to inject @EventBusSubscriber classes into the eventbus for farmers_structures
[13Sep2025 21:39:29.462] [modloading-worker-0/DEBUG] [net.minecraftforge.fml.config.ConfigTracker/CONFIG]: Config file appleskin-client.toml for appleskin tracking
[13Sep2025 21:39:29.463] [modloading-worker-0/DEBUG] [net.minecraftforge.fml.javafmlmod.AutomaticEventSubscriber/LOADING]: Attempting to inject @EventBusSubscriber classes into the eventbus for appleskin
[13Sep2025 21:39:29.466] [modloading-worker-0/DEBUG] [net.minecraftforge.fml.javafmlmod.AutomaticEventSubscriber/LOADING]: Attempting to inject @EventBusSubscriber classes into the eventbus for ferritecore
[13Sep2025 21:39:29.491] [modloading-worker-0/DEBUG] [net.minecraftforge.fml.config.ConfigTracker/CONFIG]: Config file chimes-common.toml for chimes tracking
[13Sep2025 21:39:29.492] [modloading-worker-0/DEBUG] [net.minecraftforge.fml.config.ConfigTracker/CONFIG]: Config file chimes-client.toml for chimes tracking
[13Sep2025 21:39:29.492] [modloading-worker-0/DEBUG] [net.minecraftforge.fml.javafmlmod.AutomaticEventSubscriber/LOADING]: Attempting to inject @EventBusSubscriber classes into the eventbus for chimes
[13Sep2025 21:39:29.492] [modloading-worker-0/DEBUG] [net.minecraftforge.fml.javafmlmod.AutomaticEventSubscriber/LOADING]: Auto-subscribing com.nick.chimes.event.CreativeTabEvent to MOD
[13Sep2025 21:39:29.493] [modloading-worker-0/DEBUG] [net.minecraftforge.fml.javafmlmod.AutomaticEventSubscriber/LOADING]: Auto-subscribing com.nick.chimes.event.ChimesClientEvents to MOD
[13Sep2025 21:39:29.496] [modloading-worker-0/DEBUG] [net.minecraftforge.fml.javafmlmod.AutomaticEventSubscriber/LOADING]: Auto-subscribing com.nick.chimes.event.CarveBambooEvent to FORGE
[13Sep2025 21:39:29.499] [modloading-worker-0/DEBUG] [net.minecraftforge.fml.javafmlmod.AutomaticEventSubscriber/LOADING]: Attempting to inject @EventBusSubscriber classes into the eventbus for betterarcheology
[13Sep2025 21:39:29.499] [modloading-worker-0/DEBUG] [net.minecraftforge.fml.javafmlmod.AutomaticEventSubscriber/LOADING]: Auto-subscribing net.Pandarix.betterarcheology.event.ModEvents to FORGE
[13Sep2025 21:39:29.500] [modloading-worker-0/DEBUG] [net.minecraftforge.fml.javafmlmod.AutomaticEventSubscriber/LOADING]: Auto-subscribing net.Pandarix.betterarcheology.datagen.ModDataGenerators to MOD
[13Sep2025 21:39:29.521] [modloading-worker-0/DEBUG] [net.minecraftforge.fml.config.ConfigTracker/CONFIG]: Config file medieval-embroidery-client.toml for medievalembroidery tracking
[13Sep2025 21:39:29.530] [modloading-worker-0/DEBUG] [net.minecraftforge.fml.config.ConfigTracker/CONFIG]: Config file medieval-embroidery-common.toml for medievalembroidery tracking
[13Sep2025 21:39:29.530] [modloading-worker-0/DEBUG] [net.minecraftforge.fml.javafmlmod.AutomaticEventSubscriber/LOADING]: Attempting to inject @EventBusSubscriber classes into the eventbus for medievalembroidery
[13Sep2025 21:39:29.530] [modloading-worker-0/DEBUG] [net.minecraftforge.fml.javafmlmod.AutomaticEventSubscriber/LOADING]: Auto-subscribing com.dragn0007_evangelix.medievalembroidery.util.MENetwork to MOD
[13Sep2025 21:39:29.532] [modloading-worker-0/DEBUG] [net.minecraftforge.fml.javafmlmod.AutomaticEventSubscriber/LOADING]: Auto-subscribing com.dragn0007_evangelix.medievalembroidery.event.MedievalEmbroideryMagicEvents to MOD
[13Sep2025 21:39:29.535] [modloading-worker-0/DEBUG] [net.minecraftforge.fml.javafmlmod.AutomaticEventSubscriber/LOADING]: Auto-subscribing com.dragn0007_evangelix.medievalembroidery.event.MedievalEmbroideryEntityEvents to MOD
[13Sep2025 21:39:29.539] [modloading-worker-0/DEBUG] [net.minecraftforge.fml.javafmlmod.AutomaticEventSubscriber/LOADING]: Auto-subscribing com.dragn0007_evangelix.medievalembroidery.event.ForgeEvent to FORGE
[13Sep2025 21:39:29.540] [modloading-worker-0/DEBUG] [net.minecraftforge.fml.javafmlmod.AutomaticEventSubscriber/LOADING]: Auto-subscribing com.dragn0007_evangelix.medievalembroidery.datagen.JsonDataGenerator to MOD
[13Sep2025 21:39:29.590] [modloading-worker-0/DEBUG] [net.minecraftforge.fml.javafmlmod.AutomaticEventSubscriber/LOADING]: Attempting to inject @EventBusSubscriber classes into the eventbus for dawnoftimebuilder
[13Sep2025 21:39:29.591] [modloading-worker-0/DEBUG] [net.minecraftforge.fml.javafmlmod.AutomaticEventSubscriber/LOADING]: Auto-subscribing org.dawnoftime.dawnoftime.datagen.DataGenerators to MOD
[13Sep2025 21:39:29.599] [modloading-worker-0/DEBUG] [net.minecraftforge.fml.config.ConfigTracker/CONFIG]: Config file oceanic-realms.toml for oceanicrealms tracking
[13Sep2025 21:39:29.599] [modloading-worker-0/DEBUG] [net.minecraftforge.fml.javafmlmod.AutomaticEventSubscriber/LOADING]: Attempting to inject @EventBusSubscriber classes into the eventbus for oceanicrealms
[13Sep2025 21:39:29.600] [modloading-worker-0/DEBUG] [net.minecraftforge.fml.javafmlmod.AutomaticEventSubscriber/LOADING]: Auto-subscribing com.min01.oceanicrealms.event.EventHandlerForge to FORGE
[13Sep2025 21:39:29.601] [modloading-worker-0/DEBUG] [net.minecraftforge.fml.javafmlmod.AutomaticEventSubscriber/LOADING]: Auto-subscribing com.min01.oceanicrealms.event.EventHandler to MOD
[13Sep2025 21:39:29.603] [main/DEBUG] [net.minecraftforge.fml.DeferredWorkQueue/LOADING]: Dispatching synchronous work for work queue CONSTRUCT: 10 jobs
[13Sep2025 21:39:29.604] [main/DEBUG] [epicfight/]: Loaded enums in class yesman.epicfight.api.animation.LivingMotions
[13Sep2025 21:39:29.604] [main/DEBUG] [epicfight/]: All enums are loaded: living_motion [ALL, INACTION, IDLE, CONFRONT, ANGRY, FLOAT, WALK, RUN, SWIM, FLY, SNEAK, KNEEL, FALL, SIT, MOUNT, DEATH, CHASE, SPELLCAST, JUMP, CELEBRATE, LANDING_RECOVERY, CREATIVE_FLY, CREATIVE_IDLE, SLEEP, DIGGING, ADMIRE, CLIMB, DRINK, EAT, NONE, AIM, BLOCK, BLOCK_SHIELD, RELOAD, SHOT, SPECTATE]
[13Sep2025 21:39:29.605] [main/DEBUG] [epicfight/]: Loaded enums in class yesman.epicfight.skill.SkillCategories
[13Sep2025 21:39:29.605] [main/DEBUG] [epicfight/]: All enums are loaded: skill_category [BASIC_ATTACK, AIR_ATTACK, DODGE, PASSIVE, WEAPON_PASSIVE, WEAPON_INNATE, GUARD, KNOCKDOWN_WAKEUP, MOVER, IDENTITY]
[13Sep2025 21:39:29.605] [main/DEBUG] [epicfight/]: Loaded enums in class yesman.epicfight.skill.SkillSlots
[13Sep2025 21:39:29.605] [main/DEBUG] [epicfight/]: All enums are loaded: skill_slot [BASIC_ATTACK, AIR_ATTACK, DODGE, PASSIVE1, PASSIVE2, PASSIVE3, WEAPON_PASSIVE, WEAPON_INNATE, GUARD, KNOCKDOWN_WAKEUP, MOVER, IDENTITY]
[13Sep2025 21:39:29.605] [main/DEBUG] [epicfight/]: Loaded enums in class yesman.epicfight.world.capabilities.item.CapabilityItem$Styles
[13Sep2025 21:39:29.605] [main/DEBUG] [epicfight/]: All enums are loaded: style [COMMON, ONE_HAND, TWO_HAND, MOUNT, RANGED, SHEATH, OCHS]
[13Sep2025 21:39:29.605] [main/DEBUG] [epicfight/]: Loaded enums in class yesman.epicfight.world.capabilities.item.CapabilityItem$WeaponCategories
[13Sep2025 21:39:29.605] [main/DEBUG] [epicfight/]: All enums are loaded: weapon_category [NOT_WEAPON, AXE, FIST, GREATSWORD, HOE, PICKAXE, SHOVEL, SWORD, UCHIGATANA, SPEAR, TACHI, TRIDENT, LONGSWORD, DAGGER, SHIELD, RANGED]
[13Sep2025 21:39:29.618] [main/DEBUG] [epicfight/]: Loaded enums in class yesman.epicfight.world.capabilities.entitypatch.Factions
[13Sep2025 21:39:29.618] [main/DEBUG] [epicfight/]: All enums are loaded: faction [NEUTRAL, UNDEAD, BLAZE, ENDERMAN, ILLAGER, PIGLINS, WITHER, VILLAGER, ZOMBIFIED_PIGLIN]
[13Sep2025 21:39:29.618] [main/DEBUG] [epicfight/]: Loaded enums in class yesman.epicfight.network.EntityPairingPacketTypes
[13Sep2025 21:39:29.618] [main/DEBUG] [epicfight/]: All enums are loaded: entity_pairing_packet_type [ADRENALINE_ACTIVATED, BONEBREAKER_BEGIN, BONEBREAKER_MAX_STACK, BONEBREAKER_CLEAR, STAMINA_PILLAGER_BODY_ASHES, EMERGENCY_ESCAPE_ACTIVATED, ENDERMAN_RAGE, FLASH_WHITE, PIGLIN_BABY_SPAWN, SET_BOSS_EVENT_OWNER, TECHNICIAN_ACTIVATED, TRIDENT_THROWN, VENGEANCE_OVERLAY, VENGEANCE_TARGET_CANCEL, ZOMBIE_SPAWN]
[13Sep2025 21:39:29.662] [main/DEBUG] [net.minecraftforge.fml.config.ConfigTracker/CONFIG]: Config file darksoulsexpansion.toml for dark_souls_expansion tracking
[13Sep2025 21:39:29.663] [main/DEBUG] [net.minecraftforge.fml.DeferredWorkQueue/LOADING]: Synchronous work queue completed in 59.45 ms
[13Sep2025 21:39:29.731] [main/DEBUG] [net.minecraftforge.common.capabilities.CapabilityManager/CAPABILITIES]: Attempting to automatically register: Lnet/minecraftforge/energy/IEnergyStorage;
[13Sep2025 21:39:29.732] [main/DEBUG] [net.minecraftforge.common.capabilities.CapabilityManager/CAPABILITIES]: Attempting to automatically register: Lnet/minecraftforge/fluids/capability/IFluidHandler;
[13Sep2025 21:39:29.732] [main/DEBUG] [net.minecraftforge.common.capabilities.CapabilityManager/CAPABILITIES]: Attempting to automatically register: Lnet/minecraftforge/fluids/capability/IFluidHandlerItem;
[13Sep2025 21:39:29.732] [main/DEBUG] [net.minecraftforge.common.capabilities.CapabilityManager/CAPABILITIES]: Attempting to automatically register: Lnet/minecraftforge/items/IItemHandler;
[13Sep2025 21:39:29.737] [main/WARN] [net.minecraftforge.registries.ForgeRegistry/REGISTRIES]: Registry minecraft:sound_event: The object net.minecraft.sounds.SoundEvent@656096e1 has been registered twice for the same name treechop:chop_wood.
[13Sep2025 21:39:30.657] [main/DEBUG] [software.bernie.geckolib.GeckoLib/]: Registered SyncedAnimatable for class dev.xylonity.companions.common.item.blockitem.CoinItem
[13Sep2025 21:39:30.657] [main/DEBUG] [software.bernie.geckolib.GeckoLib/]: Registered SyncedAnimatable for class dev.xylonity.companions.common.item.blockitem.CoinItem
[13Sep2025 21:39:30.657] [main/DEBUG] [software.bernie.geckolib.GeckoLib/]: Registered SyncedAnimatable for class dev.xylonity.companions.common.item.blockitem.CoinItem
[13Sep2025 21:39:30.657] [main/DEBUG] [software.bernie.geckolib.GeckoLib/]: Registered SyncedAnimatable for class dev.xylonity.companions.common.item.blockitem.GenericBlockItem
[13Sep2025 21:39:30.657] [main/DEBUG] [software.bernie.geckolib.GeckoLib/]: Registered SyncedAnimatable for class dev.xylonity.companions.common.item.blockitem.GenericBlockItem
[13Sep2025 21:39:30.657] [main/DEBUG] [software.bernie.geckolib.GeckoLib/]: Registered SyncedAnimatable for class dev.xylonity.companions.common.item.blockitem.GenericBlockItem
[13Sep2025 21:39:30.657] [main/DEBUG] [software.bernie.geckolib.GeckoLib/]: Registered SyncedAnimatable for class dev.xylonity.companions.common.item.blockitem.GenericBlockItem
[13Sep2025 21:39:30.657] [main/DEBUG] [software.bernie.geckolib.GeckoLib/]: Registered SyncedAnimatable for class dev.xylonity.companions.common.item.blockitem.GenericBlockItem
[13Sep2025 21:39:30.657] [main/DEBUG] [software.bernie.geckolib.GeckoLib/]: Registered SyncedAnimatable for class dev.xylonity.companions.common.item.blockitem.GenericBlockItem
[13Sep2025 21:39:30.657] [main/DEBUG] [software.bernie.geckolib.GeckoLib/]: Registered SyncedAnimatable for class dev.xylonity.companions.common.item.blockitem.GenericBlockItem
[13Sep2025 21:39:30.657] [main/DEBUG] [software.bernie.geckolib.GeckoLib/]: Registered SyncedAnimatable for class dev.xylonity.companions.common.item.blockitem.GenericBlockItem
[13Sep2025 21:39:30.658] [main/DEBUG] [software.bernie.geckolib.GeckoLib/]: Registered SyncedAnimatable for class dev.xylonity.companions.common.item.blockitem.GenericBlockItem
[13Sep2025 21:39:30.658] [main/DEBUG] [software.bernie.geckolib.GeckoLib/]: Registered SyncedAnimatable for class dev.xylonity.companions.common.item.blockitem.GenericBlockItem
[13Sep2025 21:39:30.658] [main/DEBUG] [software.bernie.geckolib.GeckoLib/]: Registered SyncedAnimatable for class dev.xylonity.companions.common.item.blockitem.GenericBlockItem
[13Sep2025 21:39:30.658] [main/DEBUG] [software.bernie.geckolib.GeckoLib/]: Registered SyncedAnimatable for class dev.xylonity.companions.common.item.blockitem.GenericBlockItem
[13Sep2025 21:39:30.658] [main/DEBUG] [software.bernie.geckolib.GeckoLib/]: Registered SyncedAnimatable for class dev.xylonity.companions.common.item.blockitem.GenericBlockItem
[13Sep2025 21:39:30.661] [main/DEBUG] [software.bernie.geckolib.GeckoLib/]: Registered SyncedAnimatable for class dev.xylonity.companions.common.item.generic.GenericGeckoItem
[13Sep2025 21:39:30.663] [main/DEBUG] [software.bernie.geckolib.GeckoLib/]: Registered SyncedAnimatable for class dev.xylonity.companions.common.item.weapon.BloodSwordItem
[13Sep2025 21:39:30.663] [main/DEBUG] [software.bernie.geckolib.GeckoLib/]: Registered SyncedAnimatable for class dev.xylonity.companions.common.item.weapon.BloodScytheItem
[13Sep2025 21:39:30.663] [main/DEBUG] [software.bernie.geckolib.GeckoLib/]: Registered SyncedAnimatable for class dev.xylonity.companions.common.item.weapon.BloodAxeItem
[13Sep2025 21:39:30.675] [main/DEBUG] [software.bernie.geckolib.GeckoLib/]: Registered SyncedAnimatable for class dev.xylonity.knightlib.common.item.blockitem.GreatChaliceBlockItem
[13Sep2025 21:39:30.789] [main/INFO] [Moonlight/]: Initialized block sets in 13ms
[13Sep2025 21:39:31.256] [main/DEBUG] [mixin/]: Mixing PlayerScreenHandlerMixin from yyzsbackpack.mixins.json into net.minecraft.world.inventory.InventoryMenu
[13Sep2025 21:39:31.264] [main/WARN] [net.minecraft.network.syncher.SynchedEntityData/]: defineId called for: class net.minecraft.world.entity.player.Player from class yesman.epicfight.world.capabilities.entitypatch.player.PlayerPatch
[13Sep2025 21:39:31.301] [main/WARN] [net.minecraft.network.syncher.SynchedEntityData/]: defineId called for: class net.minecraft.world.entity.boss.wither.WitherBoss from class yesman.epicfight.world.capabilities.entitypatch.boss.WitherPatch
[13Sep2025 21:39:31.302] [main/WARN] [net.minecraft.network.syncher.SynchedEntityData/]: defineId called for: class net.minecraft.world.entity.boss.wither.WitherBoss from class yesman.epicfight.world.capabilities.entitypatch.boss.WitherPatch
[13Sep2025 21:39:31.302] [main/WARN] [net.minecraft.network.syncher.SynchedEntityData/]: defineId called for: class net.minecraft.world.entity.boss.wither.WitherBoss from class yesman.epicfight.world.capabilities.entitypatch.boss.WitherPatch
[13Sep2025 21:39:31.302] [main/WARN] [net.minecraft.network.syncher.SynchedEntityData/]: defineId called for: class net.minecraft.world.entity.boss.wither.WitherBoss from class yesman.epicfight.world.capabilities.entitypatch.boss.WitherPatch
[13Sep2025 21:39:31.303] [main/WARN] [net.minecraft.network.syncher.SynchedEntityData/]: defineId called for: class net.minecraft.world.entity.boss.wither.WitherBoss from class yesman.epicfight.world.capabilities.entitypatch.boss.WitherPatch
[13Sep2025 21:39:31.303] [main/WARN] [net.minecraft.network.syncher.SynchedEntityData/]: defineId called for: class net.minecraft.world.entity.boss.wither.WitherBoss from class yesman.epicfight.world.capabilities.entitypatch.boss.WitherPatch
[13Sep2025 21:39:31.303] [main/WARN] [net.minecraft.network.syncher.SynchedEntityData/]: defineId called for: class net.minecraft.world.entity.boss.wither.WitherBoss from class yesman.epicfight.world.capabilities.entitypatch.boss.WitherPatch
[13Sep2025 21:39:31.303] [main/WARN] [net.minecraft.network.syncher.SynchedEntityData/]: defineId called for: class net.minecraft.world.entity.boss.wither.WitherBoss from class yesman.epicfight.world.capabilities.entitypatch.boss.WitherPatch
[13Sep2025 21:39:31.304] [main/WARN] [net.minecraft.network.syncher.SynchedEntityData/]: defineId called for: class net.minecraft.world.entity.boss.wither.WitherBoss from class yesman.epicfight.world.capabilities.entitypatch.boss.WitherPatch
[13Sep2025 21:39:31.330] [main/DEBUG] [net.minecraftforge.fml.config.ConfigTracker/CONFIG]: Loading configs type COMMON
[13Sep2025 21:39:31.330] [main/DEBUG] [net.minecraftforge.fml.config.ConfigFileTypeHandler/CONFIG]: Built TOML config for /workspaces/HytoCraft/servidor_minecraft/config/immersive_weathering-common.toml
[13Sep2025 21:39:31.331] [main/DEBUG] [net.minecraftforge.fml.config.ConfigFileTypeHandler/CONFIG]: Loaded TOML config file /workspaces/HytoCraft/servidor_minecraft/config/immersive_weathering-common.toml
[13Sep2025 21:39:31.333] [main/DEBUG] [net.minecraftforge.fml.config.ConfigFileTypeHandler/CONFIG]: Watching TOML config file /workspaces/HytoCraft/servidor_minecraft/config/immersive_weathering-common.toml for changes
[13Sep2025 21:39:31.334] [main/DEBUG] [net.minecraftforge.fml.config.ConfigFileTypeHandler/CONFIG]: Built TOML config for /workspaces/HytoCraft/servidor_minecraft/config/treechop-common.toml
[13Sep2025 21:39:31.335] [Thread-3/DEBUG] [net.minecraftforge.fml.config.ConfigFileTypeHandler/CONFIG]: Config file immersive_weathering-common.toml changed, sending notifies
[13Sep2025 21:39:31.335] [main/DEBUG] [net.minecraftforge.fml.config.ConfigFileTypeHandler/CONFIG]: Loaded TOML config file /workspaces/HytoCraft/servidor_minecraft/config/treechop-common.toml
[13Sep2025 21:39:31.336] [main/DEBUG] [net.minecraftforge.fml.config.ConfigFileTypeHandler/CONFIG]: Watching TOML config file /workspaces/HytoCraft/servidor_minecraft/config/treechop-common.toml for changes
[13Sep2025 21:39:31.337] [Thread-3/DEBUG] [net.minecraftforge.fml.config.ConfigFileTypeHandler/CONFIG]: Config file treechop-common.toml changed, sending notifies
[13Sep2025 21:39:31.339] [Thread-3/DEBUG] [net.minecraftforge.fml.config.ConfigFileTypeHandler/CONFIG]: Config file treechop-common.toml changed, sending notifies
[13Sep2025 21:39:31.339] [main/DEBUG] [net.minecraftforge.fml.config.ConfigFileTypeHandler/CONFIG]: Built TOML config for /workspaces/HytoCraft/servidor_minecraft/config/epicfight-common.toml
[13Sep2025 21:39:31.339] [main/DEBUG] [net.minecraftforge.fml.config.ConfigFileTypeHandler/CONFIG]: Loaded TOML config file /workspaces/HytoCraft/servidor_minecraft/config/epicfight-common.toml
[13Sep2025 21:39:31.340] [main/DEBUG] [net.minecraftforge.fml.config.ConfigFileTypeHandler/CONFIG]: Watching TOML config file /workspaces/HytoCraft/servidor_minecraft/config/epicfight-common.toml for changes
[13Sep2025 21:39:31.341] [Thread-3/DEBUG] [net.minecraftforge.fml.config.ConfigFileTypeHandler/CONFIG]: Config file treechop-common.toml changed, sending notifies
[13Sep2025 21:39:31.341] [main/DEBUG] [net.minecraftforge.fml.config.ConfigFileTypeHandler/CONFIG]: Built TOML config for /workspaces/HytoCraft/servidor_minecraft/config/waystones-common.toml
[13Sep2025 21:39:31.342] [main/DEBUG] [net.minecraftforge.fml.config.ConfigFileTypeHandler/CONFIG]: Loaded TOML config file /workspaces/HytoCraft/servidor_minecraft/config/waystones-common.toml
[13Sep2025 21:39:31.342] [main/DEBUG] [net.minecraftforge.fml.config.ConfigFileTypeHandler/CONFIG]: Watching TOML config file /workspaces/HytoCraft/servidor_minecraft/config/waystones-common.toml for changes
[13Sep2025 21:39:31.347] [main/DEBUG] [net.minecraftforge.fml.config.ConfigFileTypeHandler/CONFIG]: Built TOML config for /workspaces/HytoCraft/servidor_minecraft/config/knightlib.toml
[13Sep2025 21:39:31.347] [main/DEBUG] [net.minecraftforge.fml.config.ConfigFileTypeHandler/CONFIG]: Loaded TOML config file /workspaces/HytoCraft/servidor_minecraft/config/knightlib.toml
[13Sep2025 21:39:31.348] [main/DEBUG] [net.minecraftforge.fml.config.ConfigFileTypeHandler/CONFIG]: Watching TOML config file /workspaces/HytoCraft/servidor_minecraft/config/knightlib.toml for changes
[13Sep2025 21:39:31.348] [main/WARN] [net.minecraftforge.common.ForgeConfigSpec/CORE]: Configuration file /workspaces/HytoCraft/servidor_minecraft/config/knightlib.toml is not correct. Correcting
[13Sep2025 21:39:31.348] [main/DEBUG] [net.minecraftforge.common.ForgeConfigSpec/CORE]: The comment on key Essence Drop Probabilities.SMALL_ESSENCE_DROP_RATE does not match the spec. This may create a backup.
[13Sep2025 21:39:31.349] [main/DEBUG] [net.minecraftforge.common.ForgeConfigSpec/CORE]: The comment on key Essence Drop Probabilities.GREAT_ESSENCE_DROP_RATE does not match the spec. This may create a backup.
[13Sep2025 21:39:31.347] [Thread-3/DEBUG] [net.minecraftforge.fml.config.ConfigFileTypeHandler/CONFIG]: Config file waystones-common.toml changed, sending notifies
[13Sep2025 21:39:31.350] [main/DEBUG] [net.minecraftforge.fml.config.ConfigFileTypeHandler/CONFIG]: Built TOML config for /workspaces/HytoCraft/servidor_minecraft/config/companions.toml
[13Sep2025 21:39:31.354] [main/DEBUG] [net.minecraftforge.fml.config.ConfigFileTypeHandler/CONFIG]: Loaded TOML config file /workspaces/HytoCraft/servidor_minecraft/config/companions.toml
[13Sep2025 21:39:31.354] [main/DEBUG] [net.minecraftforge.fml.config.ConfigFileTypeHandler/CONFIG]: Watching TOML config file /workspaces/HytoCraft/servidor_minecraft/config/companions.toml for changes
[13Sep2025 21:39:31.355] [Thread-3/DEBUG] [net.minecraftforge.fml.config.ConfigFileTypeHandler/CONFIG]: Config file waystones-common.toml changed, sending notifies
[13Sep2025 21:39:31.354] [main/WARN] [net.minecraftforge.common.ForgeConfigSpec/CORE]: Configuration file /workspaces/HytoCraft/servidor_minecraft/config/companions.toml is not correct. Correcting
[13Sep2025 21:39:31.356] [main/DEBUG] [net.minecraftforge.common.ForgeConfigSpec/CORE]: The comment on key Shadow Sword.SHADOW_SWORD_LIFETIME does not match the spec. This may create a backup.
[13Sep2025 21:39:31.356] [main/DEBUG] [net.minecraftforge.common.ForgeConfigSpec/CORE]: The comment on key Shadow Sword.SHADOW_SWORD_MAX_LIFE does not match the spec. This may create a backup.
[13Sep2025 21:39:31.356] [main/DEBUG] [net.minecraftforge.common.ForgeConfigSpec/CORE]: The comment on key Shadow Sword.SHADOW_SWORD_DAMAGE does not match the spec. This may create a backup.
[13Sep2025 21:39:31.356] [main/DEBUG] [net.minecraftforge.common.ForgeConfigSpec/CORE]: The comment on key Shadow Sword.SHADOW_SWORD_BLOOD_MULTIPLIER does not match the spec. This may create a backup.
[13Sep2025 21:39:31.356] [main/DEBUG] [net.minecraftforge.common.ForgeConfigSpec/CORE]: The comment on key Soul Mage.SOUL_MAGE_KEEP_CHUNK_LOADED does not match the spec. This may create a backup.
[13Sep2025 21:39:31.356] [main/DEBUG] [net.minecraftforge.common.ForgeConfigSpec/CORE]: The comment on key Soul Mage.SOUL_MAGE_MAX_LIFE does not match the spec. This may create a backup.
[13Sep2025 21:39:31.357] [main/DEBUG] [net.minecraftforge.common.ForgeConfigSpec/CORE]: The comment on key Shadow Maw.SHADOW_MAW_LIFETIME does not match the spec. This may create a backup.
[13Sep2025 21:39:31.357] [main/DEBUG] [net.minecraftforge.common.ForgeConfigSpec/CORE]: The comment on key Shadow Maw.SHADOW_MAW_MAX_LIFE does not match the spec. This may create a backup.
[13Sep2025 21:39:31.357] [main/DEBUG] [net.minecraftforge.common.ForgeConfigSpec/CORE]: The comment on key Shadow Maw.SHADOW_MAW_DAMAGE does not match the spec. This may create a backup.
[13Sep2025 21:39:31.357] [main/DEBUG] [net.minecraftforge.common.ForgeConfigSpec/CORE]: The comment on key Shadow Maw.SHADOW_MAW_BLOOD_MULTIPLIER does not match the spec. This may create a backup.
[13Sep2025 21:39:31.357] [main/DEBUG] [net.minecraftforge.common.ForgeConfigSpec/CORE]: The comment on key Teddy.TEDDY_KEEP_CHUNK_LOADED does not match the spec. This may create a backup.
[13Sep2025 21:39:31.357] [main/DEBUG] [net.minecraftforge.common.ForgeConfigSpec/CORE]: The comment on key Teddy.TEDDY_MAX_LIFE does not match the spec. This may create a backup.
[13Sep2025 21:39:31.358] [main/DEBUG] [net.minecraftforge.common.ForgeConfigSpec/CORE]: The comment on key Teddy.TEDDY_DAMAGE does not match the spec. This may create a backup.
[13Sep2025 21:39:31.358] [main/DEBUG] [net.minecraftforge.common.ForgeConfigSpec/CORE]: The comment on key Teddy.TEDDY_MUTANT_MAX_LIFE does not match the spec. This may create a backup.
[13Sep2025 21:39:31.358] [main/DEBUG] [net.minecraftforge.common.ForgeConfigSpec/CORE]: The comment on key Teddy.TEDDY_MUTANT_DAMAGE does not match the spec. This may create a backup.
[13Sep2025 21:39:31.358] [main/DEBUG] [net.minecraftforge.common.ForgeConfigSpec/CORE]: The comment on key Teddy.TEDDY_MUTANT_HEALS_OVER_TIME does not match the spec. This may create a backup.
[13Sep2025 21:39:31.358] [main/DEBUG] [net.minecraftforge.common.ForgeConfigSpec/CORE]: The comment on key Croissant Dragon.CROISSANT_DRAGON_KEEP_CHUNK_LOADED does not match the spec. This may create a backup.
[13Sep2025 21:39:31.358] [main/DEBUG] [net.minecraftforge.common.ForgeConfigSpec/CORE]: The comment on key Croissant Dragon.CROISSANT_EGG_LIFETIME does not match the spec. This may create a backup.
[13Sep2025 21:39:31.358] [main/DEBUG] [net.minecraftforge.common.ForgeConfigSpec/CORE]: The comment on key Croissant Dragon.CROISSANT_DRAGON_MAX_LIFE does not match the spec. This may create a backup.
[13Sep2025 21:39:31.359] [main/DEBUG] [net.minecraftforge.common.ForgeConfigSpec/CORE]: The comment on key Magic Books.MAGIC_PIECE_DAMAGE does not match the spec. This may create a backup.
[13Sep2025 21:39:31.359] [main/DEBUG] [net.minecraftforge.common.ForgeConfigSpec/CORE]: The comment on key Magic Books.ICE_TORNADO_DAMAGE does not match the spec. This may create a backup.
[13Sep2025 21:39:31.359] [main/DEBUG] [net.minecraftforge.common.ForgeConfigSpec/CORE]: The comment on key Magic Books.STONE_SPIKE_DAMAGE does not match the spec. This may create a backup.
[13Sep2025 21:39:31.359] [main/DEBUG] [net.minecraftforge.common.ForgeConfigSpec/CORE]: The comment on key Magic Books.FIRE_MARK_EFFECT_RADIUS does not match the spec. This may create a backup.
[13Sep2025 21:39:31.359] [main/DEBUG] [net.minecraftforge.common.ForgeConfigSpec/CORE]: The comment on key Magic Books.HEAL_RING_HEALING does not match the spec. This may create a backup.
[13Sep2025 21:39:31.360] [main/DEBUG] [net.minecraftforge.common.ForgeConfigSpec/CORE]: The comment on key Magic Books.BLACK_HOLE_ATTRACTION_RADIUS does not match the spec. This may create a backup.
[13Sep2025 21:39:31.360] [main/DEBUG] [net.minecraftforge.common.ForgeConfigSpec/CORE]: The comment on key Magic Books.BLACK_HOLE_ATTRACTION_SPEED does not match the spec. This may create a backup.
[13Sep2025 21:39:31.360] [main/DEBUG] [net.minecraftforge.common.ForgeConfigSpec/CORE]: The comment on key Magic Books.SMALL_ICE_SHARD_DAMAGE does not match the spec. This may create a backup.
[13Sep2025 21:39:31.360] [main/DEBUG] [net.minecraftforge.common.ForgeConfigSpec/CORE]: The comment on key Magic Books.SMALL_ICE_SHARD_FREEZE_TICKS does not match the spec. This may create a backup.
[13Sep2025 21:39:31.360] [main/DEBUG] [net.minecraftforge.common.ForgeConfigSpec/CORE]: The comment on key Magic Books.BLACK_HOLE_COOLDOWN does not match the spec. This may create a backup.
[13Sep2025 21:39:31.360] [main/DEBUG] [net.minecraftforge.common.ForgeConfigSpec/CORE]: The comment on key Magic Books.NAGINATA_COOLDOWN does not match the spec. This may create a backup.
[13Sep2025 21:39:31.360] [main/DEBUG] [net.minecraftforge.common.ForgeConfigSpec/CORE]: The comment on key Magic Books.BRACE_COOLDOWN does not match the spec. This may create a backup.
[13Sep2025 21:39:31.360] [main/DEBUG] [net.minecraftforge.common.ForgeConfigSpec/CORE]: The comment on key Magic Books.FIRE_MARK_COOLDOWN does not match the spec. This may create a backup.
[13Sep2025 21:39:31.361] [main/DEBUG] [net.minecraftforge.common.ForgeConfigSpec/CORE]: The comment on key Magic Books.HEAL_RING_COOLDOWN does not match the spec. This may create a backup.
[13Sep2025 21:39:31.361] [main/DEBUG] [net.minecraftforge.common.ForgeConfigSpec/CORE]: The comment on key Magic Books.ICE_SHARD_COOLDOWN does not match the spec. This may create a backup.
[13Sep2025 21:39:31.361] [main/DEBUG] [net.minecraftforge.common.ForgeConfigSpec/CORE]: The comment on key Magic Books.ICE_TORNADO_COOLDOWN does not match the spec. This may create a backup.
[13Sep2025 21:39:31.361] [main/DEBUG] [net.minecraftforge.common.ForgeConfigSpec/CORE]: The comment on key Magic Books.MAGIC_RAY_COOLDOWN does not match the spec. This may create a backup.
[13Sep2025 21:39:31.361] [main/DEBUG] [net.minecraftforge.common.ForgeConfigSpec/CORE]: The comment on key Magic Books.STONE_SPIKES_COOLDOWN does not match the spec. This may create a backup.
[13Sep2025 21:39:31.361] [main/DEBUG] [net.minecraftforge.common.ForgeConfigSpec/CORE]: The comment on key Cornelius.CORNELIUS_KEEP_CHUNK_LOADED does not match the spec. This may create a backup.
[13Sep2025 21:39:31.361] [main/DEBUG] [net.minecraftforge.common.ForgeConfigSpec/CORE]: The comment on key Cornelius.ENDER_FROG_HEAL_PROJECTILE_HEAL_AMOUNT does not match the spec. This may create a backup.
[13Sep2025 21:39:31.361] [main/DEBUG] [net.minecraftforge.common.ForgeConfigSpec/CORE]: The comment on key Cornelius.CORNELIUS_MAX_LIFE does not match the spec. This may create a backup.
[13Sep2025 21:39:31.361] [main/DEBUG] [net.minecraftforge.common.ForgeConfigSpec/CORE]: The comment on key Cornelius.CORNELIUS_JACKBLACK_BETS does not match the spec. This may create a backup.
[13Sep2025 21:39:31.361] [main/DEBUG] [net.minecraftforge.common.ForgeConfigSpec/CORE]: The comment on key Cloak.CLOAK_KEEP_CHUNK_LOADED does not match the spec. This may create a backup.
[13Sep2025 21:39:31.361] [main/DEBUG] [net.minecraftforge.common.ForgeConfigSpec/CORE]: The comment on key Cloak.CLOAK_MAX_LIFE does not match the spec. This may create a backup.
[13Sep2025 21:39:31.361] [main/DEBUG] [net.minecraftforge.common.ForgeConfigSpec/CORE]: The comment on key Cloak.CLOAK_DAMAGE does not match the spec. This may create a backup.
[13Sep2025 21:39:31.361] [main/DEBUG] [net.minecraftforge.common.ForgeConfigSpec/CORE]: The comment on key Sacred Pontiff.SACRED_PONTIFF_MAX_LIFE does not match the spec. This may create a backup.
[13Sep2025 21:39:31.361] [main/DEBUG] [net.minecraftforge.common.ForgeConfigSpec/CORE]: The comment on key Sacred Pontiff.SACRED_PONTIFF_DAMAGE does not match the spec. This may create a backup.
[13Sep2025 21:39:31.361] [main/DEBUG] [net.minecraftforge.common.ForgeConfigSpec/CORE]: The comment on key Sacred Pontiff.HIS_HOLINESS_MAX_LIFE does not match the spec. This may create a backup.
[13Sep2025 21:39:31.361] [main/DEBUG] [net.minecraftforge.common.ForgeConfigSpec/CORE]: The comment on key Sacred Pontiff.HIS_HOLINESS_DAMAGE does not match the spec. This may create a backup.
[13Sep2025 21:39:31.361] [main/DEBUG] [net.minecraftforge.common.ForgeConfigSpec/CORE]: The comment on key Bonanza.BONANZA_2_TEDDY_HEADS_DROPS does not match the spec. This may create a backup.
[13Sep2025 21:39:31.361] [main/DEBUG] [net.minecraftforge.common.ForgeConfigSpec/CORE]: The comment on key Bonanza.BONANZA_3_TEDDY_HEADS_DROPS does not match the spec. This may create a backup.
[13Sep2025 21:39:31.361] [main/DEBUG] [net.minecraftforge.common.ForgeConfigSpec/CORE]: The comment on key Bonanza.BONANZA_3_SKULL_DROP_ENTITIES does not match the spec. This may create a backup.
[13Sep2025 21:39:31.361] [main/DEBUG] [net.minecraftforge.common.ForgeConfigSpec/CORE]: The comment on key Bonanza.BONANZA_COIN_TRIES does not match the spec. This may create a backup.
[13Sep2025 21:39:31.361] [main/DEBUG] [net.minecraftforge.common.ForgeConfigSpec/CORE]: The comment on key Spawn Rates.GOLDEN_ALLAY_SPAWN does not match the spec. This may create a backup.
[13Sep2025 21:39:31.362] [main/DEBUG] [net.minecraftforge.common.ForgeConfigSpec/CORE]: The comment on key Spawn Rates.CORNELIUS_SPAWN does not match the spec. This may create a backup.
[13Sep2025 21:39:31.362] [main/DEBUG] [net.minecraftforge.common.ForgeConfigSpec/CORE]: The comment on key Spawn Rates.WILD_ANTLION_SPAWN does not match the spec. This may create a backup.
[13Sep2025 21:39:31.362] [main/DEBUG] [net.minecraftforge.common.ForgeConfigSpec/CORE]: The comment on key Puppet Glove.PUPPET_GLOVE_KEEP_CHUNK_LOADED does not match the spec. This may create a backup.
[13Sep2025 21:39:31.362] [main/DEBUG] [net.minecraftforge.common.ForgeConfigSpec/CORE]: The comment on key Puppet Glove.PUPPET_GLOVE_MAX_LIFE does not match the spec. This may create a backup.
[13Sep2025 21:39:31.362] [main/DEBUG] [net.minecraftforge.common.ForgeConfigSpec/CORE]: The comment on key Puppet Glove.PUPPET_GLOVE_DAMAGE does not match the spec. This may create a backup.
[13Sep2025 21:39:31.362] [main/DEBUG] [net.minecraftforge.common.ForgeConfigSpec/CORE]: The comment on key Minion.MINION_KEEP_CHUNK_LOADED does not match the spec. This may create a backup.
[13Sep2025 21:39:31.362] [main/DEBUG] [net.minecraftforge.common.ForgeConfigSpec/CORE]: The comment on key Minion.MINION_MAX_LIFE does not match the spec. This may create a backup.
[13Sep2025 21:39:31.362] [main/DEBUG] [net.minecraftforge.common.ForgeConfigSpec/CORE]: The comment on key Armoury.CRYSTALLIZED_BLOOD_SET_STATS does not match the spec. This may create a backup.
[13Sep2025 21:39:31.362] [main/DEBUG] [net.minecraftforge.common.ForgeConfigSpec/CORE]: The comment on key Armoury.MAGE_SET_STATS does not match the spec. This may create a backup.
[13Sep2025 21:39:31.362] [main/DEBUG] [net.minecraftforge.common.ForgeConfigSpec/CORE]: The comment on key Armoury.HOLY_ROBE_SET_STATS does not match the spec. This may create a backup.
[13Sep2025 21:39:31.362] [main/DEBUG] [net.minecraftforge.common.ForgeConfigSpec/CORE]: The comment on key Armoury.NETHERITE_DAGGER_STATS does not match the spec. This may create a backup.
[13Sep2025 21:39:31.362] [main/DEBUG] [net.minecraftforge.common.ForgeConfigSpec/CORE]: The comment on key Armoury.CRYSTALLIZED_BLOOD_WEAPON_STATS does not match the spec. This may create a backup.
[13Sep2025 21:39:31.362] [main/DEBUG] [net.minecraftforge.common.ForgeConfigSpec/CORE]: The comment on key Armoury.CRYSTALLIZED_BLOOD_SET_REDUCTION does not match the spec. This may create a backup.
[13Sep2025 21:39:31.362] [main/DEBUG] [net.minecraftforge.common.ForgeConfigSpec/CORE]: The comment on key Armoury.CRYSTALLIZED_BLOOD_AXE_COOLDOWN does not match the spec. This may create a backup.
[13Sep2025 21:39:31.362] [main/DEBUG] [net.minecraftforge.common.ForgeConfigSpec/CORE]: The comment on key Armoury.CRYSTALLIZED_BLOOD_SWORD_COOLDOWN does not match the spec. This may create a backup.
[13Sep2025 21:39:31.362] [main/DEBUG] [net.minecraftforge.common.ForgeConfigSpec/CORE]: The comment on key Armoury.CRYSTALLIZED_BLOOD_SET_MIN_HEALTH does not match the spec. This may create a backup.
[13Sep2025 21:39:31.362] [main/DEBUG] [net.minecraftforge.common.ForgeConfigSpec/CORE]: The comment on key Armoury.MAGE_SET_DAMAGE_REDUCTION does not match the spec. This may create a backup.
[13Sep2025 21:39:31.362] [main/DEBUG] [net.minecraftforge.common.ForgeConfigSpec/CORE]: The comment on key Armoury.MAGE_SET_COOLDOWN_REDUCTION does not match the spec. This may create a backup.
[13Sep2025 21:39:31.362] [main/DEBUG] [net.minecraftforge.common.ForgeConfigSpec/CORE]: The comment on key Armoury.HOLY_ROBE_DAMAGE_REDUCTION does not match the spec. This may create a backup.
[13Sep2025 21:39:31.362] [main/DEBUG] [net.minecraftforge.common.ForgeConfigSpec/CORE]: The comment on key Armoury.HOLY_ROBE_FIRE_RING_SPAWN_CHANCE does not match the spec. This may create a backup.
[13Sep2025 21:39:31.362] [main/DEBUG] [net.minecraftforge.common.ForgeConfigSpec/CORE]: The comment on key Armoury.NAGINATA_DAMAGE does not match the spec. This may create a backup.
[13Sep2025 21:39:31.362] [main/DEBUG] [net.minecraftforge.common.ForgeConfigSpec/CORE]: The comment on key Armoury.FIRE_RING_DAMAGE does not match the spec. This may create a backup.
[13Sep2025 21:39:31.363] [main/DEBUG] [net.minecraftforge.common.ForgeConfigSpec/CORE]: The comment on key Armoury.NEEDLE_PROJECTILE_DAMAGE does not match the spec. This may create a backup.
[13Sep2025 21:39:31.363] [main/DEBUG] [net.minecraftforge.common.ForgeConfigSpec/CORE]: The comment on key Armoury.NEEDLE_ITEM_DAMAGE does not match the spec. This may create a backup.
[13Sep2025 21:39:31.363] [main/DEBUG] [net.minecraftforge.common.ForgeConfigSpec/CORE]: The comment on key Armoury.HOLINESS_STAR_DAMAGE does not match the spec. This may create a backup.
[13Sep2025 21:39:31.363] [main/DEBUG] [net.minecraftforge.common.ForgeConfigSpec/CORE]: The comment on key Armoury.BRACE_PROJECTILE_DAMAGE does not match the spec. This may create a backup.
[13Sep2025 21:39:31.363] [main/DEBUG] [net.minecraftforge.common.ForgeConfigSpec/CORE]: The comment on key Armoury.CRYSTALLIZED_BLOOD_SCYTHE_LIFE_STEAL does not match the spec. This may create a backup.
[13Sep2025 21:39:31.363] [main/DEBUG] [net.minecraftforge.common.ForgeConfigSpec/CORE]: The comment on key Armoury.BLOOD_TORNADO_DAMAGE does not match the spec. This may create a backup.
[13Sep2025 21:39:31.363] [main/DEBUG] [net.minecraftforge.common.ForgeConfigSpec/CORE]: The comment on key Armoury.BLOOD_SLASH_DAMAGE does not match the spec. This may create a backup.
[13Sep2025 21:39:31.363] [main/DEBUG] [net.minecraftforge.common.ForgeConfigSpec/CORE]: The comment on key Armoury.BLOOD_SLASH_SPEED does not match the spec. This may create a backup.
[13Sep2025 21:39:31.363] [main/DEBUG] [net.minecraftforge.common.ForgeConfigSpec/CORE]: The comment on key General.DEMON_FLESH_DROP_RATE does not match the spec. This may create a backup.
[13Sep2025 21:39:31.363] [main/DEBUG] [net.minecraftforge.common.ForgeConfigSpec/CORE]: The comment on key General.RESPAWN_TOTEM_CHARGES does not match the spec. This may create a backup.
[13Sep2025 21:39:31.363] [main/DEBUG] [net.minecraftforge.common.ForgeConfigSpec/CORE]: The comment on key General.SHADOW_ALTAR_MAX_CHARGES does not match the spec. This may create a backup.
[13Sep2025 21:39:31.363] [main/DEBUG] [net.minecraftforge.common.ForgeConfigSpec/CORE]: The comment on key General.SHADOW_ALTAR_BLOOD_CHARGES_AMOUNT does not match the spec. This may create a backup.
[13Sep2025 21:39:31.364] [main/DEBUG] [net.minecraftforge.common.ForgeConfigSpec/CORE]: The comment on key General.SHOULD_COMPANIONS_WANDER does not match the spec. This may create a backup.
[13Sep2025 21:39:31.364] [main/DEBUG] [net.minecraftforge.common.ForgeConfigSpec/CORE]: The comment on key General.COMPANIONS_FOLLOW_OWNER_TELEPORT_DISTANCE does not match the spec. This may create a backup.
[13Sep2025 21:39:31.364] [main/DEBUG] [net.minecraftforge.common.ForgeConfigSpec/CORE]: The comment on key General.SOUL_FURNACE_CONSTANT_MAX_CHARGES does not match the spec. This may create a backup.
[13Sep2025 21:39:31.364] [main/DEBUG] [net.minecraftforge.common.ForgeConfigSpec/CORE]: The comment on key Antlion.ANTLION_KEEP_CHUNK_LOADED does not match the spec. This may create a backup.
[13Sep2025 21:39:31.364] [main/DEBUG] [net.minecraftforge.common.ForgeConfigSpec/CORE]: The comment on key Antlion.ANTLION_NORMAL_DAMAGE does not match the spec. This may create a backup.
[13Sep2025 21:39:31.364] [main/DEBUG] [net.minecraftforge.common.ForgeConfigSpec/CORE]: The comment on key Antlion.ANTLION_NORMAL_MAX_LIFE does not match the spec. This may create a backup.
[13Sep2025 21:39:31.364] [main/DEBUG] [net.minecraftforge.common.ForgeConfigSpec/CORE]: The comment on key Antlion.ANTLION_SOLDIER_DAMAGE does not match the spec. This may create a backup.
[13Sep2025 21:39:31.364] [main/DEBUG] [net.minecraftforge.common.ForgeConfigSpec/CORE]: The comment on key Antlion.ANTLION_SOLDIER_MAX_LIFE does not match the spec. This may create a backup.
[13Sep2025 21:39:31.364] [main/DEBUG] [net.minecraftforge.common.ForgeConfigSpec/CORE]: The comment on key Antlion.ANTLION_FLYER_DAMAGE does not match the spec. This may create a backup.
[13Sep2025 21:39:31.364] [main/DEBUG] [net.minecraftforge.common.ForgeConfigSpec/CORE]: The comment on key Antlion.ANTLION_FLYER_MAX_LIFE does not match the spec. This may create a backup.
[13Sep2025 21:39:31.364] [main/DEBUG] [net.minecraftforge.common.ForgeConfigSpec/CORE]: The comment on key Antlion.ANTLION_TANK_DAMAGE does not match the spec. This may create a backup.
[13Sep2025 21:39:31.364] [main/DEBUG] [net.minecraftforge.common.ForgeConfigSpec/CORE]: The comment on key Antlion.ANTLION_TANK_MAX_LIFE does not match the spec. This may create a backup.
[13Sep2025 21:39:31.364] [main/DEBUG] [net.minecraftforge.common.ForgeConfigSpec/CORE]: The comment on key Antlion.ANTLION_SOLDIER_PROJECTILE_DAMAGE does not match the spec. This may create a backup.
[13Sep2025 21:39:31.364] [main/DEBUG] [net.minecraftforge.common.ForgeConfigSpec/CORE]: The comment on key Puppet.PUPPET_KEEP_CHUNK_LOADED does not match the spec. This may create a backup.
[13Sep2025 21:39:31.364] [main/DEBUG] [net.minecraftforge.common.ForgeConfigSpec/CORE]: The comment on key Puppet.PUPPET_MAX_LIFE does not match the spec. This may create a backup.
[13Sep2025 21:39:31.364] [main/DEBUG] [net.minecraftforge.common.ForgeConfigSpec/CORE]: The comment on key Puppet.PUPPET_DAMAGE does not match the spec. This may create a backup.
[13Sep2025 21:39:31.364] [main/DEBUG] [net.minecraftforge.common.ForgeConfigSpec/CORE]: The comment on key Mankh.MANKH_KEEP_CHUNK_LOADED does not match the spec. This may create a backup.
[13Sep2025 21:39:31.364] [main/DEBUG] [net.minecraftforge.common.ForgeConfigSpec/CORE]: The comment on key Mankh.MANKH_MAX_LIFE does not match the spec. This may create a backup.
[13Sep2025 21:39:31.364] [main/DEBUG] [net.minecraftforge.common.ForgeConfigSpec/CORE]: The comment on key Mankh.MANKH_DAMAGE does not match the spec. This may create a backup.
[13Sep2025 21:39:31.364] [main/DEBUG] [net.minecraftforge.common.ForgeConfigSpec/CORE]: The comment on key Dinamo.DINAMO_KEEP_CHUNK_LOADED does not match the spec. This may create a backup.
[13Sep2025 21:39:31.365] [main/DEBUG] [net.minecraftforge.common.ForgeConfigSpec/CORE]: The comment on key Dinamo.DINAMO_MAX_CHAIN_CONNECTIONS does not match the spec. This may create a backup.
[13Sep2025 21:39:31.365] [main/DEBUG] [net.minecraftforge.common.ForgeConfigSpec/CORE]: The comment on key Dinamo.DINAMO_MAX_CONNECTION_DISTANCE does not match the spec. This may create a backup.
[13Sep2025 21:39:31.365] [main/DEBUG] [net.minecraftforge.common.ForgeConfigSpec/CORE]: The comment on key Dinamo.DINAMO_MAX_LIFE does not match the spec. This may create a backup.
[13Sep2025 21:39:31.365] [main/DEBUG] [net.minecraftforge.common.ForgeConfigSpec/CORE]: The comment on key Dinamo.ELECTRICITY_DAMAGE does not match the spec. This may create a backup.
[13Sep2025 21:39:31.365] [main/DEBUG] [net.minecraftforge.common.ForgeConfigSpec/CORE]: The comment on key Food.MUTANT_FLESH_SHOULD_TP does not match the spec. This may create a backup.
[13Sep2025 21:39:31.365] [main/DEBUG] [net.minecraftforge.common.ForgeConfigSpec/CORE]: The comment on key Food.MUTANT_FLESH_SHOULD_HURT does not match the spec. This may create a backup.
[13Sep2025 21:39:31.365] [main/DEBUG] [net.minecraftforge.common.ForgeConfigSpec/CORE]: The comment on key Food.ANTLION_FUR_SHOULD_FIRE does not match the spec. This may create a backup.
[13Sep2025 21:39:31.368] [Thread-3/DEBUG] [net.minecraftforge.fml.config.ConfigFileTypeHandler/CONFIG]: Config file companions.toml changed, sending notifies
[13Sep2025 21:39:31.370] [main/DEBUG] [net.minecraftforge.fml.config.ConfigFileTypeHandler/CONFIG]: Built TOML config for /workspaces/HytoCraft/servidor_minecraft/config/takesapillage-common.toml
[13Sep2025 21:39:31.370] [Thread-3/DEBUG] [net.minecraftforge.fml.config.ConfigFileTypeHandler/CONFIG]: Config file companions.toml changed, sending notifies
[13Sep2025 21:39:31.370] [main/DEBUG] [net.minecraftforge.fml.config.ConfigFileTypeHandler/CONFIG]: Loaded TOML config file /workspaces/HytoCraft/servidor_minecraft/config/takesapillage-common.toml
[13Sep2025 21:39:31.371] [main/DEBUG] [net.minecraftforge.fml.config.ConfigFileTypeHandler/CONFIG]: Watching TOML config file /workspaces/HytoCraft/servidor_minecraft/config/takesapillage-common.toml for changes
[13Sep2025 21:39:31.371] [main/DEBUG] [net.minecraftforge.fml.config.ConfigFileTypeHandler/CONFIG]: Built TOML config for /workspaces/HytoCraft/servidor_minecraft/config/balm-common.toml
[13Sep2025 21:39:31.371] [main/DEBUG] [net.minecraftforge.fml.config.ConfigFileTypeHandler/CONFIG]: Loaded TOML config file /workspaces/HytoCraft/servidor_minecraft/config/balm-common.toml
[13Sep2025 21:39:31.372] [main/DEBUG] [net.minecraftforge.fml.config.ConfigFileTypeHandler/CONFIG]: Watching TOML config file /workspaces/HytoCraft/servidor_minecraft/config/balm-common.toml for changes
[13Sep2025 21:39:31.372] [main/DEBUG] [net.minecraftforge.fml.config.ConfigFileTypeHandler/CONFIG]: Built TOML config for /workspaces/HytoCraft/servidor_minecraft/config/farmersdelight-common.toml
[13Sep2025 21:39:31.373] [main/DEBUG] [net.minecraftforge.fml.config.ConfigFileTypeHandler/CONFIG]: Loaded TOML config file /workspaces/HytoCraft/servidor_minecraft/config/farmersdelight-common.toml
[13Sep2025 21:39:31.373] [main/DEBUG] [net.minecraftforge.fml.config.ConfigFileTypeHandler/CONFIG]: Watching TOML config file /workspaces/HytoCraft/servidor_minecraft/config/farmersdelight-common.toml for changes
[13Sep2025 21:39:31.374] [Thread-3/DEBUG] [net.minecraftforge.fml.config.ConfigFileTypeHandler/CONFIG]: Config file farmersdelight-common.toml changed, sending notifies
[13Sep2025 21:39:31.374] [main/DEBUG] [net.minecraftforge.fml.config.ConfigFileTypeHandler/CONFIG]: Built TOML config for /workspaces/HytoCraft/servidor_minecraft/config/moonlight-common.toml
[13Sep2025 21:39:31.374] [main/DEBUG] [net.minecraftforge.fml.config.ConfigFileTypeHandler/CONFIG]: Loaded TOML config file /workspaces/HytoCraft/servidor_minecraft/config/moonlight-common.toml
[13Sep2025 21:39:31.374] [main/DEBUG] [net.minecraftforge.fml.config.ConfigFileTypeHandler/CONFIG]: Watching TOML config file /workspaces/HytoCraft/servidor_minecraft/config/moonlight-common.toml for changes
[13Sep2025 21:39:31.375] [Thread-3/DEBUG] [net.minecraftforge.fml.config.ConfigFileTypeHandler/CONFIG]: Config file farmersdelight-common.toml changed, sending notifies
[13Sep2025 21:39:31.376] [main/DEBUG] [net.minecraftforge.fml.config.ConfigFileTypeHandler/CONFIG]: Built TOML config for /workspaces/HytoCraft/servidor_minecraft/config/endrem.toml
[13Sep2025 21:39:31.376] [main/DEBUG] [net.minecraftforge.fml.config.ConfigFileTypeHandler/CONFIG]: Loaded TOML config file /workspaces/HytoCraft/servidor_minecraft/config/endrem.toml
[13Sep2025 21:39:31.376] [main/DEBUG] [net.minecraftforge.fml.config.ConfigFileTypeHandler/CONFIG]: Watching TOML config file /workspaces/HytoCraft/servidor_minecraft/config/endrem.toml for changes
[13Sep2025 21:39:31.377] [main/DEBUG] [net.minecraftforge.fml.config.ConfigFileTypeHandler/CONFIG]: Built TOML config for /workspaces/HytoCraft/servidor_minecraft/config/chimes-common.toml
[13Sep2025 21:39:31.377] [main/DEBUG] [net.minecraftforge.fml.config.ConfigFileTypeHandler/CONFIG]: Loaded TOML config file /workspaces/HytoCraft/servidor_minecraft/config/chimes-common.toml
[13Sep2025 21:39:31.377] [main/DEBUG] [net.minecraftforge.fml.config.ConfigFileTypeHandler/CONFIG]: Watching TOML config file /workspaces/HytoCraft/servidor_minecraft/config/chimes-common.toml for changes
[13Sep2025 21:39:31.378] [main/DEBUG] [net.minecraftforge.fml.config.ConfigFileTypeHandler/CONFIG]: Built TOML config for /workspaces/HytoCraft/servidor_minecraft/config/medieval-embroidery-common.toml
[13Sep2025 21:39:31.378] [main/DEBUG] [net.minecraftforge.fml.config.ConfigFileTypeHandler/CONFIG]: Loaded TOML config file /workspaces/HytoCraft/servidor_minecraft/config/medieval-embroidery-common.toml
[13Sep2025 21:39:31.378] [main/DEBUG] [net.minecraftforge.fml.config.ConfigFileTypeHandler/CONFIG]: Watching TOML config file /workspaces/HytoCraft/servidor_minecraft/config/medieval-embroidery-common.toml for changes
[13Sep2025 21:39:31.378] [main/DEBUG] [net.minecraftforge.fml.config.ConfigFileTypeHandler/CONFIG]: Built TOML config for /workspaces/HytoCraft/servidor_minecraft/config/oceanic-realms.toml
[13Sep2025 21:39:31.379] [main/DEBUG] [net.minecraftforge.fml.config.ConfigFileTypeHandler/CONFIG]: Loaded TOML config file /workspaces/HytoCraft/servidor_minecraft/config/oceanic-realms.toml
[13Sep2025 21:39:31.379] [main/DEBUG] [net.minecraftforge.fml.config.ConfigFileTypeHandler/CONFIG]: Watching TOML config file /workspaces/HytoCraft/servidor_minecraft/config/oceanic-realms.toml for changes
[13Sep2025 21:39:31.379] [main/DEBUG] [net.minecraftforge.fml.config.ConfigFileTypeHandler/CONFIG]: Built TOML config for /workspaces/HytoCraft/servidor_minecraft/config/darksoulsexpansion.toml
[13Sep2025 21:39:31.379] [main/DEBUG] [net.minecraftforge.fml.config.ConfigFileTypeHandler/CONFIG]: Loaded TOML config file /workspaces/HytoCraft/servidor_minecraft/config/darksoulsexpansion.toml
[13Sep2025 21:39:31.380] [main/DEBUG] [net.minecraftforge.fml.config.ConfigFileTypeHandler/CONFIG]: Watching TOML config file /workspaces/HytoCraft/servidor_minecraft/config/darksoulsexpansion.toml for changes
[13Sep2025 21:39:31.380] [Thread-3/DEBUG] [net.minecraftforge.fml.config.ConfigFileTypeHandler/CONFIG]: Config file endrem.toml changed, sending notifies
[13Sep2025 21:39:31.400] [modloading-worker-0/DEBUG] [mixin/]: Mixing accessor.BoundingBoxAccessor from yungsapi.mixins.json into net.minecraft.world.level.levelgen.structure.BoundingBox
[13Sep2025 21:39:31.417] [modloading-worker-0/INFO] [voicechat/]: [voicechat] Compatibility version 20
[13Sep2025 21:39:31.443] [modloading-worker-0/DEBUG] [patchouli/]: Instantiating xplat impl: vazkii.patchouli.forge.xplat.ForgeXplatImpl
[13Sep2025 21:39:31.481] [modloading-worker-0/INFO] [voicechat/]: [voicechat] Loading plugins
[13Sep2025 21:39:31.488] [modloading-worker-0/INFO] [voicechat/]: [voicechat] Loaded 0 plugin(s)
[13Sep2025 21:39:31.488] [modloading-worker-0/INFO] [voicechat/]: [voicechat] Initializing plugins
[13Sep2025 21:39:31.488] [modloading-worker-0/INFO] [voicechat/]: [voicechat] Initialized 0 plugin(s)
[13Sep2025 21:39:31.498] [main/DEBUG] [net.minecraftforge.fml.DeferredWorkQueue/LOADING]: Dispatching synchronous work for work queue COMMON_SETUP: 31 jobs
[13Sep2025 21:39:31.621] [Forge Version Check/INFO] [net.minecraftforge.fml.VersionChecker/]: [forge] Starting version check at https://files.minecraftforge.net/net/minecraftforge/forge/promotions_slim.json
[13Sep2025 21:39:31.649] [main/DEBUG] [mixin/]: Mixing RaidMemberMixin from friendsandfoes-common.mixins.json into net.minecraft.world.entity.raid.Raid$RaiderType
[13Sep2025 21:39:31.697] [main/INFO] [Moonlight/]: Initialized color sets in 36ms
[13Sep2025 21:39:31.701] [main/DEBUG] [net.minecraftforge.fml.DeferredWorkQueue/LOADING]: Synchronous work queue completed in 202.9 ms
[13Sep2025 21:39:31.795] [main/DEBUG] [mixin/]: Mixing BlockStateCacheMixin from ferritecore.blockstatecache.mixin.json into net.minecraft.world.level.block.state.BlockBehaviour$BlockStateBase$Cache
[13Sep2025 21:39:31.808] [main/DEBUG] [mixin/]: Mixing ai.pathing.WalkNodeEvaluatorMixin from canary.mixins.json into net.minecraft.world.level.pathfinder.WalkNodeEvaluator
[13Sep2025 21:39:31.998] [main/DEBUG] [mixin/]: Mixing SubShapeAccess from ferritecore.blockstatecache.mixin.json into net.minecraft.world.phys.shapes.SubShape
[13Sep2025 21:39:32.171] [Forge Version Check/DEBUG] [net.minecraftforge.fml.VersionChecker/]: [forge] Received version check data:
{
  "homepage": "https://files.minecraftforge.net/net/minecraftforge/forge/",
  "promos": {
    "1.1-latest": "1.3.4.29",
    "1.2.3-latest": "1.4.1.64",
    "1.2.4-latest": "2.0.0.68",
    "1.2.5-latest": "3.4.9.171",
    "1.3.2-latest": "4.3.5.318",
    "1.4.0-latest": "5.0.0.326",
    "1.4.1-latest": "6.0.0.329",
    "1.4.2-latest": "6.0.1.355",
    "1.4.3-latest": "6.2.1.358",
    "1.4.4-latest": "6.3.0.378",
    "1.4.5-latest": "6.4.2.448",
    "1.4.6-latest": "6.5.0.489",
    "1.4.7-latest": "6.6.2.534",
    "1.5-latest": "7.7.0.598",
    "1.5.1-latest": "7.7.2.682",
    "1.5.2-latest": "7.8.1.738",
    "1.5.2-recommended": "7.8.1.738",
    "1.6.1-latest": "8.9.0.775",
    "1.6.2-latest": "9.10.1.871",
    "1.6.2-recommended": "9.10.1.871",
    "1.6.3-latest": "9.11.0.878",
    "1.6.4-latest": "9.11.1.1345",
    "1.6.4-recommended": "9.11.1.1345",
    "1.7.2-latest": "10.12.2.1161",
    "1.7.2-recommended": "10.12.2.1161",
    "1.7.10_pre4-latest": "10.12.2.1149",
    "1.7.10-latest": "10.13.4.1614",
    "1.7.10-recommended": "10.13.4.1614",
    "1.8-latest": "11.14.4.1577",
    "1.8-recommended": "11.14.4.1563",
    "1.8.8-latest": "11.15.0.1655",
    "1.8.9-latest": "11.15.1.2318",
    "1.8.9-recommended": "11.15.1.2318",
    "1.9-latest": "12.16.1.1938",
    "1.9-recommended": "12.16.1.1887",
    "1.9.4-latest": "12.17.0.2317",
    "1.9.4-recommended": "12.17.0.2317",
    "1.10-latest": "12.18.0.2000",
    "1.10.2-latest": "12.18.3.2511",
    "1.10.2-recommended": "12.18.3.2511",
    "1.11-latest": "13.19.1.2199",
    "1.11-recommended": "13.19.1.2189",
    "1.11.2-latest": "13.20.1.2588",
    "1.11.2-recommended": "13.20.1.2588",
    "1.12-latest": "14.21.1.2443",
    "1.12-recommended": "14.21.1.2387",
    "1.12.1-latest": "14.22.1.2485",
    "1.12.1-recommended": "14.22.1.2478",
    "1.12.2-latest": "14.23.5.2860",
    "1.12.2-recommended": "14.23.5.2859",
    "1.13.2-latest": "25.0.223",
    "1.14.2-latest": "26.0.63",
    "1.14.3-latest": "27.0.60",
    "1.14.4-latest": "28.2.26",
    "1.14.4-recommended": "28.2.26",
    "1.15-latest": "29.0.4",
    "1.15.1-latest": "30.0.51",
    "1.15.2-latest": "31.2.60",
    "1.15.2-recommended": "31.2.57",
    "1.16.1-latest": "32.0.108",
    "1.16.2-latest": "33.0.61",
    "1.16.3-latest": "34.1.42",
    "1.16.3-recommended": "34.1.0",
    "1.16.4-latest": "35.1.37",
    "1.16.4-recommended": "35.1.4",
    "1.16.5-latest": "36.2.42",
    "1.16.5-recommended": "36.2.34",
    "1.17.1-latest": "37.1.1",
    "1.17.1-recommended": "37.1.1",
    "1.18-latest": "38.0.17",
    "1.18.1-latest": "39.1.2",
    "1.18.1-recommended": "39.1.0",
    "1.18.2-recommended": "40.3.0",
    "1.18.2-latest": "40.3.11",
    "1.19-latest": "41.1.0",
    "1.19-recommended": "41.1.0",
    "1.19.1-latest": "42.0.9",
    "1.19.2-recommended": "43.5.0",
    "1.19.2-latest": "43.5.1",
    "1.19.3-latest": "44.1.23",
    "1.19.3-recommended": "44.1.0",
    "1.19.4-recommended": "45.4.0",
    "1.19.4-latest": "45.4.2",
    "1.20-latest": "46.0.14",
    "1.20.1-recommended": "47.4.0",
    "1.20.1-latest": "47.4.8",
    "1.20.2-latest": "48.1.0",
    "1.20.2-recommended": "48.1.0",
    "1.20.3-latest": "49.0.2",
    "1.20.4-latest": "49.2.1",
    "1.20.4-recommended": "49.2.0",
    "1.20.6-latest": "50.2.1",
    "1.20.6-recommended": "50.2.0",
    "1.21-latest": "51.0.33",
    "1.21.1-latest": "52.1.3",
    "1.21.1-recommended": "52.1.0",
    "1.21.3-latest": "53.1.2",
    "1.21.3-recommended": "53.1.0",
    "1.21.4-latest": "54.1.6",
    "1.21.4-recommended": "54.1.0",
    "1.21.5-latest": "55.1.0",
    "1.21.5-recommended": "55.1.0",
    "1.21.6-latest": "56.0.9",
    "1.21.7-latest": "57.0.3",
    "1.21.8-latest": "58.1.1",
    "1.21.8-recommended": "58.1.0"
  }
}
[13Sep2025 21:39:32.172] [Forge Version Check/INFO] [net.minecraftforge.fml.VersionChecker/]: [forge] Found status: UP_TO_DATE Current: 47.4.0 Target: null
[13Sep2025 21:39:32.173] [Forge Version Check/INFO] [net.minecraftforge.fml.VersionChecker/]: [unionlib] Starting version check at https://raw.githubusercontent.com/Stereowalker/My-Home-Page/main/update_files/unionlib.json
[13Sep2025 21:39:32.330] [Forge Version Check/DEBUG] [net.minecraftforge.fml.VersionChecker/]: [unionlib] Received version check data:
{
  "promos": {
    "1.18.2-latest": "7.1.6",
    "1.19.2-latest": "9.0.2.1",
    "1.19.3-latest": "9.0.2.1",
    "1.19.4-latest": "9.0.2",
    "1.19.4-recommended": "9.0.2"
  }
}
[13Sep2025 21:39:32.330] [Forge Version Check/INFO] [net.minecraftforge.fml.VersionChecker/]: [unionlib] Found status: BETA Current: 12.0.18 Target: null
[13Sep2025 21:39:32.330] [Forge Version Check/INFO] [net.minecraftforge.fml.VersionChecker/]: [unionlib_potionfluid] Starting version check at https://raw.githubusercontent.com/Stereowalker/My-Home-Page/main/update_files/unionlib-potions-fluids.json
[13Sep2025 21:39:32.431] [Forge Version Check/DEBUG] [net.minecraftforge.fml.VersionChecker/]: [unionlib_potionfluid] Received version check data:
{
  "promos": {
    "1.18.2-latest": "1.0.0",
    "1.18.2-recommended": "1.0.0"
  }
}
[13Sep2025 21:39:32.432] [Forge Version Check/INFO] [net.minecraftforge.fml.VersionChecker/]: [unionlib_potionfluid] Found status: BETA Current: 1.0.0 Target: null
[13Sep2025 21:39:32.432] [Forge Version Check/INFO] [net.minecraftforge.fml.VersionChecker/]: [voicechat] Starting version check at https://update.maxhenkel.de/forge/voicechat
[13Sep2025 21:39:33.192] [Forge Version Check/DEBUG] [net.minecraftforge.fml.VersionChecker/]: [voicechat] Received version check data:
{"1.21":{"1.21-2.5.20":"Added Vietnamese translation"},"1.20":{"1.20-2.4.9":"Fixed group not getting deleted when disconnecting\nFixed group in LeaveGroupEvent always null\nFixed builtin resource pack format version"},"1.18":{"1.18-2.1.17":"Updated Forge\nFixed sound physics compatibility","1.18-2.1.22":"Fixed untranslated command feedback"},"1.19":{"1.19-2.4.8":"Added audio senders to the voice chat API"},"1.21.7":{"1.21.7-2.5.34":"Updated German translation"},"1.21.6":{"1.21.6-2.5.32":"Added \"Default microphone\" and \"Default speaker\" options\nFixed antivirus software detecting the jar as a trojan (This was a false positive)"},"1.21.8":{"1.21.8-2.6.3":"Prevent native objects from not getting closed\nFixed mp3 decoding issues\nFixed denoiser being closed and reopened every audio frame when muted"},"1.20.4":{"1.20.4-2.5.22":"Updated Traditional Chinese translation\nAdded Portuguese translation\nUpdated Ukrainian translation","1.20.4-2.4.32":"Fixed compatibility with Sound Physics Remastered\nUpdated French translation"},"1.21.3":{"1.21.3-2.5.31":"Improved handling of invalid bind addresses\nFixed bind_address being used in LAN worlds\nUpdated Swedish translation"},"promos":{"1.18.1-latest":"1.18.1-2.2.52","1.21.4-latest":"1.21.4-2.6.3","1.21.3-latest":"1.21.3-2.5.31","1.18.2-latest":"1.18.2-2.6.3","1.19.3-recommended":"1.19.3-2.4.11","1.20-recommended":"1.20-2.4.9","1.19.1-recommended":"1.19.1-2.4.8","1.21.5-latest":"1.21.5-2.6.3","1.21.1-latest":"1.21.1-2.6.3","1.21.6-latest":"1.21.6-2.5.32","1.12.2-latest":"1.12.2-2.6.3","1.19.4-recommended":"1.19.4-2.4.32","1.12.2-recommended":"1.12.2-2.4.32","1.19-latest":"1.19-2.4.8","1.17.1-recommended":"1.17.1-2.4.32","1.19.2-recommended":"1.19.2-2.4.32","1.18-latest":"1.18-2.1.22","1.21.8-latest":"1.21.8-2.6.3","1.20.4-recommended":"1.20.4-2.4.32","1.21.7-latest":"1.21.7-2.5.34","1.21-latest":"1.21-2.5.20","1.16.5-recommended":"1.16.5-2.4.32","1.16.4-recommended":"1.16.4-1.1.7","1.20.1-recommended":"1.20.1-2.4.32","1.16.3-recommended":"1.16.3-1.0.1","1.15.2-latest":"1.15.2-1.0.2","1.20.2-recommended":"1.20.2-2.4.32","1.20-latest":"1.20-2.4.9","1.18.2-recommended":"1.18.2-2.4.32","1.17.1-latest":"1.17.1-2.5.12","1.18.1-recommended":"1.18.1-2.2.52","1.20.1-latest":"1.20.1-2.6.3","1.16.3-latest":"1.16.3-1.0.1","1.20.2-latest":"1.20.2-2.5.12","1.16.4-latest":"1.16.4-1.1.7","1.19.2-latest":"1.19.2-2.6.3","1.19.4-latest":"1.19.4-2.5.12","1.19.3-latest":"1.19.3-2.4.11","1.16.5-latest":"1.16.5-2.6.3","1.19-recommended":"1.19-2.4.8","1.18-recommended":"1.18-2.1.17","1.15.2-recommended":"1.15.2-1.0.2","1.20.4-latest":"1.20.4-2.5.22","1.19.1-latest":"1.19.1-2.4.8","1.20.6-latest":"1.20.6-2.5.22"},"1.20.6":{"1.20.6-2.5.22":"Updated Traditional Chinese translation\nAdded Portuguese translation\nUpdated Ukrainian translation"},"1.21.5":{"1.21.5-2.6.3":"Prevent native objects from not getting closed\nFixed mp3 decoding issues\nFixed denoiser being closed and reopened every audio frame when muted"},"1.21.4":{"1.21.4-2.6.3":"Prevent native objects from not getting closed\nFixed mp3 decoding issues\nFixed denoiser being closed and reopened every audio frame when muted"},"1.20.2":{"1.20.2-2.4.32":"Fixed compatibility with Sound Physics Remastered\nUpdated French translation","1.20.2-2.5.12":"Improved cloth config GUI translations"},"1.21.1":{"1.21.1-2.6.3":"Prevent native objects from not getting closed\nFixed mp3 decoding issues\nFixed denoiser being closed and reopened every audio frame when muted"},"1.20.1":{"1.20.1-2.4.32":"Fixed compatibility with Sound Physics Remastered\nUpdated French translation","1.20.1-2.6.3":"Prevent native objects from not getting closed\nFixed mp3 decoding issues\nFixed denoiser being closed and reopened every audio frame when muted"},"1.16.4":{"1.16.4-1.1.7":"Fixed ConcurrentModificationException when client times out"},"1.19.1":{"1.19.1-2.4.8":"Added audio senders to the voice chat API"},"1.18.2":{"1.18.2-2.4.32":"Fixed compatibility with Sound Physics Remastered\nUpdated French translation","1.18.2-2.6.3":"Prevent native objects from not getting closed\nFixed mp3 decoding issues\nFixed denoiser being closed and reopened every audio frame when muted"},"1.16.5":{"1.16.5-2.4.32":"Fixed compatibility with Sound Physics Remastered\nUpdated French translation","1.16.5-2.6.3":"Prevent native objects from not getting closed\nFixed mp3 decoding issues\nFixed denoiser being closed and reopened every audio frame when muted"},"1.19.2":{"1.19.2-2.6.3":"Prevent native objects from not getting closed\nFixed mp3 decoding issues\nFixed denoiser being closed and reopened every audio frame when muted","1.19.2-2.4.32":"Fixed compatibility with Sound Physics Remastered\nUpdated French translation"},"1.19.3":{"1.19.3-2.4.11":"Added config accessors to the API"},"1.19.4":{"1.19.4-2.4.32":"Fixed compatibility with Sound Physics Remastered\nUpdated French translation","1.19.4-2.5.12":"Improved cloth config GUI translations"},"1.15.2":{"1.15.2-1.0.2":"Fix crash on servers"},"1.17.1":{"1.17.1-2.4.32":"Fixed compatibility with Sound Physics Remastered\nUpdated French translation","1.17.1-2.5.12":"Improved cloth config GUI translations"},"1.16.3":{"1.16.3-1.0.1":"Fixed voice chat not working on servers with port"},"1.18.1":{"1.18.1-2.2.52":"Improved service loader compatibility\nFixed issues with QuestCraft\nFixed disconnected state being controlled by the client"},"1.12.2":{"1.12.2-2.4.32":"Fixed compatibility with Sound Physics Remastered\nUpdated French translation","1.12.2-2.6.3":"Prevent native objects from not getting closed\nFixed mp3 decoding issues\nFixed denoiser being closed and reopened every audio frame when muted"},"homepage":"https://modrepo.de/minecraft/voicechat"}
[13Sep2025 21:39:33.193] [Forge Version Check/INFO] [net.minecraftforge.fml.VersionChecker/]: [voicechat] Found status: AHEAD Current: 1.20.1-2.6.3 Target: null
[13Sep2025 21:39:33.194] [Forge Version Check/INFO] [net.minecraftforge.fml.VersionChecker/]: [canary] Starting version check at https://github.com/AbdElAziz333/Canary/raw/mc1.19.2/dev/updates.json
[13Sep2025 21:39:33.466] [Forge Version Check/DEBUG] [net.minecraftforge.fml.VersionChecker/]: [canary] Received version check data:
{
  "homepage": "https://modrinth.com/mod/canary/versions",
  "promos": {
    "1.20.4-latest": "0.3.3",
    "1.20.4-recommended": "0.3.3",
    "1.20.1-latest": "0.3.3",
    "1.20.1-recommended": "0.3.3",
    "1.20-latest": "0.2.5",
    "1.20-recommended": "0.2.5",
    "1.19.4-latest": "0.2.5",
    "1.19.4-recommended": "0.2.5",  
    "1.19.3-latest": "0.2.5",
    "1.19.3-recommended": "0.2.5",
    "1.19.2-latest": "0.3.3",
    "1.19.2-recommended": "0.3.3",
    "1.18.2-latest": "0.3.3",
    "1.18.2-recommended": "0.3.3"
  }
}
[13Sep2025 21:39:33.468] [Forge Version Check/INFO] [net.minecraftforge.fml.VersionChecker/]: [canary] Found status: UP_TO_DATE Current: 0.3.3 Target: null
[13Sep2025 21:39:36.841] [main/INFO] [epicfight/]: Data keys [epicfight:basic_attack_active, epicfight:combo_counter] for epicfight:basic_attack
[13Sep2025 21:39:36.841] [main/INFO] [epicfight/]: Data keys [epicfight:penalty_restore_counter, epicfight:penalty] for epicfight:guard
[13Sep2025 21:39:36.841] [main/INFO] [epicfight/]: Data keys [epicfight:penalty_restore_counter, epicfight:parry_motion_counter, epicfight:penalty, epicfight:last_active] for epicfight:parrying
[13Sep2025 21:39:36.842] [main/INFO] [epicfight/]: Data keys [epicfight:penalty_restore_counter, epicfight:penalty] for epicfight:impact_guard
[13Sep2025 21:39:36.842] [main/INFO] [epicfight/]: Data keys [epicfight:resisting_damage_type, epicfight:tick_record, epicfight:stacks] for epicfight:adaptive_skin
[13Sep2025 21:39:36.842] [main/INFO] [epicfight/]: Data keys [epicfight:tick_record] for epicfight:adrenaline_fiend
[13Sep2025 21:39:36.842] [main/INFO] [epicfight/]: Data keys [epicfight:stacks, epicfight:entity_id] for epicfight:bonebreaker
[13Sep2025 21:39:36.842] [main/INFO] [epicfight/]: Data keys [epicfight:tick_record, epicfight:entity_id] for epicfight:vengeance
[13Sep2025 21:39:36.842] [main/INFO] [epicfight/]: Data keys [epicfight:fall_distance, epicfight:slam_protect_next_fall] for epicfight:meteor_slam
[13Sep2025 21:39:36.842] [main/INFO] [epicfight/]: Data keys [epicfight:stacks] for epicfight:revelation
[13Sep2025 21:39:36.842] [main/INFO] [epicfight/]: Data keys [epicfight:slam_protect_next_fall] for epicfight:demolition_leap
[13Sep2025 21:39:36.843] [main/INFO] [epicfight/]: Data keys [epicfight:jump_key_pressed_last_tick, epicfight:slam_protect_next_fall, epicfight:jump_count] for epicfight:phantom_ascent
[13Sep2025 21:39:36.843] [main/INFO] [epicfight/]: Data keys [epicfight:last_hit_count] for epicfight:grasping_spire
[13Sep2025 21:39:36.843] [main/INFO] [epicfight/]: Data keys [epicfight:sheath] for epicfight:battojutsu_passive
[13Sep2025 21:39:36.843] [main/INFO] [epicfight/]: Data keys [epicfight:sheath] for epicfight:battojutsu
[13Sep2025 21:39:36.843] [main/INFO] [epicfight/]: Data keys [epicfight:combo_counter] for epicfight:blade_rush
[13Sep2025 21:39:36.843] [main/INFO] [epicfight/]: Data keys [epicfight:thrown_trident_entity_id] for epicfight:everlasting_allegiance
[13Sep2025 21:39:36.869] [main/INFO] [com.mojang.authlib.yggdrasil.YggdrasilAuthenticationService/]: Environment: authHost='https://authserver.mojang.com', accountsHost='https://api.mojang.com', sessionHost='https://sessionserver.mojang.com', servicesHost='https://api.minecraftservices.com', name='PROD'
[13Sep2025 21:39:40.427] [main/INFO] [epicfight/]: Data keys [epicfight:basic_attack_active, epicfight:combo_counter] for epicfight:basic_attack
[13Sep2025 21:39:40.427] [main/INFO] [epicfight/]: Data keys [epicfight:penalty_restore_counter, epicfight:penalty] for epicfight:guard
[13Sep2025 21:39:40.428] [main/INFO] [epicfight/]: Data keys [epicfight:penalty_restore_counter, epicfight:parry_motion_counter, epicfight:penalty, epicfight:last_active] for epicfight:parrying
[13Sep2025 21:39:40.428] [main/INFO] [epicfight/]: Data keys [epicfight:penalty_restore_counter, epicfight:penalty] for epicfight:impact_guard
[13Sep2025 21:39:40.428] [main/INFO] [epicfight/]: Data keys [epicfight:resisting_damage_type, epicfight:tick_record, epicfight:stacks] for epicfight:adaptive_skin
[13Sep2025 21:39:40.428] [main/INFO] [epicfight/]: Data keys [epicfight:tick_record] for epicfight:adrenaline_fiend
[13Sep2025 21:39:40.428] [main/INFO] [epicfight/]: Data keys [epicfight:stacks, epicfight:entity_id] for epicfight:bonebreaker
[13Sep2025 21:39:40.428] [main/INFO] [epicfight/]: Data keys [epicfight:tick_record, epicfight:entity_id] for epicfight:vengeance
[13Sep2025 21:39:40.429] [main/INFO] [epicfight/]: Data keys [epicfight:fall_distance, epicfight:slam_protect_next_fall] for epicfight:meteor_slam
[13Sep2025 21:39:40.429] [main/INFO] [epicfight/]: Data keys [epicfight:stacks] for epicfight:revelation
[13Sep2025 21:39:40.429] [main/INFO] [epicfight/]: Data keys [epicfight:slam_protect_next_fall] for epicfight:demolition_leap
[13Sep2025 21:39:40.429] [main/INFO] [epicfight/]: Data keys [epicfight:jump_key_pressed_last_tick, epicfight:slam_protect_next_fall, epicfight:jump_count] for epicfight:phantom_ascent
[13Sep2025 21:39:40.429] [main/INFO] [epicfight/]: Data keys [epicfight:last_hit_count] for epicfight:grasping_spire
[13Sep2025 21:39:40.429] [main/INFO] [epicfight/]: Data keys [epicfight:sheath] for epicfight:battojutsu_passive
[13Sep2025 21:39:40.429] [main/INFO] [epicfight/]: Data keys [epicfight:sheath] for epicfight:battojutsu
[13Sep2025 21:39:40.430] [main/INFO] [epicfight/]: Data keys [epicfight:combo_counter] for epicfight:blade_rush
[13Sep2025 21:39:40.430] [main/INFO] [epicfight/]: Data keys [epicfight:thrown_trident_entity_id] for epicfight:everlasting_allegiance
[13Sep2025 21:39:40.515] [main/WARN] [net.minecraft.server.packs.VanillaPackResourcesBuilder/]: Assets URL 'union:/workspaces/HytoCraft/servidor_minecraft/libraries/net/minecraft/server/1.20.1-20230612.114412/server-1.20.1-20230612.114412-srg.jar%23185!/assets/.mcassetsroot' uses unexpected schema
[13Sep2025 21:39:40.516] [main/WARN] [net.minecraft.server.packs.VanillaPackResourcesBuilder/]: Assets URL 'union:/workspaces/HytoCraft/servidor_minecraft/libraries/net/minecraft/server/1.20.1-20230612.114412/server-1.20.1-20230612.114412-srg.jar%23185!/data/.mcassetsroot' uses unexpected schema
[13Sep2025 21:39:40.577] [main/DEBUG] [net.minecraftforge.server.ServerLifecycleHooks/CORE]: Generating PackInfo named mod:treechop for mod file /workspaces/HytoCraft/servidor_minecraft/mods/TreeChop-1.20.1-forge-0.19.0-fixed.jar
[13Sep2025 21:39:40.577] [main/DEBUG] [net.minecraftforge.server.ServerLifecycleHooks/CORE]: Generating PackInfo named mod:kuma_api for mod file 
[13Sep2025 21:39:40.577] [main/DEBUG] [net.minecraftforge.server.ServerLifecycleHooks/CORE]: Generating PackInfo named mod:supermartijn642configlib for mod file /workspaces/HytoCraft/servidor_minecraft/mods/supermartijn642configlib-1.1.8-forge-mc1.20.jar
[13Sep2025 21:39:40.577] [main/DEBUG] [net.minecraftforge.server.ServerLifecycleHooks/CORE]: Generating PackInfo named mod:geckolib for mod file /workspaces/HytoCraft/servidor_minecraft/mods/geckolib-forge-1.20.1-4.7.3.jar
[13Sep2025 21:39:40.577] [main/DEBUG] [net.minecraftforge.server.ServerLifecycleHooks/CORE]: Generating PackInfo named mod:playeranimator for mod file /workspaces/HytoCraft/servidor_minecraft/mods/player-animation-lib-forge-1.0.2-rc1+1.20.jar
[13Sep2025 21:39:40.578] [main/DEBUG] [net.minecraftforge.server.ServerLifecycleHooks/CORE]: Generating PackInfo named mod:jei for mod file /workspaces/HytoCraft/servidor_minecraft/mods/jei-1.20.1-forge-15.20.0.112.jar
[13Sep2025 21:39:40.578] [main/DEBUG] [net.minecraftforge.server.ServerLifecycleHooks/CORE]: Generating PackInfo named mod:libraryferret for mod file /workspaces/HytoCraft/servidor_minecraft/mods/libraryferret-forge-1.20.1-4.0.0.jar
[13Sep2025 21:39:40.578] [main/DEBUG] [net.minecraftforge.server.ServerLifecycleHooks/CORE]: Generating PackInfo named mod:companions for mod file /workspaces/HytoCraft/servidor_minecraft/mods/companions-forge-1.20.1-1.1.1.jar
[13Sep2025 21:39:40.578] [main/DEBUG] [net.minecraftforge.server.ServerLifecycleHooks/CORE]: Generating PackInfo named mod:immersive_weathering for mod file /workspaces/HytoCraft/servidor_minecraft/mods/immersive_weathering-1.20.1-2.0.5-forge.jar
[13Sep2025 21:39:40.578] [main/DEBUG] [net.minecraftforge.server.ServerLifecycleHooks/CORE]: Generating PackInfo named mod:waystones for mod file /workspaces/HytoCraft/servidor_minecraft/mods/waystones-forge-1.20.1-14.1.17.jar
[13Sep2025 21:39:40.578] [main/DEBUG] [net.minecraftforge.server.ServerLifecycleHooks/CORE]: Generating PackInfo named mod:epicfight for mod file /workspaces/HytoCraft/servidor_minecraft/mods/epicfight-forge-20.12.6-1.20.1.jar
[13Sep2025 21:39:40.579] [main/DEBUG] [net.minecraftforge.server.ServerLifecycleHooks/CORE]: Generating PackInfo named mod:yyzsbackpack for mod file /workspaces/HytoCraft/servidor_minecraft/mods/YyzsBackpack-forge-0.0.27.jar
[13Sep2025 21:39:40.579] [main/DEBUG] [net.minecraftforge.server.ServerLifecycleHooks/CORE]: Generating PackInfo named mod:yungsapi for mod file /workspaces/HytoCraft/servidor_minecraft/mods/YungsApi-1.20-Forge-4.0.6.jar
[13Sep2025 21:39:40.579] [main/DEBUG] [net.minecraftforge.server.ServerLifecycleHooks/CORE]: Generating PackInfo named mod:mixinextras for mod file 
[13Sep2025 21:39:40.579] [main/DEBUG] [net.minecraftforge.server.ServerLifecycleHooks/CORE]: Generating PackInfo named mod:knightlib for mod file /workspaces/HytoCraft/servidor_minecraft/mods/knightlib-forge-1.20.1-1.3.1.jar
[13Sep2025 21:39:40.579] [main/DEBUG] [net.minecraftforge.server.ServerLifecycleHooks/CORE]: Generating PackInfo named mod:glitchcore for mod file /workspaces/HytoCraft/servidor_minecraft/mods/GlitchCore-forge-1.20.1-0.0.1.1.jar
[13Sep2025 21:39:40.579] [main/DEBUG] [net.minecraftforge.server.ServerLifecycleHooks/CORE]: Generating PackInfo named mod:sereneseasons for mod file /workspaces/HytoCraft/servidor_minecraft/mods/SereneSeasons-forge-1.20.1-9.1.0.2.jar
[13Sep2025 21:39:40.580] [main/DEBUG] [net.minecraftforge.server.ServerLifecycleHooks/CORE]: Generating PackInfo named mod:takesapillage for mod file /workspaces/HytoCraft/servidor_minecraft/mods/takesapillage-1.0.3-1.20.1.jar
[13Sep2025 21:39:40.580] [main/DEBUG] [net.minecraftforge.server.ServerLifecycleHooks/CORE]: Generating PackInfo named mod:balm for mod file /workspaces/HytoCraft/servidor_minecraft/mods/balm-forge-1.20.1-7.3.35-all.jar
[13Sep2025 21:39:40.580] [main/DEBUG] [net.minecraftforge.server.ServerLifecycleHooks/CORE]: Generating PackInfo named mod:fusion for mod file /workspaces/HytoCraft/servidor_minecraft/mods/fusion-1.2.11a-forge-mc1.20.1.jar
[13Sep2025 21:39:40.580] [main/DEBUG] [net.minecraftforge.server.ServerLifecycleHooks/CORE]: Generating PackInfo named mod:forge for mod file /workspaces/HytoCraft/servidor_minecraft/libraries/net/minecraftforge/forge/1.20.1-47.4.0/forge-1.20.1-47.4.0-universal.jar
[13Sep2025 21:39:40.581] [main/DEBUG] [net.minecraftforge.server.ServerLifecycleHooks/CORE]: Generating PackInfo named mod:friendsandfoes for mod file /workspaces/HytoCraft/servidor_minecraft/mods/friendsandfoes-forge-mc1.20.1-3.0.9.jar
[13Sep2025 21:39:40.581] [main/DEBUG] [net.minecraftforge.server.ServerLifecycleHooks/CORE]: Generating PackInfo named mod:antiqueatlas for mod file /workspaces/HytoCraft/servidor_minecraft/mods/Antique Atlas-1.20.1-8.0.1-Forge.jar
[13Sep2025 21:39:40.581] [main/DEBUG] [net.minecraftforge.server.ServerLifecycleHooks/CORE]: Generating PackInfo named mod:unionlib for mod file /workspaces/HytoCraft/servidor_minecraft/mods/UnionLib-1.20.1-12.0.18-Forge-all.jar
[13Sep2025 21:39:40.581] [main/DEBUG] [net.minecraftforge.server.ServerLifecycleHooks/CORE]: Generating PackInfo named mod:rustic_engineer for mod file /workspaces/HytoCraft/servidor_minecraft/mods/rustic_engineer-1.1.3-forge-1.20.1.jar
[13Sep2025 21:39:40.582] [main/DEBUG] [net.minecraftforge.server.ServerLifecycleHooks/CORE]: Generating PackInfo named mod:realmrpg_skeletons for mod file /workspaces/HytoCraft/servidor_minecraft/mods/realmrpg_skeletons-1.1.0-forge-1.20.1.jar
[13Sep2025 21:39:40.582] [main/DEBUG] [net.minecraftforge.server.ServerLifecycleHooks/CORE]: Generating PackInfo named mod:dark_souls_expansion for mod file /workspaces/HytoCraft/servidor_minecraft/mods/DarkSoulsExpansionv2.11.jar
[13Sep2025 21:39:40.582] [main/DEBUG] [net.minecraftforge.server.ServerLifecycleHooks/CORE]: Generating PackInfo named mod:unusual_furniture for mod file /workspaces/HytoCraft/servidor_minecraft/mods/unusual_furniture-1.1.1-forge-1.20.1.jar
[13Sep2025 21:39:40.582] [main/DEBUG] [net.minecraftforge.server.ServerLifecycleHooks/CORE]: Generating PackInfo named mod:realisticforgingores for mod file /workspaces/HytoCraft/servidor_minecraft/mods/realisticforgingores - no tools -4.1.6-forge-1.20.1.jar
[13Sep2025 21:39:40.583] [main/DEBUG] [net.minecraftforge.server.ServerLifecycleHooks/CORE]: Generating PackInfo named mod:farmersdelight for mod file /workspaces/HytoCraft/servidor_minecraft/mods/FarmersDelight-1.20.1-1.2.9.jar
[13Sep2025 21:39:40.583] [main/DEBUG] [net.minecraftforge.server.ServerLifecycleHooks/CORE]: Generating PackInfo named mod:voicechat for mod file /workspaces/HytoCraft/servidor_minecraft/mods/voicechat-forge-1.20.1-2.6.3.jar
[13Sep2025 21:39:40.583] [main/DEBUG] [net.minecraftforge.server.ServerLifecycleHooks/CORE]: Generating PackInfo named mod:moonlight for mod file /workspaces/HytoCraft/servidor_minecraft/mods/moonlight-1.20-2.16.10-forge.jar
[13Sep2025 21:39:40.583] [main/DEBUG] [net.minecraftforge.server.ServerLifecycleHooks/CORE]: Generating PackInfo named mod:endrem for mod file /workspaces/HytoCraft/servidor_minecraft/mods/endrem_forge-5.3.3-R-1.20.1.jar
[13Sep2025 21:39:40.584] [main/DEBUG] [net.minecraftforge.server.ServerLifecycleHooks/CORE]: Generating PackInfo named mod:medievalembroidery for mod file /workspaces/HytoCraft/servidor_minecraft/mods/Medieval_Embroidery-1.20.1-0.7.5.jar
[13Sep2025 21:39:40.584] [main/DEBUG] [net.minecraftforge.server.ServerLifecycleHooks/CORE]: Generating PackInfo named mod:philipsruins for mod file /workspaces/HytoCraft/servidor_minecraft/mods/Philips-Ruins1.20.1-5.5.jar
[13Sep2025 21:39:40.584] [main/DEBUG] [net.minecraftforge.server.ServerLifecycleHooks/CORE]: Generating PackInfo named mod:patchouli for mod file /workspaces/HytoCraft/servidor_minecraft/mods/Patchouli-1.20.1-84.1-FORGE.jar
[13Sep2025 21:39:40.584] [main/DEBUG] [net.minecraftforge.server.ServerLifecycleHooks/CORE]: Generating PackInfo named mod:bettervillage for mod file /workspaces/HytoCraft/servidor_minecraft/mods/bettervillage-forge-1.20.1-3.3.1-all.jar
[13Sep2025 21:39:40.585] [main/DEBUG] [net.minecraftforge.server.ServerLifecycleHooks/CORE]: Generating PackInfo named mod:canary for mod file /workspaces/HytoCraft/servidor_minecraft/mods/canary-mc1.20.1-0.3.3.jar
[13Sep2025 21:39:40.585] [main/DEBUG] [net.minecraftforge.server.ServerLifecycleHooks/CORE]: Generating PackInfo named mod:dawnoftimebuilder for mod file /workspaces/HytoCraft/servidor_minecraft/mods/dawnoftimebuilder-forge-1.20.1-1.5.24.jar
[13Sep2025 21:39:40.585] [main/DEBUG] [net.minecraftforge.server.ServerLifecycleHooks/CORE]: Generating PackInfo named mod:betterarcheology for mod file /workspaces/HytoCraft/servidor_minecraft/mods/betterarcheology-1.2.1-1.20.1.jar
[13Sep2025 21:39:40.586] [main/DEBUG] [net.minecraftforge.server.ServerLifecycleHooks/CORE]: Generating PackInfo named mod:farmers_structures for mod file /workspaces/HytoCraft/servidor_minecraft/mods/FarmersStructures-1.0.3-1.20.jar
[13Sep2025 21:39:40.586] [main/DEBUG] [net.minecraftforge.server.ServerLifecycleHooks/CORE]: Generating PackInfo named mod:appleskin for mod file /workspaces/HytoCraft/servidor_minecraft/mods/appleskin-forge-mc1.20.1-2.5.1.jar
[13Sep2025 21:39:40.586] [main/DEBUG] [net.minecraftforge.server.ServerLifecycleHooks/CORE]: Generating PackInfo named mod:ferritecore for mod file /workspaces/HytoCraft/servidor_minecraft/mods/ferritecore-6.0.1-forge.jar
[13Sep2025 21:39:40.586] [main/DEBUG] [net.minecraftforge.server.ServerLifecycleHooks/CORE]: Generating PackInfo named mod:chimes for mod file /workspaces/HytoCraft/servidor_minecraft/mods/Chimes-v2.0.1-1.20.1.jar
[13Sep2025 21:39:40.587] [main/DEBUG] [net.minecraftforge.server.ServerLifecycleHooks/CORE]: Generating PackInfo named mod:oceanicrealms for mod file /workspaces/HytoCraft/servidor_minecraft/mods/oceanicrealms-1.0.6.4-hotfix.jar
[13Sep2025 21:39:40.591] [main/DEBUG] [mixin/]: Mixing ServerMultiPackResourceManagerMixin from moonlight-common.mixins.json into net.minecraft.server.packs.resources.MultiPackResourceManager
[13Sep2025 21:39:40.615] [main/DEBUG] [mixin/]: Mixing MixinResource from oceanicrealms.mixin.json into net.minecraft.server.packs.resources.Resource
[13Sep2025 21:39:40.621] [main/INFO] [Moonlight/]: Starting runtime resource generation for pack type SERVER_DATA with generators from mods [immersive_weathering]: [com.ordana.immersive_weathering.dynamicpack.ServerDynamicResourcesHandler@69815223]
[13Sep2025 21:39:40.622] [main/INFO] [Moonlight/]: Generating runtime assets for pack Immersive Weathering Generated Pack (immersive_weathering)
[13Sep2025 21:39:40.644] [main/INFO] [com.ordana.immersive_weathering.ImmersiveWeathering/]: Generated runtime SERVER_DATA for pack Immersive Weathering Generated Pack (immersive_weathering) in: 20 ms (multithreaded)
[13Sep2025 21:39:40.644] [main/INFO] [Moonlight/]: Finished runtime resources generation for 1 packs in a total of 22 ms
[13Sep2025 21:39:41.087] [main/INFO] [bettervillage/]: StructureSet modified for minecraft:village : Now using custom village configuration (can be disabled in the better villages config: boolean.villages.enabled_custom_config).
[13Sep2025 21:39:41.356] [main/DEBUG] [mixin/]: Mixing MixinOverworldBiomeBuilder from oceanicrealms.mixin.json into net.minecraft.world.level.biome.OverworldBiomeBuilder
[13Sep2025 21:39:41.755] [main/DEBUG] [net.minecraftforge.coremod.transformer.CoreModBaseTransformer/COREMOD]: Transforming net/minecraft/server/commands/SummonCommand
[13Sep2025 21:39:41.930] [main/DEBUG] [mixin/]: Mixing accessor.RecipeManagerAccessor from farmersdelight.mixins.json into net.minecraft.world.item.crafting.RecipeManager
[13Sep2025 21:39:42.034] [Worker-Main-2/ERROR] [net.minecraft.tags.TagLoader/]: Couldn't load tag forge:large_predators as it is missing following references: medievalembroidery:griffin (from Medieval_Embroidery-1.20.1-0.7.5.jar)
[13Sep2025 21:39:42.034] [Worker-Main-2/ERROR] [net.minecraft.tags.TagLoader/]: Couldn't load tag forge:predators as it is missing following references: #forge:large_predators (from Medieval_Embroidery-1.20.1-0.7.5.jar)
[13Sep2025 21:39:42.034] [Worker-Main-2/ERROR] [net.minecraft.tags.TagLoader/]: Couldn't load tag minecraft:powder_snow_walkable_mobs as it is missing following references: medievalembroidery:griffin (from Medieval_Embroidery-1.20.1-0.7.5.jar)
[13Sep2025 21:39:42.070] [Worker-Main-1/ERROR] [net.minecraft.tags.TagLoader/]: Couldn't load tag farmers_structures:is_quark_glimer_spawn as it is missing following references: quark:glimmering_weald (from FarmersStructures-1.0.3-1.20.jar)
[13Sep2025 21:39:42.091] [Worker-Main-3/ERROR] [net.minecraft.tags.TagLoader/]: Couldn't load tag unusual_furniture:card as it is missing following references: create_furniture:blank_ticket (from unusual_furniture-1.1.1-forge-1.20.1.jar), 
	create_furniture:blank_card (from unusual_furniture-1.1.1-forge-1.20.1.jar)
[13Sep2025 21:39:42.172] [Worker-Main-2/ERROR] [net.minecraft.tags.TagLoader/]: Couldn't load tag create:non_movable as it is missing following references: unusual_furniture:industrial_bench (from unusual_furniture-1.1.1-forge-1.20.1.jar)
[13Sep2025 21:39:42.173] [Worker-Main-2/ERROR] [net.minecraft.tags.TagLoader/]: Couldn't load tag create:seats as it is missing following references: unusual_furniture:industrial_bench (from unusual_furniture-1.1.1-forge-1.20.1.jar)
[13Sep2025 21:39:42.179] [Worker-Main-2/ERROR] [net.minecraft.tags.TagLoader/]: Couldn't load tag forge:sit_tag as it is missing following references: unusual_furniture:industrial_bench (from unusual_furniture-1.1.1-forge-1.20.1.jar)
[13Sep2025 21:39:42.442] [Worker-Main-2/INFO] [Antique Atlas/]: Found structure piece config: minecraft:atlas/structures/village/desert/desert_lamp_1.json
[13Sep2025 21:39:42.442] [Worker-Main-2/INFO] [Antique Atlas/]: Found structure piece config: minecraft:atlas/structures/village/desert/houses/desert_animal_pen_1.json
[13Sep2025 21:39:42.443] [Worker-Main-2/INFO] [Antique Atlas/]: Found structure piece config: minecraft:atlas/structures/village/desert/houses/desert_animal_pen_2.json
[13Sep2025 21:39:42.443] [Worker-Main-2/INFO] [Antique Atlas/]: Found structure piece config: minecraft:atlas/structures/village/desert/houses/desert_armorer_1.json
[13Sep2025 21:39:42.443] [Worker-Main-2/INFO] [Antique Atlas/]: Found structure piece config: minecraft:atlas/structures/village/desert/houses/desert_butcher_shop_1.json
[13Sep2025 21:39:42.443] [Worker-Main-2/INFO] [Antique Atlas/]: Found structure piece config: minecraft:atlas/structures/village/desert/houses/desert_cartographer_house_1.json
[13Sep2025 21:39:42.444] [Worker-Main-2/INFO] [Antique Atlas/]: Found structure piece config: minecraft:atlas/structures/village/desert/houses/desert_farm_1.json
[13Sep2025 21:39:42.444] [Worker-Main-2/INFO] [Antique Atlas/]: Found structure piece config: minecraft:atlas/structures/village/desert/houses/desert_farm_2.json
[13Sep2025 21:39:42.444] [Worker-Main-2/INFO] [Antique Atlas/]: Found structure piece config: minecraft:atlas/structures/village/desert/houses/desert_fisher_1.json
[13Sep2025 21:39:42.445] [Worker-Main-2/INFO] [Antique Atlas/]: Found structure piece config: minecraft:atlas/structures/village/desert/houses/desert_fletcher_house_1.json
[13Sep2025 21:39:42.445] [Worker-Main-2/INFO] [Antique Atlas/]: Found structure piece config: minecraft:atlas/structures/village/desert/houses/desert_large_farm_1.json
[13Sep2025 21:39:42.446] [Worker-Main-2/INFO] [Antique Atlas/]: Found structure piece config: minecraft:atlas/structures/village/desert/houses/desert_library_1.json
[13Sep2025 21:39:42.446] [Worker-Main-2/INFO] [Antique Atlas/]: Found structure piece config: minecraft:atlas/structures/village/desert/houses/desert_mason_1.json
[13Sep2025 21:39:42.446] [Worker-Main-2/INFO] [Antique Atlas/]: Found structure piece config: minecraft:atlas/structures/village/desert/houses/desert_medium_house_1.json
[13Sep2025 21:39:42.447] [Worker-Main-2/INFO] [Antique Atlas/]: Found structure piece config: minecraft:atlas/structures/village/desert/houses/desert_medium_house_2.json
[13Sep2025 21:39:42.447] [Worker-Main-2/INFO] [Antique Atlas/]: Found structure piece config: minecraft:atlas/structures/village/desert/houses/desert_shepherd_house_1.json
[13Sep2025 21:39:42.447] [Worker-Main-2/INFO] [Antique Atlas/]: Found structure piece config: minecraft:atlas/structures/village/desert/houses/desert_small_house_1.json
[13Sep2025 21:39:42.448] [Worker-Main-2/INFO] [Antique Atlas/]: Found structure piece config: minecraft:atlas/structures/village/desert/houses/desert_small_house_2.json
[13Sep2025 21:39:42.448] [Worker-Main-2/INFO] [Antique Atlas/]: Found structure piece config: minecraft:atlas/structures/village/desert/houses/desert_small_house_3.json
[13Sep2025 21:39:42.448] [Worker-Main-2/INFO] [Antique Atlas/]: Found structure piece config: minecraft:atlas/structures/village/desert/houses/desert_small_house_4.json
[13Sep2025 21:39:42.450] [Worker-Main-2/INFO] [Antique Atlas/]: Found structure piece config: minecraft:atlas/structures/village/desert/houses/desert_small_house_5.json
[13Sep2025 21:39:42.451] [Worker-Main-2/INFO] [Antique Atlas/]: Found structure piece config: minecraft:atlas/structures/village/desert/houses/desert_small_house_6.json
[13Sep2025 21:39:42.451] [Worker-Main-2/INFO] [Antique Atlas/]: Found structure piece config: minecraft:atlas/structures/village/desert/houses/desert_small_house_7.json
[13Sep2025 21:39:42.451] [Worker-Main-2/INFO] [Antique Atlas/]: Found structure piece config: minecraft:atlas/structures/village/desert/houses/desert_small_house_8.json
[13Sep2025 21:39:42.451] [Worker-Main-2/INFO] [Antique Atlas/]: Found structure piece config: minecraft:atlas/structures/village/desert/houses/desert_tannery_1.json
[13Sep2025 21:39:42.451] [Worker-Main-2/INFO] [Antique Atlas/]: Found structure piece config: minecraft:atlas/structures/village/desert/houses/desert_temple_1.json
[13Sep2025 21:39:42.451] [Worker-Main-2/INFO] [Antique Atlas/]: Found structure piece config: minecraft:atlas/structures/village/desert/houses/desert_temple_2.json
[13Sep2025 21:39:42.452] [Worker-Main-2/INFO] [Antique Atlas/]: Found structure piece config: minecraft:atlas/structures/village/desert/houses/desert_tool_smith_1.json
[13Sep2025 21:39:42.452] [Worker-Main-2/INFO] [Antique Atlas/]: Found structure piece config: minecraft:atlas/structures/village/desert/houses/desert_weaponsmith_1.json
[13Sep2025 21:39:42.452] [Worker-Main-2/INFO] [Antique Atlas/]: Found structure piece config: minecraft:atlas/structures/village/desert/streets/corner_01.json
[13Sep2025 21:39:42.453] [Worker-Main-2/INFO] [Antique Atlas/]: Found structure piece config: minecraft:atlas/structures/village/desert/streets/corner_02.json
[13Sep2025 21:39:42.453] [Worker-Main-2/INFO] [Antique Atlas/]: Found structure piece config: minecraft:atlas/structures/village/desert/streets/crossroad_01.json
[13Sep2025 21:39:42.454] [Worker-Main-2/INFO] [Antique Atlas/]: Found structure piece config: minecraft:atlas/structures/village/desert/streets/crossroad_02.json
[13Sep2025 21:39:42.454] [Worker-Main-2/INFO] [Antique Atlas/]: Found structure piece config: minecraft:atlas/structures/village/desert/streets/crossroad_03.json
[13Sep2025 21:39:42.457] [Worker-Main-2/INFO] [Antique Atlas/]: Found structure piece config: minecraft:atlas/structures/village/desert/streets/square_01.json
[13Sep2025 21:39:42.457] [Worker-Main-2/INFO] [Antique Atlas/]: Found structure piece config: minecraft:atlas/structures/village/desert/streets/square_02.json
[13Sep2025 21:39:42.458] [Worker-Main-2/INFO] [Antique Atlas/]: Found structure piece config: minecraft:atlas/structures/village/desert/streets/straight_01.json
[13Sep2025 21:39:42.458] [Worker-Main-2/INFO] [Antique Atlas/]: Found structure piece config: minecraft:atlas/structures/village/desert/streets/straight_02.json
[13Sep2025 21:39:42.458] [Worker-Main-2/INFO] [Antique Atlas/]: Found structure piece config: minecraft:atlas/structures/village/desert/streets/straight_03.json
[13Sep2025 21:39:42.459] [Worker-Main-2/INFO] [Antique Atlas/]: Found structure piece config: minecraft:atlas/structures/village/desert/streets/turn_01.json
[13Sep2025 21:39:42.459] [Worker-Main-2/INFO] [Antique Atlas/]: Found structure piece config: minecraft:atlas/structures/village/desert/town_centers/desert_meeting_point_1.json
[13Sep2025 21:39:42.459] [Worker-Main-2/INFO] [Antique Atlas/]: Found structure piece config: minecraft:atlas/structures/village/desert/town_centers/desert_meeting_point_2.json
[13Sep2025 21:39:42.460] [Worker-Main-2/INFO] [Antique Atlas/]: Found structure piece config: minecraft:atlas/structures/village/desert/town_centers/desert_meeting_point_3.json
[13Sep2025 21:39:42.462] [Worker-Main-2/INFO] [Antique Atlas/]: Found structure piece config: minecraft:atlas/structures/village/desert/zombie/houses/desert_medium_house_1.json
[13Sep2025 21:39:42.462] [Worker-Main-2/INFO] [Antique Atlas/]: Found structure piece config: minecraft:atlas/structures/village/desert/zombie/houses/desert_medium_house_2.json
[13Sep2025 21:39:42.463] [Worker-Main-2/INFO] [Antique Atlas/]: Found structure piece config: minecraft:atlas/structures/village/desert/zombie/houses/desert_small_house_1.json
[13Sep2025 21:39:42.463] [Worker-Main-2/INFO] [Antique Atlas/]: Found structure piece config: minecraft:atlas/structures/village/desert/zombie/houses/desert_small_house_2.json
[13Sep2025 21:39:42.463] [Worker-Main-2/INFO] [Antique Atlas/]: Found structure piece config: minecraft:atlas/structures/village/desert/zombie/houses/desert_small_house_3.json
[13Sep2025 21:39:42.464] [Worker-Main-2/INFO] [Antique Atlas/]: Found structure piece config: minecraft:atlas/structures/village/desert/zombie/houses/desert_small_house_4.json
[13Sep2025 21:39:42.464] [Worker-Main-2/INFO] [Antique Atlas/]: Found structure piece config: minecraft:atlas/structures/village/desert/zombie/houses/desert_small_house_5.json
[13Sep2025 21:39:42.464] [Worker-Main-2/INFO] [Antique Atlas/]: Found structure piece config: minecraft:atlas/structures/village/desert/zombie/houses/desert_small_house_6.json
[13Sep2025 21:39:42.465] [Worker-Main-2/INFO] [Antique Atlas/]: Found structure piece config: minecraft:atlas/structures/village/desert/zombie/houses/desert_small_house_7.json
[13Sep2025 21:39:42.465] [Worker-Main-2/INFO] [Antique Atlas/]: Found structure piece config: minecraft:atlas/structures/village/desert/zombie/houses/desert_small_house_8.json
[13Sep2025 21:39:42.465] [Worker-Main-2/INFO] [Antique Atlas/]: Found structure piece config: minecraft:atlas/structures/village/desert/zombie/streets/corner_01.json
[13Sep2025 21:39:42.466] [Worker-Main-2/INFO] [Antique Atlas/]: Found structure piece config: minecraft:atlas/structures/village/desert/zombie/streets/corner_02.json
[13Sep2025 21:39:42.466] [Worker-Main-2/INFO] [Antique Atlas/]: Found structure piece config: minecraft:atlas/structures/village/desert/zombie/streets/crossroad_01.json
[13Sep2025 21:39:42.466] [Worker-Main-2/INFO] [Antique Atlas/]: Found structure piece config: minecraft:atlas/structures/village/desert/zombie/streets/crossroad_02.json
[13Sep2025 21:39:42.467] [Worker-Main-2/INFO] [Antique Atlas/]: Found structure piece config: minecraft:atlas/structures/village/desert/zombie/streets/crossroad_03.json
[13Sep2025 21:39:42.467] [Worker-Main-2/INFO] [Antique Atlas/]: Found structure piece config: minecraft:atlas/structures/village/desert/zombie/streets/square_01.json
[13Sep2025 21:39:42.468] [Worker-Main-2/INFO] [Antique Atlas/]: Found structure piece config: minecraft:atlas/structures/village/desert/zombie/streets/square_02.json
[13Sep2025 21:39:42.471] [Worker-Main-2/INFO] [Antique Atlas/]: Found structure piece config: minecraft:atlas/structures/village/desert/zombie/streets/straight_01.json
[13Sep2025 21:39:42.471] [Worker-Main-2/INFO] [Antique Atlas/]: Found structure piece config: minecraft:atlas/structures/village/desert/zombie/streets/straight_02.json
[13Sep2025 21:39:42.471] [Worker-Main-2/INFO] [Antique Atlas/]: Found structure piece config: minecraft:atlas/structures/village/desert/zombie/streets/straight_03.json
[13Sep2025 21:39:42.472] [Worker-Main-2/INFO] [Antique Atlas/]: Found structure piece config: minecraft:atlas/structures/village/desert/zombie/streets/turn_01.json
[13Sep2025 21:39:42.472] [Worker-Main-2/INFO] [Antique Atlas/]: Found structure piece config: minecraft:atlas/structures/village/desert/zombie/town_centers/desert_meeting_point_1.json
[13Sep2025 21:39:42.472] [Worker-Main-2/INFO] [Antique Atlas/]: Found structure piece config: minecraft:atlas/structures/village/desert/zombie/town_centers/desert_meeting_point_2.json
[13Sep2025 21:39:42.473] [Worker-Main-2/INFO] [Antique Atlas/]: Found structure piece config: minecraft:atlas/structures/village/desert/zombie/town_centers/desert_meeting_point_3.json
[13Sep2025 21:39:42.473] [Worker-Main-2/INFO] [Antique Atlas/]: Found structure piece config: minecraft:atlas/structures/village/plains/houses/plains_accessory_1.json
[13Sep2025 21:39:42.473] [Worker-Main-2/INFO] [Antique Atlas/]: Found structure piece config: minecraft:atlas/structures/village/plains/houses/plains_animal_pen_1.json
[13Sep2025 21:39:42.474] [Worker-Main-2/INFO] [Antique Atlas/]: Found structure piece config: minecraft:atlas/structures/village/plains/houses/plains_animal_pen_2.json
[13Sep2025 21:39:42.474] [Worker-Main-2/INFO] [Antique Atlas/]: Found structure piece config: minecraft:atlas/structures/village/plains/houses/plains_animal_pen_3.json
[13Sep2025 21:39:42.476] [Worker-Main-2/INFO] [Antique Atlas/]: Found structure piece config: minecraft:atlas/structures/village/plains/houses/plains_armorer_house_1.json
[13Sep2025 21:39:42.476] [Worker-Main-2/INFO] [Antique Atlas/]: Found structure piece config: minecraft:atlas/structures/village/plains/houses/plains_big_house_1.json
[13Sep2025 21:39:42.477] [Worker-Main-2/INFO] [Antique Atlas/]: Found structure piece config: minecraft:atlas/structures/village/plains/houses/plains_butcher_shop_1.json
[13Sep2025 21:39:42.478] [Worker-Main-2/INFO] [Antique Atlas/]: Found structure piece config: minecraft:atlas/structures/village/plains/houses/plains_butcher_shop_2.json
[13Sep2025 21:39:42.478] [Worker-Main-2/INFO] [Antique Atlas/]: Found structure piece config: minecraft:atlas/structures/village/plains/houses/plains_cartographer_1.json
[13Sep2025 21:39:42.479] [Worker-Main-2/INFO] [Antique Atlas/]: Found structure piece config: minecraft:atlas/structures/village/plains/houses/plains_fisher_cottage_1.json
[13Sep2025 21:39:42.479] [Worker-Main-2/INFO] [Antique Atlas/]: Found structure piece config: minecraft:atlas/structures/village/plains/houses/plains_fletcher_house_1.json
[13Sep2025 21:39:42.480] [Worker-Main-2/INFO] [Antique Atlas/]: Found structure piece config: minecraft:atlas/structures/village/plains/houses/plains_large_farm_1.json
[13Sep2025 21:39:42.480] [Worker-Main-2/INFO] [Antique Atlas/]: Found structure piece config: minecraft:atlas/structures/village/plains/houses/plains_library_1.json
[13Sep2025 21:39:42.481] [Worker-Main-2/INFO] [Antique Atlas/]: Found structure piece config: minecraft:atlas/structures/village/plains/houses/plains_library_2.json
[13Sep2025 21:39:42.482] [Worker-Main-2/INFO] [Antique Atlas/]: Found structure piece config: minecraft:atlas/structures/village/plains/houses/plains_masons_house_1.json
[13Sep2025 21:39:42.482] [Worker-Main-2/INFO] [Antique Atlas/]: Found structure piece config: minecraft:atlas/structures/village/plains/houses/plains_medium_house_1.json
[13Sep2025 21:39:42.483] [Worker-Main-2/INFO] [Antique Atlas/]: Found structure piece config: minecraft:atlas/structures/village/plains/houses/plains_medium_house_2.json
[13Sep2025 21:39:42.484] [Worker-Main-2/INFO] [Antique Atlas/]: Found structure piece config: minecraft:atlas/structures/village/plains/houses/plains_meeting_point_4.json
[13Sep2025 21:39:42.485] [Worker-Main-3/DEBUG] [mixin/]: Mixing LootContextParamSetsAccess from treechop.mixins.json into net.minecraft.world.level.storage.loot.parameters.LootContextParamSets
[13Sep2025 21:39:42.485] [Worker-Main-3/DEBUG] [mixin/]: Renaming @Invoker method callRegister(Ljava/lang/String;Ljava/util/function/Consumer;)Lnet/minecraft/world/level/storage/loot/parameters/LootContextParamSet; to callRegister_$md$089065$0 in treechop.mixins.json:LootContextParamSetsAccess
[13Sep2025 21:39:42.484] [Worker-Main-2/INFO] [Antique Atlas/]: Found structure piece config: minecraft:atlas/structures/village/plains/houses/plains_meeting_point_5.json
[13Sep2025 21:39:42.485] [Worker-Main-2/INFO] [Antique Atlas/]: Found structure piece config: minecraft:atlas/structures/village/plains/houses/plains_shepherds_house_1.json
[13Sep2025 21:39:42.485] [Worker-Main-2/INFO] [Antique Atlas/]: Found structure piece config: minecraft:atlas/structures/village/plains/houses/plains_small_farm_1.json
[13Sep2025 21:39:42.486] [Worker-Main-2/INFO] [Antique Atlas/]: Found structure piece config: minecraft:atlas/structures/village/plains/houses/plains_small_house_1.json
[13Sep2025 21:39:42.487] [Worker-Main-2/INFO] [Antique Atlas/]: Found structure piece config: minecraft:atlas/structures/village/plains/houses/plains_small_house_2.json
[13Sep2025 21:39:42.487] [Worker-Main-2/INFO] [Antique Atlas/]: Found structure piece config: minecraft:atlas/structures/village/plains/houses/plains_small_house_3.json
[13Sep2025 21:39:42.488] [Worker-Main-2/INFO] [Antique Atlas/]: Found structure piece config: minecraft:atlas/structures/village/plains/houses/plains_small_house_4.json
[13Sep2025 21:39:42.488] [Worker-Main-2/INFO] [Antique Atlas/]: Found structure piece config: minecraft:atlas/structures/village/plains/houses/plains_small_house_5.json
[13Sep2025 21:39:42.488] [Worker-Main-2/INFO] [Antique Atlas/]: Found structure piece config: minecraft:atlas/structures/village/plains/houses/plains_small_house_6.json
[13Sep2025 21:39:42.488] [Worker-Main-2/INFO] [Antique Atlas/]: Found structure piece config: minecraft:atlas/structures/village/plains/houses/plains_small_house_7.json
[13Sep2025 21:39:42.488] [Worker-Main-2/INFO] [Antique Atlas/]: Found structure piece config: minecraft:atlas/structures/village/plains/houses/plains_small_house_8.json
[13Sep2025 21:39:42.489] [Worker-Main-2/INFO] [Antique Atlas/]: Found structure piece config: minecraft:atlas/structures/village/plains/houses/plains_stable_1.json
[13Sep2025 21:39:42.489] [Worker-Main-2/INFO] [Antique Atlas/]: Found structure piece config: minecraft:atlas/structures/village/plains/houses/plains_stable_2.json
[13Sep2025 21:39:42.489] [Worker-Main-2/INFO] [Antique Atlas/]: Found structure piece config: minecraft:atlas/structures/village/plains/houses/plains_tannery_1.json
[13Sep2025 21:39:42.489] [Worker-Main-2/INFO] [Antique Atlas/]: Found structure piece config: minecraft:atlas/structures/village/plains/houses/plains_temple_3.json
[13Sep2025 21:39:42.489] [Worker-Main-2/INFO] [Antique Atlas/]: Found structure piece config: minecraft:atlas/structures/village/plains/houses/plains_temple_4.json
[13Sep2025 21:39:42.490] [Worker-Main-2/INFO] [Antique Atlas/]: Found structure piece config: minecraft:atlas/structures/village/plains/houses/plains_tool_smith_1.json
[13Sep2025 21:39:42.490] [Worker-Main-2/INFO] [Antique Atlas/]: Found structure piece config: minecraft:atlas/structures/village/plains/houses/plains_weaponsmith_1.json
[13Sep2025 21:39:42.491] [Worker-Main-2/INFO] [Antique Atlas/]: Found structure piece config: minecraft:atlas/structures/village/plains/plains_lamp_1.json
[13Sep2025 21:39:42.492] [Worker-Main-2/INFO] [Antique Atlas/]: Found structure piece config: minecraft:atlas/structures/village/plains/streets/corner_01.json
[13Sep2025 21:39:42.492] [Worker-Main-2/INFO] [Antique Atlas/]: Found structure piece config: minecraft:atlas/structures/village/plains/streets/corner_02.json
[13Sep2025 21:39:42.492] [Worker-Main-2/INFO] [Antique Atlas/]: Found structure piece config: minecraft:atlas/structures/village/plains/streets/corner_03.json
[13Sep2025 21:39:42.492] [Worker-Main-2/INFO] [Antique Atlas/]: Found structure piece config: minecraft:atlas/structures/village/plains/streets/crossroad_01.json
[13Sep2025 21:39:42.492] [Worker-Main-2/INFO] [Antique Atlas/]: Found structure piece config: minecraft:atlas/structures/village/plains/streets/crossroad_02.json
[13Sep2025 21:39:42.493] [Worker-Main-2/INFO] [Antique Atlas/]: Found structure piece config: minecraft:atlas/structures/village/plains/streets/crossroad_03.json
[13Sep2025 21:39:42.493] [Worker-Main-2/INFO] [Antique Atlas/]: Found structure piece config: minecraft:atlas/structures/village/plains/streets/crossroad_04.json
[13Sep2025 21:39:42.493] [Worker-Main-2/INFO] [Antique Atlas/]: Found structure piece config: minecraft:atlas/structures/village/plains/streets/crossroad_05.json
[13Sep2025 21:39:42.493] [Worker-Main-2/INFO] [Antique Atlas/]: Found structure piece config: minecraft:atlas/structures/village/plains/streets/crossroad_06.json
[13Sep2025 21:39:42.493] [Worker-Main-2/INFO] [Antique Atlas/]: Found structure piece config: minecraft:atlas/structures/village/plains/streets/straight_01.json
[13Sep2025 21:39:42.493] [Worker-Main-2/INFO] [Antique Atlas/]: Found structure piece config: minecraft:atlas/structures/village/plains/streets/straight_02.json
[13Sep2025 21:39:42.493] [Worker-Main-2/INFO] [Antique Atlas/]: Found structure piece config: minecraft:atlas/structures/village/plains/streets/straight_03.json
[13Sep2025 21:39:42.494] [Worker-Main-2/INFO] [Antique Atlas/]: Found structure piece config: minecraft:atlas/structures/village/plains/streets/straight_04.json
[13Sep2025 21:39:42.494] [Worker-Main-2/INFO] [Antique Atlas/]: Found structure piece config: minecraft:atlas/structures/village/plains/streets/straight_05.json
[13Sep2025 21:39:42.494] [Worker-Main-2/INFO] [Antique Atlas/]: Found structure piece config: minecraft:atlas/structures/village/plains/streets/straight_06.json
[13Sep2025 21:39:42.494] [Worker-Main-2/INFO] [Antique Atlas/]: Found structure piece config: minecraft:atlas/structures/village/plains/streets/turn_01.json
[13Sep2025 21:39:42.494] [Worker-Main-2/INFO] [Antique Atlas/]: Found structure piece config: minecraft:atlas/structures/village/plains/town_centers/plains_fountain_01.json
[13Sep2025 21:39:42.494] [Worker-Main-2/INFO] [Antique Atlas/]: Found structure piece config: minecraft:atlas/structures/village/plains/town_centers/plains_meeting_point_1.json
[13Sep2025 21:39:42.494] [Worker-Main-2/INFO] [Antique Atlas/]: Found structure piece config: minecraft:atlas/structures/village/plains/town_centers/plains_meeting_point_2.json
[13Sep2025 21:39:42.495] [Worker-Main-2/INFO] [Antique Atlas/]: Found structure piece config: minecraft:atlas/structures/village/plains/town_centers/plains_meeting_point_3.json
[13Sep2025 21:39:42.495] [Worker-Main-2/INFO] [Antique Atlas/]: Found structure piece config: minecraft:atlas/structures/village/plains/zombie/houses/plains_animal_pen_3.json
[13Sep2025 21:39:42.495] [Worker-Main-2/INFO] [Antique Atlas/]: Found structure piece config: minecraft:atlas/structures/village/plains/zombie/houses/plains_big_house_1.json
[13Sep2025 21:39:42.495] [Worker-Main-2/INFO] [Antique Atlas/]: Found structure piece config: minecraft:atlas/structures/village/plains/zombie/houses/plains_butcher_shop_2.json
[13Sep2025 21:39:42.495] [Worker-Main-2/INFO] [Antique Atlas/]: Found structure piece config: minecraft:atlas/structures/village/plains/zombie/houses/plains_fletcher_house_1.json
[13Sep2025 21:39:42.495] [Worker-Main-2/INFO] [Antique Atlas/]: Found structure piece config: minecraft:atlas/structures/village/plains/zombie/houses/plains_medium_house_1.json
[13Sep2025 21:39:42.495] [Worker-Main-2/INFO] [Antique Atlas/]: Found structure piece config: minecraft:atlas/structures/village/plains/zombie/houses/plains_medium_house_2.json
[13Sep2025 21:39:42.496] [Worker-Main-2/INFO] [Antique Atlas/]: Found structure piece config: minecraft:atlas/structures/village/plains/zombie/houses/plains_meeting_point_4.json
[13Sep2025 21:39:42.496] [Worker-Main-2/INFO] [Antique Atlas/]: Found structure piece config: minecraft:atlas/structures/village/plains/zombie/houses/plains_meeting_point_5.json
[13Sep2025 21:39:42.496] [Worker-Main-2/INFO] [Antique Atlas/]: Found structure piece config: minecraft:atlas/structures/village/plains/zombie/houses/plains_shepherds_house_1.json
[13Sep2025 21:39:42.496] [Worker-Main-2/INFO] [Antique Atlas/]: Found structure piece config: minecraft:atlas/structures/village/plains/zombie/houses/plains_small_house_1.json
[13Sep2025 21:39:42.496] [Worker-Main-2/INFO] [Antique Atlas/]: Found structure piece config: minecraft:atlas/structures/village/plains/zombie/houses/plains_small_house_2.json
[13Sep2025 21:39:42.496] [Worker-Main-2/INFO] [Antique Atlas/]: Found structure piece config: minecraft:atlas/structures/village/plains/zombie/houses/plains_small_house_3.json
[13Sep2025 21:39:42.496] [Worker-Main-2/INFO] [Antique Atlas/]: Found structure piece config: minecraft:atlas/structures/village/plains/zombie/houses/plains_small_house_4.json
[13Sep2025 21:39:42.497] [Worker-Main-2/INFO] [Antique Atlas/]: Found structure piece config: minecraft:atlas/structures/village/plains/zombie/houses/plains_small_house_5.json
[13Sep2025 21:39:42.497] [Worker-Main-2/INFO] [Antique Atlas/]: Found structure piece config: minecraft:atlas/structures/village/plains/zombie/houses/plains_small_house_6.json
[13Sep2025 21:39:42.497] [Worker-Main-2/INFO] [Antique Atlas/]: Found structure piece config: minecraft:atlas/structures/village/plains/zombie/houses/plains_small_house_7.json
[13Sep2025 21:39:42.497] [Worker-Main-2/INFO] [Antique Atlas/]: Found structure piece config: minecraft:atlas/structures/village/plains/zombie/houses/plains_small_house_8.json
[13Sep2025 21:39:42.497] [Worker-Main-2/INFO] [Antique Atlas/]: Found structure piece config: minecraft:atlas/structures/village/plains/zombie/houses/plains_stable_1.json
[13Sep2025 21:39:42.497] [Worker-Main-2/INFO] [Antique Atlas/]: Found structure piece config: minecraft:atlas/structures/village/plains/zombie/streets/corner_01.json
[13Sep2025 21:39:42.497] [Worker-Main-2/INFO] [Antique Atlas/]: Found structure piece config: minecraft:atlas/structures/village/plains/zombie/streets/corner_02.json
[13Sep2025 21:39:42.498] [Worker-Main-2/INFO] [Antique Atlas/]: Found structure piece config: minecraft:atlas/structures/village/plains/zombie/streets/corner_03.json
[13Sep2025 21:39:42.498] [Worker-Main-2/INFO] [Antique Atlas/]: Found structure piece config: minecraft:atlas/structures/village/plains/zombie/streets/crossroad_01.json
[13Sep2025 21:39:42.498] [Worker-Main-2/INFO] [Antique Atlas/]: Found structure piece config: minecraft:atlas/structures/village/plains/zombie/streets/crossroad_02.json
[13Sep2025 21:39:42.498] [Worker-Main-2/INFO] [Antique Atlas/]: Found structure piece config: minecraft:atlas/structures/village/plains/zombie/streets/crossroad_03.json
[13Sep2025 21:39:42.498] [Worker-Main-2/INFO] [Antique Atlas/]: Found structure piece config: minecraft:atlas/structures/village/plains/zombie/streets/crossroad_04.json
[13Sep2025 21:39:42.498] [Worker-Main-2/INFO] [Antique Atlas/]: Found structure piece config: minecraft:atlas/structures/village/plains/zombie/streets/crossroad_05.json
[13Sep2025 21:39:42.498] [Worker-Main-2/INFO] [Antique Atlas/]: Found structure piece config: minecraft:atlas/structures/village/plains/zombie/streets/crossroad_06.json
[13Sep2025 21:39:42.499] [Worker-Main-2/INFO] [Antique Atlas/]: Found structure piece config: minecraft:atlas/structures/village/plains/zombie/streets/straight_01.json
[13Sep2025 21:39:42.499] [Worker-Main-2/INFO] [Antique Atlas/]: Found structure piece config: minecraft:atlas/structures/village/plains/zombie/streets/straight_02.json
[13Sep2025 21:39:42.499] [Worker-Main-2/INFO] [Antique Atlas/]: Found structure piece config: minecraft:atlas/structures/village/plains/zombie/streets/straight_03.json
[13Sep2025 21:39:42.499] [Worker-Main-2/INFO] [Antique Atlas/]: Found structure piece config: minecraft:atlas/structures/village/plains/zombie/streets/straight_04.json
[13Sep2025 21:39:42.499] [Worker-Main-2/INFO] [Antique Atlas/]: Found structure piece config: minecraft:atlas/structures/village/plains/zombie/streets/straight_05.json
[13Sep2025 21:39:42.499] [Worker-Main-2/INFO] [Antique Atlas/]: Found structure piece config: minecraft:atlas/structures/village/plains/zombie/streets/straight_06.json
[13Sep2025 21:39:42.499] [Worker-Main-2/INFO] [Antique Atlas/]: Found structure piece config: minecraft:atlas/structures/village/plains/zombie/streets/turn_01.json
[13Sep2025 21:39:42.500] [Worker-Main-2/INFO] [Antique Atlas/]: Found structure piece config: minecraft:atlas/structures/village/plains/zombie/town_centers/plains_fountain_01.json
[13Sep2025 21:39:42.500] [Worker-Main-2/INFO] [Antique Atlas/]: Found structure piece config: minecraft:atlas/structures/village/plains/zombie/town_centers/plains_meeting_point_1.json
[13Sep2025 21:39:42.500] [Worker-Main-2/INFO] [Antique Atlas/]: Found structure piece config: minecraft:atlas/structures/village/plains/zombie/town_centers/plains_meeting_point_2.json
[13Sep2025 21:39:42.500] [Worker-Main-2/INFO] [Antique Atlas/]: Found structure piece config: minecraft:atlas/structures/village/plains/zombie/town_centers/plains_meeting_point_3.json
[13Sep2025 21:39:42.500] [Worker-Main-2/INFO] [Antique Atlas/]: Found structure piece config: minecraft:atlas/structures/village/savanna/houses/savanna_animal_pen_1.json
[13Sep2025 21:39:42.500] [Worker-Main-2/INFO] [Antique Atlas/]: Found structure piece config: minecraft:atlas/structures/village/savanna/houses/savanna_animal_pen_2.json
[13Sep2025 21:39:42.500] [Worker-Main-2/INFO] [Antique Atlas/]: Found structure piece config: minecraft:atlas/structures/village/savanna/houses/savanna_animal_pen_3.json
[13Sep2025 21:39:42.500] [Worker-Main-2/INFO] [Antique Atlas/]: Found structure piece config: minecraft:atlas/structures/village/savanna/houses/savanna_armorer_1.json
[13Sep2025 21:39:42.501] [Worker-Main-2/INFO] [Antique Atlas/]: Found structure piece config: minecraft:atlas/structures/village/savanna/houses/savanna_butchers_shop_1.json
[13Sep2025 21:39:42.501] [Worker-Main-2/INFO] [Antique Atlas/]: Found structure piece config: minecraft:atlas/structures/village/savanna/houses/savanna_butchers_shop_2.json
[13Sep2025 21:39:42.506] [Worker-Main-2/INFO] [Antique Atlas/]: Found structure piece config: minecraft:atlas/structures/village/savanna/houses/savanna_cartographer_1.json
[13Sep2025 21:39:42.506] [Worker-Main-2/INFO] [Antique Atlas/]: Found structure piece config: minecraft:atlas/structures/village/savanna/houses/savanna_fisher_cottage_1.json
[13Sep2025 21:39:42.506] [Worker-Main-2/INFO] [Antique Atlas/]: Found structure piece config: minecraft:atlas/structures/village/savanna/houses/savanna_fletcher_house_1.json
[13Sep2025 21:39:42.506] [Worker-Main-2/INFO] [Antique Atlas/]: Found structure piece config: minecraft:atlas/structures/village/savanna/houses/savanna_large_farm_1.json
[13Sep2025 21:39:42.506] [Worker-Main-2/INFO] [Antique Atlas/]: Found structure piece config: minecraft:atlas/structures/village/savanna/houses/savanna_large_farm_2.json
[13Sep2025 21:39:42.507] [Worker-Main-2/INFO] [Antique Atlas/]: Found structure piece config: minecraft:atlas/structures/village/savanna/houses/savanna_library_1.json
[13Sep2025 21:39:42.507] [Worker-Main-2/INFO] [Antique Atlas/]: Found structure piece config: minecraft:atlas/structures/village/savanna/houses/savanna_mason_1.json
[13Sep2025 21:39:42.507] [Worker-Main-2/INFO] [Antique Atlas/]: Found structure piece config: minecraft:atlas/structures/village/savanna/houses/savanna_medium_house_1.json
[13Sep2025 21:39:42.507] [Worker-Main-2/INFO] [Antique Atlas/]: Found structure piece config: minecraft:atlas/structures/village/savanna/houses/savanna_medium_house_2.json
[13Sep2025 21:39:42.507] [Worker-Main-2/INFO] [Antique Atlas/]: Found structure piece config: minecraft:atlas/structures/village/savanna/houses/savanna_shepherd_1.json
[13Sep2025 21:39:42.507] [Worker-Main-2/INFO] [Antique Atlas/]: Found structure piece config: minecraft:atlas/structures/village/savanna/houses/savanna_small_farm.json
[13Sep2025 21:39:42.508] [Worker-Main-2/INFO] [Antique Atlas/]: Found structure piece config: minecraft:atlas/structures/village/savanna/houses/savanna_small_house_1.json
[13Sep2025 21:39:42.508] [Worker-Main-2/INFO] [Antique Atlas/]: Found structure piece config: minecraft:atlas/structures/village/savanna/houses/savanna_small_house_2.json
[13Sep2025 21:39:42.508] [Worker-Main-2/INFO] [Antique Atlas/]: Found structure piece config: minecraft:atlas/structures/village/savanna/houses/savanna_small_house_3.json
[13Sep2025 21:39:42.508] [Worker-Main-2/INFO] [Antique Atlas/]: Found structure piece config: minecraft:atlas/structures/village/savanna/houses/savanna_small_house_4.json
[13Sep2025 21:39:42.508] [Worker-Main-2/INFO] [Antique Atlas/]: Found structure piece config: minecraft:atlas/structures/village/savanna/houses/savanna_small_house_5.json
[13Sep2025 21:39:42.509] [Worker-Main-2/INFO] [Antique Atlas/]: Found structure piece config: minecraft:atlas/structures/village/savanna/houses/savanna_small_house_6.json
[13Sep2025 21:39:42.509] [Worker-Main-2/INFO] [Antique Atlas/]: Found structure piece config: minecraft:atlas/structures/village/savanna/houses/savanna_small_house_7.json
[13Sep2025 21:39:42.509] [Worker-Main-2/INFO] [Antique Atlas/]: Found structure piece config: minecraft:atlas/structures/village/savanna/houses/savanna_small_house_8.json
[13Sep2025 21:39:42.509] [Worker-Main-2/INFO] [Antique Atlas/]: Found structure piece config: minecraft:atlas/structures/village/savanna/houses/savanna_tannery_1.json
[13Sep2025 21:39:42.509] [Worker-Main-2/INFO] [Antique Atlas/]: Found structure piece config: minecraft:atlas/structures/village/savanna/houses/savanna_temple_1.json
[13Sep2025 21:39:42.509] [Worker-Main-2/INFO] [Antique Atlas/]: Found structure piece config: minecraft:atlas/structures/village/savanna/houses/savanna_temple_2.json
[13Sep2025 21:39:42.510] [Worker-Main-2/INFO] [Antique Atlas/]: Found structure piece config: minecraft:atlas/structures/village/savanna/houses/savanna_tool_smith_1.json
[13Sep2025 21:39:42.512] [Worker-Main-2/INFO] [Antique Atlas/]: Found structure piece config: minecraft:atlas/structures/village/savanna/houses/savanna_weaponsmith_1.json
[13Sep2025 21:39:42.512] [Worker-Main-2/INFO] [Antique Atlas/]: Found structure piece config: minecraft:atlas/structures/village/savanna/houses/savanna_weaponsmith_2.json
[13Sep2025 21:39:42.512] [Worker-Main-2/INFO] [Antique Atlas/]: Found structure piece config: minecraft:atlas/structures/village/savanna/savanna_lamp_post_01.json
[13Sep2025 21:39:42.512] [Worker-Main-2/INFO] [Antique Atlas/]: Found structure piece config: minecraft:atlas/structures/village/savanna/streets/corner_01.json
[13Sep2025 21:39:42.512] [Worker-Main-2/INFO] [Antique Atlas/]: Found structure piece config: minecraft:atlas/structures/village/savanna/streets/corner_03.json
[13Sep2025 21:39:42.513] [Worker-Main-2/INFO] [Antique Atlas/]: Found structure piece config: minecraft:atlas/structures/village/savanna/streets/crossroad_02.json
[13Sep2025 21:39:42.513] [Worker-Main-2/INFO] [Antique Atlas/]: Found structure piece config: minecraft:atlas/structures/village/savanna/streets/crossroad_03.json
[13Sep2025 21:39:42.513] [Worker-Main-2/INFO] [Antique Atlas/]: Found structure piece config: minecraft:atlas/structures/village/savanna/streets/crossroad_04.json
[13Sep2025 21:39:42.513] [Worker-Main-2/INFO] [Antique Atlas/]: Found structure piece config: minecraft:atlas/structures/village/savanna/streets/crossroad_05.json
[13Sep2025 21:39:42.513] [Worker-Main-2/INFO] [Antique Atlas/]: Found structure piece config: minecraft:atlas/structures/village/savanna/streets/crossroad_06.json
[13Sep2025 21:39:42.514] [Worker-Main-2/INFO] [Antique Atlas/]: Found structure piece config: minecraft:atlas/structures/village/savanna/streets/crossroad_07.json
[13Sep2025 21:39:42.516] [Worker-Main-2/INFO] [Antique Atlas/]: Found structure piece config: minecraft:atlas/structures/village/savanna/streets/split_01.json
[13Sep2025 21:39:42.516] [Worker-Main-2/INFO] [Antique Atlas/]: Found structure piece config: minecraft:atlas/structures/village/savanna/streets/split_02.json
[13Sep2025 21:39:42.516] [Worker-Main-2/INFO] [Antique Atlas/]: Found structure piece config: minecraft:atlas/structures/village/savanna/streets/straight_02.json
[13Sep2025 21:39:42.517] [Worker-Main-2/INFO] [Antique Atlas/]: Found structure piece config: minecraft:atlas/structures/village/savanna/streets/straight_04.json
[13Sep2025 21:39:42.517] [Worker-Main-2/INFO] [Antique Atlas/]: Found structure piece config: minecraft:atlas/structures/village/savanna/streets/straight_05.json
[13Sep2025 21:39:42.517] [Worker-Main-2/INFO] [Antique Atlas/]: Found structure piece config: minecraft:atlas/structures/village/savanna/streets/straight_06.json
[13Sep2025 21:39:42.517] [Worker-Main-2/INFO] [Antique Atlas/]: Found structure piece config: minecraft:atlas/structures/village/savanna/streets/straight_08.json
[13Sep2025 21:39:42.517] [Worker-Main-2/INFO] [Antique Atlas/]: Found structure piece config: minecraft:atlas/structures/village/savanna/streets/straight_09.json
[13Sep2025 21:39:42.517] [Worker-Main-2/INFO] [Antique Atlas/]: Found structure piece config: minecraft:atlas/structures/village/savanna/streets/straight_10.json
[13Sep2025 21:39:42.518] [Worker-Main-2/INFO] [Antique Atlas/]: Found structure piece config: minecraft:atlas/structures/village/savanna/streets/straight_11.json
[13Sep2025 21:39:42.518] [Worker-Main-2/INFO] [Antique Atlas/]: Found structure piece config: minecraft:atlas/structures/village/savanna/streets/turn_01.json
[13Sep2025 21:39:42.518] [Worker-Main-2/INFO] [Antique Atlas/]: Found structure piece config: minecraft:atlas/structures/village/savanna/town_centers/savanna_meeting_point_1.json
[13Sep2025 21:39:42.518] [Worker-Main-2/INFO] [Antique Atlas/]: Found structure piece config: minecraft:atlas/structures/village/savanna/town_centers/savanna_meeting_point_2.json
[13Sep2025 21:39:42.518] [Worker-Main-2/INFO] [Antique Atlas/]: Found structure piece config: minecraft:atlas/structures/village/savanna/town_centers/savanna_meeting_point_3.json
[13Sep2025 21:39:42.519] [Worker-Main-2/INFO] [Antique Atlas/]: Found structure piece config: minecraft:atlas/structures/village/savanna/town_centers/savanna_meeting_point_4.json
[13Sep2025 21:39:42.519] [Worker-Main-2/INFO] [Antique Atlas/]: Found structure piece config: minecraft:atlas/structures/village/savanna/zombie/houses/savanna_animal_pen_2.json
[13Sep2025 21:39:42.519] [Worker-Main-2/INFO] [Antique Atlas/]: Found structure piece config: minecraft:atlas/structures/village/savanna/zombie/houses/savanna_animal_pen_3.json
[13Sep2025 21:39:42.522] [Worker-Main-2/INFO] [Antique Atlas/]: Found structure piece config: minecraft:atlas/structures/village/savanna/zombie/houses/savanna_large_farm_2.json
[13Sep2025 21:39:42.522] [Worker-Main-2/INFO] [Antique Atlas/]: Found structure piece config: minecraft:atlas/structures/village/savanna/zombie/houses/savanna_medium_house_1.json
[13Sep2025 21:39:42.522] [Worker-Main-2/INFO] [Antique Atlas/]: Found structure piece config: minecraft:atlas/structures/village/savanna/zombie/houses/savanna_medium_house_2.json
[13Sep2025 21:39:42.522] [Worker-Main-2/INFO] [Antique Atlas/]: Found structure piece config: minecraft:atlas/structures/village/savanna/zombie/houses/savanna_small_house_1.json
[13Sep2025 21:39:42.523] [Worker-Main-2/INFO] [Antique Atlas/]: Found structure piece config: minecraft:atlas/structures/village/savanna/zombie/houses/savanna_small_house_2.json
[13Sep2025 21:39:42.523] [Worker-Main-2/INFO] [Antique Atlas/]: Found structure piece config: minecraft:atlas/structures/village/savanna/zombie/houses/savanna_small_house_3.json
[13Sep2025 21:39:42.523] [Worker-Main-2/INFO] [Antique Atlas/]: Found structure piece config: minecraft:atlas/structures/village/savanna/zombie/houses/savanna_small_house_4.json
[13Sep2025 21:39:42.523] [Worker-Main-2/INFO] [Antique Atlas/]: Found structure piece config: minecraft:atlas/structures/village/savanna/zombie/houses/savanna_small_house_5.json
[13Sep2025 21:39:42.523] [Worker-Main-2/INFO] [Antique Atlas/]: Found structure piece config: minecraft:atlas/structures/village/savanna/zombie/houses/savanna_small_house_6.json
[13Sep2025 21:39:42.523] [Worker-Main-2/INFO] [Antique Atlas/]: Found structure piece config: minecraft:atlas/structures/village/savanna/zombie/houses/savanna_small_house_7.json
[13Sep2025 21:39:42.524] [Worker-Main-2/INFO] [Antique Atlas/]: Found structure piece config: minecraft:atlas/structures/village/savanna/zombie/houses/savanna_small_house_8.json
[13Sep2025 21:39:42.524] [Worker-Main-2/INFO] [Antique Atlas/]: Found structure piece config: minecraft:atlas/structures/village/savanna/zombie/streets/corner_01.json
[13Sep2025 21:39:42.524] [Worker-Main-2/INFO] [Antique Atlas/]: Found structure piece config: minecraft:atlas/structures/village/savanna/zombie/streets/corner_03.json
[13Sep2025 21:39:42.524] [Worker-Main-2/INFO] [Antique Atlas/]: Found structure piece config: minecraft:atlas/structures/village/savanna/zombie/streets/crossroad_02.json
[13Sep2025 21:39:42.524] [Worker-Main-2/INFO] [Antique Atlas/]: Found structure piece config: minecraft:atlas/structures/village/savanna/zombie/streets/crossroad_03.json
[13Sep2025 21:39:42.525] [Worker-Main-2/INFO] [Antique Atlas/]: Found structure piece config: minecraft:atlas/structures/village/savanna/zombie/streets/crossroad_04.json
[13Sep2025 21:39:42.525] [Worker-Main-2/INFO] [Antique Atlas/]: Found structure piece config: minecraft:atlas/structures/village/savanna/zombie/streets/crossroad_05.json
[13Sep2025 21:39:42.525] [Worker-Main-2/INFO] [Antique Atlas/]: Found structure piece config: minecraft:atlas/structures/village/savanna/zombie/streets/crossroad_06.json
[13Sep2025 21:39:42.525] [Worker-Main-2/INFO] [Antique Atlas/]: Found structure piece config: minecraft:atlas/structures/village/savanna/zombie/streets/crossroad_07.json
[13Sep2025 21:39:42.525] [Worker-Main-2/INFO] [Antique Atlas/]: Found structure piece config: minecraft:atlas/structures/village/savanna/zombie/streets/split_01.json
[13Sep2025 21:39:42.525] [Worker-Main-2/INFO] [Antique Atlas/]: Found structure piece config: minecraft:atlas/structures/village/savanna/zombie/streets/split_02.json
[13Sep2025 21:39:42.526] [Worker-Main-2/INFO] [Antique Atlas/]: Found structure piece config: minecraft:atlas/structures/village/savanna/zombie/streets/straight_02.json
[13Sep2025 21:39:42.526] [Worker-Main-2/INFO] [Antique Atlas/]: Found structure piece config: minecraft:atlas/structures/village/savanna/zombie/streets/straight_04.json
[13Sep2025 21:39:42.526] [Worker-Main-2/INFO] [Antique Atlas/]: Found structure piece config: minecraft:atlas/structures/village/savanna/zombie/streets/straight_05.json
[13Sep2025 21:39:42.527] [Worker-Main-2/INFO] [Antique Atlas/]: Found structure piece config: minecraft:atlas/structures/village/savanna/zombie/streets/straight_06.json
[13Sep2025 21:39:42.528] [Worker-Main-2/INFO] [Antique Atlas/]: Found structure piece config: minecraft:atlas/structures/village/savanna/zombie/streets/straight_08.json
[13Sep2025 21:39:42.528] [Worker-Main-2/INFO] [Antique Atlas/]: Found structure piece config: minecraft:atlas/structures/village/savanna/zombie/streets/straight_09.json
[13Sep2025 21:39:42.529] [Worker-Main-2/INFO] [Antique Atlas/]: Found structure piece config: minecraft:atlas/structures/village/savanna/zombie/streets/straight_10.json
[13Sep2025 21:39:42.529] [Worker-Main-2/INFO] [Antique Atlas/]: Found structure piece config: minecraft:atlas/structures/village/savanna/zombie/streets/straight_11.json
[13Sep2025 21:39:42.529] [Worker-Main-2/INFO] [Antique Atlas/]: Found structure piece config: minecraft:atlas/structures/village/savanna/zombie/streets/turn_01.json
[13Sep2025 21:39:42.530] [Worker-Main-2/INFO] [Antique Atlas/]: Found structure piece config: minecraft:atlas/structures/village/savanna/zombie/town_centers/savanna_meeting_point_1.json
[13Sep2025 21:39:42.530] [Worker-Main-2/INFO] [Antique Atlas/]: Found structure piece config: minecraft:atlas/structures/village/savanna/zombie/town_centers/savanna_meeting_point_2.json
[13Sep2025 21:39:42.530] [Worker-Main-2/INFO] [Antique Atlas/]: Found structure piece config: minecraft:atlas/structures/village/savanna/zombie/town_centers/savanna_meeting_point_3.json
[13Sep2025 21:39:42.530] [Worker-Main-2/INFO] [Antique Atlas/]: Found structure piece config: minecraft:atlas/structures/village/savanna/zombie/town_centers/savanna_meeting_point_4.json
[13Sep2025 21:39:42.530] [Worker-Main-2/INFO] [Antique Atlas/]: Found structure piece config: minecraft:atlas/structures/village/snowy/houses/snowy_animal_pen_1.json
[13Sep2025 21:39:42.536] [Worker-Main-2/INFO] [Antique Atlas/]: Found structure piece config: minecraft:atlas/structures/village/snowy/houses/snowy_animal_pen_2.json
[13Sep2025 21:39:42.536] [Worker-Main-2/INFO] [Antique Atlas/]: Found structure piece config: minecraft:atlas/structures/village/snowy/houses/snowy_armorer_house_1.json
[13Sep2025 21:39:42.536] [Worker-Main-2/INFO] [Antique Atlas/]: Found structure piece config: minecraft:atlas/structures/village/snowy/houses/snowy_armorer_house_2.json
[13Sep2025 21:39:42.537] [Worker-Main-2/INFO] [Antique Atlas/]: Found structure piece config: minecraft:atlas/structures/village/snowy/houses/snowy_butchers_shop_1.json
[13Sep2025 21:39:42.537] [Worker-Main-2/INFO] [Antique Atlas/]: Found structure piece config: minecraft:atlas/structures/village/snowy/houses/snowy_butchers_shop_2.json
[13Sep2025 21:39:42.538] [Worker-Main-2/INFO] [Antique Atlas/]: Found structure piece config: minecraft:atlas/structures/village/snowy/houses/snowy_cartographer_house_1.json
[13Sep2025 21:39:42.538] [Worker-Main-2/INFO] [Antique Atlas/]: Found structure piece config: minecraft:atlas/structures/village/snowy/houses/snowy_farm_1.json
[13Sep2025 21:39:42.539] [Worker-Main-2/INFO] [Antique Atlas/]: Found structure piece config: minecraft:atlas/structures/village/snowy/houses/snowy_farm_2.json
[13Sep2025 21:39:42.539] [Worker-Main-2/INFO] [Antique Atlas/]: Found structure piece config: minecraft:atlas/structures/village/snowy/houses/snowy_fisher_cottage.json
[13Sep2025 21:39:42.539] [Worker-Main-2/INFO] [Antique Atlas/]: Found structure piece config: minecraft:atlas/structures/village/snowy/houses/snowy_fletcher_house_1.json
[13Sep2025 21:39:42.539] [Worker-Main-2/INFO] [Antique Atlas/]: Found structure piece config: minecraft:atlas/structures/village/snowy/houses/snowy_library_1.json
[13Sep2025 21:39:42.540] [Worker-Main-2/INFO] [Antique Atlas/]: Found structure piece config: minecraft:atlas/structures/village/snowy/houses/snowy_masons_house_1.json
[13Sep2025 21:39:42.540] [Worker-Main-2/INFO] [Antique Atlas/]: Found structure piece config: minecraft:atlas/structures/village/snowy/houses/snowy_masons_house_2.json
[13Sep2025 21:39:42.540] [Worker-Main-2/INFO] [Antique Atlas/]: Found structure piece config: minecraft:atlas/structures/village/snowy/houses/snowy_medium_house_1.json
[13Sep2025 21:39:42.541] [Worker-Main-2/INFO] [Antique Atlas/]: Found structure piece config: minecraft:atlas/structures/village/snowy/houses/snowy_medium_house_2.json
[13Sep2025 21:39:42.541] [Worker-Main-2/INFO] [Antique Atlas/]: Found structure piece config: minecraft:atlas/structures/village/snowy/houses/snowy_medium_house_3.json
[13Sep2025 21:39:42.541] [Worker-Main-2/INFO] [Antique Atlas/]: Found structure piece config: minecraft:atlas/structures/village/snowy/houses/snowy_shepherds_house_1.json
[13Sep2025 21:39:42.542] [Worker-Main-2/INFO] [Antique Atlas/]: Found structure piece config: minecraft:atlas/structures/village/snowy/houses/snowy_small_house_1.json
[13Sep2025 21:39:42.542] [Worker-Main-2/INFO] [Antique Atlas/]: Found structure piece config: minecraft:atlas/structures/village/snowy/houses/snowy_small_house_2.json
[13Sep2025 21:39:42.543] [Worker-Main-2/INFO] [Antique Atlas/]: Found structure piece config: minecraft:atlas/structures/village/snowy/houses/snowy_small_house_3.json
[13Sep2025 21:39:42.543] [Worker-Main-2/INFO] [Antique Atlas/]: Found structure piece config: minecraft:atlas/structures/village/snowy/houses/snowy_small_house_4.json
[13Sep2025 21:39:42.544] [Worker-Main-2/INFO] [Antique Atlas/]: Found structure piece config: minecraft:atlas/structures/village/snowy/houses/snowy_small_house_5.json
[13Sep2025 21:39:42.544] [Worker-Main-2/INFO] [Antique Atlas/]: Found structure piece config: minecraft:atlas/structures/village/snowy/houses/snowy_small_house_6.json
[13Sep2025 21:39:42.545] [Worker-Main-2/INFO] [Antique Atlas/]: Found structure piece config: minecraft:atlas/structures/village/snowy/houses/snowy_small_house_7.json
[13Sep2025 21:39:42.545] [Worker-Main-2/INFO] [Antique Atlas/]: Found structure piece config: minecraft:atlas/structures/village/snowy/houses/snowy_small_house_8.json
[13Sep2025 21:39:42.546] [Worker-Main-2/INFO] [Antique Atlas/]: Found structure piece config: minecraft:atlas/structures/village/snowy/houses/snowy_tannery_1.json
[13Sep2025 21:39:42.546] [Worker-Main-2/INFO] [Antique Atlas/]: Found structure piece config: minecraft:atlas/structures/village/snowy/houses/snowy_temple_1.json
[13Sep2025 21:39:42.546] [Worker-Main-2/INFO] [Antique Atlas/]: Found structure piece config: minecraft:atlas/structures/village/snowy/houses/snowy_tool_smith_1.json
[13Sep2025 21:39:42.547] [Worker-Main-2/INFO] [Antique Atlas/]: Found structure piece config: minecraft:atlas/structures/village/snowy/houses/snowy_weapon_smith_1.json
[13Sep2025 21:39:42.547] [Worker-Main-2/INFO] [Antique Atlas/]: Found structure piece config: minecraft:atlas/structures/village/snowy/snowy_lamp_post_01.json
[13Sep2025 21:39:42.547] [Worker-Main-2/INFO] [Antique Atlas/]: Found structure piece config: minecraft:atlas/structures/village/snowy/snowy_lamp_post_02.json
[13Sep2025 21:39:42.548] [Worker-Main-2/INFO] [Antique Atlas/]: Found structure piece config: minecraft:atlas/structures/village/snowy/snowy_lamp_post_03.json
[13Sep2025 21:39:42.548] [Worker-Main-2/INFO] [Antique Atlas/]: Found structure piece config: minecraft:atlas/structures/village/snowy/streets/corner_01.json
[13Sep2025 21:39:42.549] [Worker-Main-2/INFO] [Antique Atlas/]: Found structure piece config: minecraft:atlas/structures/village/snowy/streets/corner_02.json
[13Sep2025 21:39:42.550] [Worker-Main-2/INFO] [Antique Atlas/]: Found structure piece config: minecraft:atlas/structures/village/snowy/streets/corner_03.json
[13Sep2025 21:39:42.550] [Worker-Main-2/INFO] [Antique Atlas/]: Found structure piece config: minecraft:atlas/structures/village/snowy/streets/crossroad_01.json
[13Sep2025 21:39:42.550] [Worker-Main-2/INFO] [Antique Atlas/]: Found structure piece config: minecraft:atlas/structures/village/snowy/streets/crossroad_02.json
[13Sep2025 21:39:42.551] [Worker-Main-2/INFO] [Antique Atlas/]: Found structure piece config: minecraft:atlas/structures/village/snowy/streets/crossroad_03.json
[13Sep2025 21:39:42.551] [Worker-Main-2/INFO] [Antique Atlas/]: Found structure piece config: minecraft:atlas/structures/village/snowy/streets/crossroad_04.json
[13Sep2025 21:39:42.552] [Worker-Main-2/INFO] [Antique Atlas/]: Found structure piece config: minecraft:atlas/structures/village/snowy/streets/crossroad_05.json
[13Sep2025 21:39:42.552] [Worker-Main-2/INFO] [Antique Atlas/]: Found structure piece config: minecraft:atlas/structures/village/snowy/streets/crossroad_06.json
[13Sep2025 21:39:42.553] [Worker-Main-2/INFO] [Antique Atlas/]: Found structure piece config: minecraft:atlas/structures/village/snowy/streets/square_01.json
[13Sep2025 21:39:42.553] [Worker-Main-2/INFO] [Antique Atlas/]: Found structure piece config: minecraft:atlas/structures/village/snowy/streets/straight_01.json
[13Sep2025 21:39:42.554] [Worker-Main-2/INFO] [Antique Atlas/]: Found structure piece config: minecraft:atlas/structures/village/snowy/streets/straight_02.json
[13Sep2025 21:39:42.554] [Worker-Main-2/INFO] [Antique Atlas/]: Found structure piece config: minecraft:atlas/structures/village/snowy/streets/straight_03.json
[13Sep2025 21:39:42.555] [Worker-Main-2/INFO] [Antique Atlas/]: Found structure piece config: minecraft:atlas/structures/village/snowy/streets/straight_04.json
[13Sep2025 21:39:42.555] [Worker-Main-2/INFO] [Antique Atlas/]: Found structure piece config: minecraft:atlas/structures/village/snowy/streets/straight_06.json
[13Sep2025 21:39:42.556] [Worker-Main-2/INFO] [Antique Atlas/]: Found structure piece config: minecraft:atlas/structures/village/snowy/streets/straight_08.json
[13Sep2025 21:39:42.556] [Worker-Main-2/INFO] [Antique Atlas/]: Found structure piece config: minecraft:atlas/structures/village/snowy/streets/turn_01.json
[13Sep2025 21:39:42.557] [Worker-Main-2/INFO] [Antique Atlas/]: Found structure piece config: minecraft:atlas/structures/village/snowy/town_centers/snowy_meeting_point_1.json
[13Sep2025 21:39:42.557] [Worker-Main-2/INFO] [Antique Atlas/]: Found structure piece config: minecraft:atlas/structures/village/snowy/town_centers/snowy_meeting_point_2.json
[13Sep2025 21:39:42.557] [Worker-Main-2/INFO] [Antique Atlas/]: Found structure piece config: minecraft:atlas/structures/village/snowy/town_centers/snowy_meeting_point_3.json
[13Sep2025 21:39:42.557] [Worker-Main-2/INFO] [Antique Atlas/]: Found structure piece config: minecraft:atlas/structures/village/snowy/zombie/houses/snowy_medium_house_1.json
[13Sep2025 21:39:42.558] [Worker-Main-2/INFO] [Antique Atlas/]: Found structure piece config: minecraft:atlas/structures/village/snowy/zombie/houses/snowy_medium_house_2.json
[13Sep2025 21:39:42.558] [Worker-Main-2/INFO] [Antique Atlas/]: Found structure piece config: minecraft:atlas/structures/village/snowy/zombie/houses/snowy_medium_house_3.json
[13Sep2025 21:39:42.559] [Worker-Main-2/INFO] [Antique Atlas/]: Found structure piece config: minecraft:atlas/structures/village/snowy/zombie/houses/snowy_small_house_1.json
[13Sep2025 21:39:42.559] [Worker-Main-2/INFO] [Antique Atlas/]: Found structure piece config: minecraft:atlas/structures/village/snowy/zombie/houses/snowy_small_house_2.json
[13Sep2025 21:39:42.559] [Worker-Main-2/INFO] [Antique Atlas/]: Found structure piece config: minecraft:atlas/structures/village/snowy/zombie/houses/snowy_small_house_3.json
[13Sep2025 21:39:42.560] [Worker-Main-2/INFO] [Antique Atlas/]: Found structure piece config: minecraft:atlas/structures/village/snowy/zombie/houses/snowy_small_house_4.json
[13Sep2025 21:39:42.560] [Worker-Main-2/INFO] [Antique Atlas/]: Found structure piece config: minecraft:atlas/structures/village/snowy/zombie/houses/snowy_small_house_5.json
[13Sep2025 21:39:42.561] [Worker-Main-2/INFO] [Antique Atlas/]: Found structure piece config: minecraft:atlas/structures/village/snowy/zombie/houses/snowy_small_house_6.json
[13Sep2025 21:39:42.561] [Worker-Main-2/INFO] [Antique Atlas/]: Found structure piece config: minecraft:atlas/structures/village/snowy/zombie/houses/snowy_small_house_7.json
[13Sep2025 21:39:42.561] [Worker-Main-2/INFO] [Antique Atlas/]: Found structure piece config: minecraft:atlas/structures/village/snowy/zombie/houses/snowy_small_house_8.json
[13Sep2025 21:39:42.562] [Worker-Main-2/INFO] [Antique Atlas/]: Found structure piece config: minecraft:atlas/structures/village/snowy/zombie/streets/corner_01.json
[13Sep2025 21:39:42.562] [Worker-Main-2/INFO] [Antique Atlas/]: Found structure piece config: minecraft:atlas/structures/village/snowy/zombie/streets/corner_02.json
[13Sep2025 21:39:42.563] [Worker-Main-2/INFO] [Antique Atlas/]: Found structure piece config: minecraft:atlas/structures/village/snowy/zombie/streets/corner_03.json
[13Sep2025 21:39:42.563] [Worker-Main-2/INFO] [Antique Atlas/]: Found structure piece config: minecraft:atlas/structures/village/snowy/zombie/streets/crossroad_01.json
[13Sep2025 21:39:42.564] [Worker-Main-2/INFO] [Antique Atlas/]: Found structure piece config: minecraft:atlas/structures/village/snowy/zombie/streets/crossroad_02.json
[13Sep2025 21:39:42.564] [Worker-Main-2/INFO] [Antique Atlas/]: Found structure piece config: minecraft:atlas/structures/village/snowy/zombie/streets/crossroad_03.json
[13Sep2025 21:39:42.564] [Worker-Main-2/INFO] [Antique Atlas/]: Found structure piece config: minecraft:atlas/structures/village/snowy/zombie/streets/crossroad_04.json
[13Sep2025 21:39:42.565] [Worker-Main-2/INFO] [Antique Atlas/]: Found structure piece config: minecraft:atlas/structures/village/snowy/zombie/streets/crossroad_05.json
[13Sep2025 21:39:42.565] [Worker-Main-2/INFO] [Antique Atlas/]: Found structure piece config: minecraft:atlas/structures/village/snowy/zombie/streets/crossroad_06.json
[13Sep2025 21:39:42.565] [Worker-Main-2/INFO] [Antique Atlas/]: Found structure piece config: minecraft:atlas/structures/village/snowy/zombie/streets/square_01.json
[13Sep2025 21:39:42.566] [Worker-Main-2/INFO] [Antique Atlas/]: Found structure piece config: minecraft:atlas/structures/village/snowy/zombie/streets/straight_01.json
[13Sep2025 21:39:42.566] [Worker-Main-2/INFO] [Antique Atlas/]: Found structure piece config: minecraft:atlas/structures/village/snowy/zombie/streets/straight_02.json
[13Sep2025 21:39:42.566] [Worker-Main-2/INFO] [Antique Atlas/]: Found structure piece config: minecraft:atlas/structures/village/snowy/zombie/streets/straight_03.json
[13Sep2025 21:39:42.567] [Worker-Main-2/INFO] [Antique Atlas/]: Found structure piece config: minecraft:atlas/structures/village/snowy/zombie/streets/straight_04.json
[13Sep2025 21:39:42.567] [Worker-Main-2/INFO] [Antique Atlas/]: Found structure piece config: minecraft:atlas/structures/village/snowy/zombie/streets/straight_06.json
[13Sep2025 21:39:42.568] [Worker-Main-2/INFO] [Antique Atlas/]: Found structure piece config: minecraft:atlas/structures/village/snowy/zombie/streets/straight_08.json
[13Sep2025 21:39:42.568] [Worker-Main-2/INFO] [Antique Atlas/]: Found structure piece config: minecraft:atlas/structures/village/snowy/zombie/streets/turn_01.json
[13Sep2025 21:39:42.569] [Worker-Main-3/DEBUG] [net.minecraftforge.coremod.transformer.CoreModBaseTransformer/COREMOD]: Transforming net/minecraft/world/entity/raid/Raid
[13Sep2025 21:39:42.569] [Worker-Main-2/INFO] [Antique Atlas/]: Found structure piece config: minecraft:atlas/structures/village/snowy/zombie/town_centers/snowy_meeting_point_1.json
[13Sep2025 21:39:42.570] [Worker-Main-2/INFO] [Antique Atlas/]: Found structure piece config: minecraft:atlas/structures/village/snowy/zombie/town_centers/snowy_meeting_point_2.json
[13Sep2025 21:39:42.571] [Worker-Main-2/INFO] [Antique Atlas/]: Found structure piece config: minecraft:atlas/structures/village/snowy/zombie/town_centers/snowy_meeting_point_3.json
[13Sep2025 21:39:42.572] [Worker-Main-2/INFO] [Antique Atlas/]: Found structure piece config: minecraft:atlas/structures/village/taiga/houses/taiga_animal_pen_1.json
[13Sep2025 21:39:42.573] [Worker-Main-2/INFO] [Antique Atlas/]: Found structure piece config: minecraft:atlas/structures/village/taiga/houses/taiga_armorer_2.json
[13Sep2025 21:39:42.573] [Worker-Main-2/INFO] [Antique Atlas/]: Found structure piece config: minecraft:atlas/structures/village/taiga/houses/taiga_armorer_house_1.json
[13Sep2025 21:39:42.574] [Worker-Main-2/INFO] [Antique Atlas/]: Found structure piece config: minecraft:atlas/structures/village/taiga/houses/taiga_butcher_shop_1.json
[13Sep2025 21:39:42.575] [Worker-Main-2/INFO] [Antique Atlas/]: Found structure piece config: minecraft:atlas/structures/village/taiga/houses/taiga_cartographer_house_1.json
[13Sep2025 21:39:42.575] [Worker-Main-2/INFO] [Antique Atlas/]: Found structure piece config: minecraft:atlas/structures/village/taiga/houses/taiga_fisher_cottage_1.json
[13Sep2025 21:39:42.576] [Worker-Main-2/INFO] [Antique Atlas/]: Found structure piece config: minecraft:atlas/structures/village/taiga/houses/taiga_fletcher_house_1.json
[13Sep2025 21:39:42.576] [Worker-Main-2/INFO] [Antique Atlas/]: Found structure piece config: minecraft:atlas/structures/village/taiga/houses/taiga_large_farm_1.json
[13Sep2025 21:39:42.576] [Worker-Main-2/INFO] [Antique Atlas/]: Found structure piece config: minecraft:atlas/structures/village/taiga/houses/taiga_large_farm_2.json
[13Sep2025 21:39:42.576] [Worker-Main-2/INFO] [Antique Atlas/]: Found structure piece config: minecraft:atlas/structures/village/taiga/houses/taiga_library_1.json
[13Sep2025 21:39:42.577] [Worker-Main-2/INFO] [Antique Atlas/]: Found structure piece config: minecraft:atlas/structures/village/taiga/houses/taiga_masons_house_1.json
[13Sep2025 21:39:42.577] [Worker-Main-2/INFO] [Antique Atlas/]: Found structure piece config: minecraft:atlas/structures/village/taiga/houses/taiga_medium_house_1.json
[13Sep2025 21:39:42.577] [Worker-Main-2/INFO] [Antique Atlas/]: Found structure piece config: minecraft:atlas/structures/village/taiga/houses/taiga_medium_house_2.json
[13Sep2025 21:39:42.578] [Worker-Main-2/INFO] [Antique Atlas/]: Found structure piece config: minecraft:atlas/structures/village/taiga/houses/taiga_medium_house_3.json
[13Sep2025 21:39:42.578] [Worker-Main-2/INFO] [Antique Atlas/]: Found structure piece config: minecraft:atlas/structures/village/taiga/houses/taiga_medium_house_4.json
[13Sep2025 21:39:42.578] [Worker-Main-2/INFO] [Antique Atlas/]: Found structure piece config: minecraft:atlas/structures/village/taiga/houses/taiga_shepherds_house_1.json
[13Sep2025 21:39:42.578] [Worker-Main-2/INFO] [Antique Atlas/]: Found structure piece config: minecraft:atlas/structures/village/taiga/houses/taiga_small_farm_1.json
[13Sep2025 21:39:42.579] [Worker-Main-2/INFO] [Antique Atlas/]: Found structure piece config: minecraft:atlas/structures/village/taiga/houses/taiga_small_house_1.json
[13Sep2025 21:39:42.579] [Worker-Main-2/INFO] [Antique Atlas/]: Found structure piece config: minecraft:atlas/structures/village/taiga/houses/taiga_small_house_2.json
[13Sep2025 21:39:42.579] [Worker-Main-2/INFO] [Antique Atlas/]: Found structure piece config: minecraft:atlas/structures/village/taiga/houses/taiga_small_house_3.json
[13Sep2025 21:39:42.579] [Worker-Main-2/INFO] [Antique Atlas/]: Found structure piece config: minecraft:atlas/structures/village/taiga/houses/taiga_small_house_4.json
[13Sep2025 21:39:42.580] [Worker-Main-2/INFO] [Antique Atlas/]: Found structure piece config: minecraft:atlas/structures/village/taiga/houses/taiga_small_house_5.json
[13Sep2025 21:39:42.580] [Worker-Main-2/INFO] [Antique Atlas/]: Found structure piece config: minecraft:atlas/structures/village/taiga/houses/taiga_tannery_1.json
[13Sep2025 21:39:42.580] [Worker-Main-2/INFO] [Antique Atlas/]: Found structure piece config: minecraft:atlas/structures/village/taiga/houses/taiga_temple_1.json
[13Sep2025 21:39:42.580] [Worker-Main-2/INFO] [Antique Atlas/]: Found structure piece config: minecraft:atlas/structures/village/taiga/houses/taiga_tool_smith_1.json
[13Sep2025 21:39:42.581] [Worker-Main-2/INFO] [Antique Atlas/]: Found structure piece config: minecraft:atlas/structures/village/taiga/houses/taiga_weaponsmith_1.json
[13Sep2025 21:39:42.581] [Worker-Main-2/INFO] [Antique Atlas/]: Found structure piece config: minecraft:atlas/structures/village/taiga/houses/taiga_weaponsmith_2.json
[13Sep2025 21:39:42.581] [Worker-Main-2/INFO] [Antique Atlas/]: Found structure piece config: minecraft:atlas/structures/village/taiga/streets/corner_01.json
[13Sep2025 21:39:42.581] [Worker-Main-2/INFO] [Antique Atlas/]: Found structure piece config: minecraft:atlas/structures/village/taiga/streets/corner_02.json
[13Sep2025 21:39:42.582] [Worker-Main-2/INFO] [Antique Atlas/]: Found structure piece config: minecraft:atlas/structures/village/taiga/streets/corner_03.json
[13Sep2025 21:39:42.582] [Worker-Main-2/INFO] [Antique Atlas/]: Found structure piece config: minecraft:atlas/structures/village/taiga/streets/crossroad_01.json
[13Sep2025 21:39:42.582] [Worker-Main-2/INFO] [Antique Atlas/]: Found structure piece config: minecraft:atlas/structures/village/taiga/streets/crossroad_02.json
[13Sep2025 21:39:42.583] [Worker-Main-2/INFO] [Antique Atlas/]: Found structure piece config: minecraft:atlas/structures/village/taiga/streets/crossroad_03.json
[13Sep2025 21:39:42.583] [Worker-Main-2/INFO] [Antique Atlas/]: Found structure piece config: minecraft:atlas/structures/village/taiga/streets/crossroad_04.json
[13Sep2025 21:39:42.583] [Worker-Main-2/INFO] [Antique Atlas/]: Found structure piece config: minecraft:atlas/structures/village/taiga/streets/crossroad_05.json
[13Sep2025 21:39:42.583] [Worker-Main-2/INFO] [Antique Atlas/]: Found structure piece config: minecraft:atlas/structures/village/taiga/streets/crossroad_06.json
[13Sep2025 21:39:42.584] [Worker-Main-2/INFO] [Antique Atlas/]: Found structure piece config: minecraft:atlas/structures/village/taiga/streets/straight_01.json
[13Sep2025 21:39:42.584] [Worker-Main-2/INFO] [Antique Atlas/]: Found structure piece config: minecraft:atlas/structures/village/taiga/streets/straight_02.json
[13Sep2025 21:39:42.584] [Worker-Main-2/INFO] [Antique Atlas/]: Found structure piece config: minecraft:atlas/structures/village/taiga/streets/straight_03.json
[13Sep2025 21:39:42.584] [Worker-Main-2/INFO] [Antique Atlas/]: Found structure piece config: minecraft:atlas/structures/village/taiga/streets/straight_04.json
[13Sep2025 21:39:42.585] [Worker-Main-2/INFO] [Antique Atlas/]: Found structure piece config: minecraft:atlas/structures/village/taiga/streets/straight_05.json
[13Sep2025 21:39:42.585] [Worker-Main-2/INFO] [Antique Atlas/]: Found structure piece config: minecraft:atlas/structures/village/taiga/streets/straight_06.json
[13Sep2025 21:39:42.585] [Worker-Main-2/INFO] [Antique Atlas/]: Found structure piece config: minecraft:atlas/structures/village/taiga/streets/turn_01.json
[13Sep2025 21:39:42.586] [Worker-Main-2/INFO] [Antique Atlas/]: Found structure piece config: minecraft:atlas/structures/village/taiga/taiga_lamp_post_1.json
[13Sep2025 21:39:42.586] [Worker-Main-2/INFO] [Antique Atlas/]: Found structure piece config: minecraft:atlas/structures/village/taiga/town_centers/taiga_meeting_point_1.json
[13Sep2025 21:39:42.586] [Worker-Main-2/INFO] [Antique Atlas/]: Found structure piece config: minecraft:atlas/structures/village/taiga/town_centers/taiga_meeting_point_2.json
[13Sep2025 21:39:42.586] [Worker-Main-2/INFO] [Antique Atlas/]: Found structure piece config: minecraft:atlas/structures/village/taiga/zombie/houses/taiga_cartographer_house_1.json
[13Sep2025 21:39:42.586] [Worker-Main-2/INFO] [Antique Atlas/]: Found structure piece config: minecraft:atlas/structures/village/taiga/zombie/houses/taiga_fisher_cottage_1.json
[13Sep2025 21:39:42.587] [Worker-Main-2/INFO] [Antique Atlas/]: Found structure piece config: minecraft:atlas/structures/village/taiga/zombie/houses/taiga_large_farm_2.json
[13Sep2025 21:39:42.587] [Worker-Main-2/INFO] [Antique Atlas/]: Found structure piece config: minecraft:atlas/structures/village/taiga/zombie/houses/taiga_library_1.json
[13Sep2025 21:39:42.587] [Worker-Main-2/INFO] [Antique Atlas/]: Found structure piece config: minecraft:atlas/structures/village/taiga/zombie/houses/taiga_medium_house_1.json
[13Sep2025 21:39:42.587] [Worker-Main-2/INFO] [Antique Atlas/]: Found structure piece config: minecraft:atlas/structures/village/taiga/zombie/houses/taiga_medium_house_2.json
[13Sep2025 21:39:42.588] [Worker-Main-2/INFO] [Antique Atlas/]: Found structure piece config: minecraft:atlas/structures/village/taiga/zombie/houses/taiga_medium_house_3.json
[13Sep2025 21:39:42.588] [Worker-Main-2/INFO] [Antique Atlas/]: Found structure piece config: minecraft:atlas/structures/village/taiga/zombie/houses/taiga_medium_house_4.json
[13Sep2025 21:39:42.588] [Worker-Main-2/INFO] [Antique Atlas/]: Found structure piece config: minecraft:atlas/structures/village/taiga/zombie/houses/taiga_shepherds_house_1.json
[13Sep2025 21:39:42.588] [Worker-Main-2/INFO] [Antique Atlas/]: Found structure piece config: minecraft:atlas/structures/village/taiga/zombie/houses/taiga_small_house_1.json
[13Sep2025 21:39:42.589] [Worker-Main-2/INFO] [Antique Atlas/]: Found structure piece config: minecraft:atlas/structures/village/taiga/zombie/houses/taiga_small_house_2.json
[13Sep2025 21:39:42.589] [Worker-Main-2/INFO] [Antique Atlas/]: Found structure piece config: minecraft:atlas/structures/village/taiga/zombie/houses/taiga_small_house_3.json
[13Sep2025 21:39:42.589] [Worker-Main-2/INFO] [Antique Atlas/]: Found structure piece config: minecraft:atlas/structures/village/taiga/zombie/houses/taiga_small_house_4.json
[13Sep2025 21:39:42.589] [Worker-Main-2/INFO] [Antique Atlas/]: Found structure piece config: minecraft:atlas/structures/village/taiga/zombie/houses/taiga_small_house_5.json
[13Sep2025 21:39:42.590] [Worker-Main-2/INFO] [Antique Atlas/]: Found structure piece config: minecraft:atlas/structures/village/taiga/zombie/houses/taiga_temple_1.json
[13Sep2025 21:39:42.590] [Worker-Main-2/INFO] [Antique Atlas/]: Found structure piece config: minecraft:atlas/structures/village/taiga/zombie/houses/taiga_tool_smith_1.json
[13Sep2025 21:39:42.590] [Worker-Main-2/INFO] [Antique Atlas/]: Found structure piece config: minecraft:atlas/structures/village/taiga/zombie/houses/taiga_weaponsmith_2.json
[13Sep2025 21:39:42.590] [Worker-Main-2/INFO] [Antique Atlas/]: Found structure piece config: minecraft:atlas/structures/village/taiga/zombie/streets/corner_01.json
[13Sep2025 21:39:42.590] [Worker-Main-2/INFO] [Antique Atlas/]: Found structure piece config: minecraft:atlas/structures/village/taiga/zombie/streets/corner_02.json
[13Sep2025 21:39:42.591] [Worker-Main-2/INFO] [Antique Atlas/]: Found structure piece config: minecraft:atlas/structures/village/taiga/zombie/streets/corner_03.json
[13Sep2025 21:39:42.591] [Worker-Main-2/INFO] [Antique Atlas/]: Found structure piece config: minecraft:atlas/structures/village/taiga/zombie/streets/crossroad_01.json
[13Sep2025 21:39:42.591] [Worker-Main-2/INFO] [Antique Atlas/]: Found structure piece config: minecraft:atlas/structures/village/taiga/zombie/streets/crossroad_02.json
[13Sep2025 21:39:42.592] [Worker-Main-2/INFO] [Antique Atlas/]: Found structure piece config: minecraft:atlas/structures/village/taiga/zombie/streets/crossroad_03.json
[13Sep2025 21:39:42.592] [Worker-Main-2/INFO] [Antique Atlas/]: Found structure piece config: minecraft:atlas/structures/village/taiga/zombie/streets/crossroad_04.json
[13Sep2025 21:39:42.592] [Worker-Main-2/INFO] [Antique Atlas/]: Found structure piece config: minecraft:atlas/structures/village/taiga/zombie/streets/crossroad_05.json
[13Sep2025 21:39:42.593] [Worker-Main-2/INFO] [Antique Atlas/]: Found structure piece config: minecraft:atlas/structures/village/taiga/zombie/streets/crossroad_06.json
[13Sep2025 21:39:42.593] [Worker-Main-2/INFO] [Antique Atlas/]: Found structure piece config: minecraft:atlas/structures/village/taiga/zombie/streets/straight_01.json
[13Sep2025 21:39:42.593] [Worker-Main-2/INFO] [Antique Atlas/]: Found structure piece config: minecraft:atlas/structures/village/taiga/zombie/streets/straight_02.json
[13Sep2025 21:39:42.593] [Worker-Main-2/INFO] [Antique Atlas/]: Found structure piece config: minecraft:atlas/structures/village/taiga/zombie/streets/straight_03.json
[13Sep2025 21:39:42.594] [Worker-Main-2/INFO] [Antique Atlas/]: Found structure piece config: minecraft:atlas/structures/village/taiga/zombie/streets/straight_04.json
[13Sep2025 21:39:42.594] [Worker-Main-2/INFO] [Antique Atlas/]: Found structure piece config: minecraft:atlas/structures/village/taiga/zombie/streets/straight_05.json
[13Sep2025 21:39:42.594] [Worker-Main-2/INFO] [Antique Atlas/]: Found structure piece config: minecraft:atlas/structures/village/taiga/zombie/streets/straight_06.json
[13Sep2025 21:39:42.595] [Worker-Main-2/INFO] [Antique Atlas/]: Found structure piece config: minecraft:atlas/structures/village/taiga/zombie/streets/turn_01.json
[13Sep2025 21:39:42.595] [Worker-Main-2/INFO] [Antique Atlas/]: Found structure piece config: minecraft:atlas/structures/village/taiga/zombie/town_centers/taiga_meeting_point_1.json
[13Sep2025 21:39:42.595] [Worker-Main-2/INFO] [Antique Atlas/]: Found structure piece config: minecraft:atlas/structures/village/taiga/zombie/town_centers/taiga_meeting_point_2.json
[13Sep2025 21:39:42.614] [Worker-Main-3/DEBUG] [mixin/]: Mixing IllagerGolemRaidMixin from companions.mixins.json into net.minecraft.world.entity.raid.Raid
[13Sep2025 21:39:42.617] [Worker-Main-3/DEBUG] [mixin/]: Mixing RaidMixin from friendsandfoes-common.mixins.json into net.minecraft.world.entity.raid.Raid
[13Sep2025 21:39:42.617] [Worker-Main-3/DEBUG] [mixin/]: Mixing ai.raid.RaidMixin from canary.mixins.json into net.minecraft.world.entity.raid.Raid
[13Sep2025 21:39:43.656] [main/DEBUG] [mixin/]: Mixing NonNullListMixin from yyzsbackpack.mixins.json into net.minecraft.core.NonNullList
[13Sep2025 21:39:43.680] [main/DEBUG] [mixin/]: Mixing AccessorSmithingTrimRecipe from patchouli_xplat.mixins.json into net.minecraft.world.item.crafting.SmithingTrimRecipe
[13Sep2025 21:39:43.688] [main/ERROR] [net.minecraft.world.item.crafting.RecipeManager/]: Parsing error loading recipe realisticforgingores:ironsledgehammerrecipe
com.google.gson.JsonSyntaxException: Unknown item 'realisticforgingores:deleted_mod_element'
	at net.minecraft.world.item.crafting.ShapedRecipe.m_151280_(ShapedRecipe.java:292) ~[server-1.20.1-20230612.114412-srg.jar%23185!/:?]
	at java.util.Optional.orElseThrow(Optional.java:403) ~[?:?]
	at net.minecraft.world.item.crafting.ShapedRecipe.m_151278_(ShapedRecipe.java:291) ~[server-1.20.1-20230612.114412-srg.jar%23185!/:?]
	at net.minecraft.world.item.crafting.Ingredient.m_43919_(Ingredient.java:219) ~[server-1.20.1-20230612.114412-srg.jar%23185!/:?]
	at net.minecraftforge.common.crafting.VanillaIngredientSerializer.parse(VanillaIngredientSerializer.java:27) ~[forge-1.20.1-47.4.0-universal.jar%23190!/:?]
	at net.minecraftforge.common.crafting.CraftingHelper.getIngredient(CraftingHelper.java:148) ~[forge-1.20.1-47.4.0-universal.jar%23190!/:?]
	at net.minecraft.world.item.crafting.Ingredient.m_288218_(Ingredient.java:194) ~[server-1.20.1-20230612.114412-srg.jar%23185!/:?]
	at net.minecraft.world.item.crafting.ShapedRecipe.m_44210_(ShapedRecipe.java:278) ~[server-1.20.1-20230612.114412-srg.jar%23185!/:?]
	at net.minecraft.world.item.crafting.ShapedRecipe$Serializer.m_6729_(ShapedRecipe.java:306) ~[server-1.20.1-20230612.114412-srg.jar%23185!/:?]
	at net.minecraft.world.item.crafting.ShapedRecipe$Serializer.m_6729_(ShapedRecipe.java:301) ~[server-1.20.1-20230612.114412-srg.jar%23185!/:?]
	at net.minecraftforge.common.extensions.IForgeRecipeSerializer.fromJson(IForgeRecipeSerializer.java:23) ~[forge-1.20.1-47.4.0-universal.jar%23190!/:?]
	at net.minecraft.world.item.crafting.RecipeManager.fromJson(RecipeManager.java:171) ~[server-1.20.1-20230612.114412-srg.jar%23185!/:?]
	at net.minecraft.world.item.crafting.RecipeManager.m_5787_(RecipeManager.java:67) ~[server-1.20.1-20230612.114412-srg.jar%23185!/:?]
	at net.minecraft.world.item.crafting.RecipeManager.m_5787_(RecipeManager.java:34) ~[server-1.20.1-20230612.114412-srg.jar%23185!/:?]
	at net.minecraft.server.packs.resources.SimplePreparableReloadListener.m_10789_(SimplePreparableReloadListener.java:13) ~[server-1.20.1-20230612.114412-srg.jar%23185!/:?]
	at java.util.concurrent.CompletableFuture$UniAccept.tryFire(CompletableFuture.java:718) ~[?:?]
	at java.util.concurrent.CompletableFuture$Completion.run(CompletableFuture.java:482) ~[?:?]
	at net.minecraft.server.packs.resources.SimpleReloadInstance.m_143940_(SimpleReloadInstance.java:69) ~[server-1.20.1-20230612.114412-srg.jar%23185!/:?]
	at net.minecraft.Util.m_214652_(Util.java:783) ~[server-1.20.1-20230612.114412-srg.jar%23185!/:?]
	at net.minecraft.Util.m_214679_(Util.java:772) ~[server-1.20.1-20230612.114412-srg.jar%23185!/:?]
	at net.minecraft.server.Main.main(Main.java:166) ~[server-1.20.1-20230612.114412-srg.jar%23185!/:?]
	at jdk.internal.reflect.NativeMethodAccessorImpl.invoke0(Native Method) ~[?:?]
	at jdk.internal.reflect.NativeMethodAccessorImpl.invoke(NativeMethodAccessorImpl.java:77) ~[?:?]
	at jdk.internal.reflect.DelegatingMethodAccessorImpl.invoke(DelegatingMethodAccessorImpl.java:43) ~[?:?]
	at java.lang.reflect.Method.invoke(Method.java:569) ~[?:?]
	at net.minecraftforge.fml.loading.targets.CommonLaunchHandler.runTarget(CommonLaunchHandler.java:111) ~[fmlloader-1.20.1-47.4.0.jar%2369!/:?]
	at net.minecraftforge.fml.loading.targets.CommonLaunchHandler.serverService(CommonLaunchHandler.java:103) ~[fmlloader-1.20.1-47.4.0.jar%2369!/:?]
	at net.minecraftforge.fml.loading.targets.CommonServerLaunchHandler.lambda$makeService$0(CommonServerLaunchHandler.java:27) ~[fmlloader-1.20.1-47.4.0.jar%2369!/:?]
	at cpw.mods.modlauncher.LaunchServiceHandlerDecorator.launch(LaunchServiceHandlerDecorator.java:30) ~[modlauncher-10.0.9.jar%2355!/:?]
	at cpw.mods.modlauncher.LaunchServiceHandler.launch(LaunchServiceHandler.java:53) ~[modlauncher-10.0.9.jar%2355!/:?]
	at cpw.mods.modlauncher.LaunchServiceHandler.launch(LaunchServiceHandler.java:71) ~[modlauncher-10.0.9.jar%2355!/:?]
	at cpw.mods.modlauncher.Launcher.run(Launcher.java:108) ~[modlauncher-10.0.9.jar%2355!/:?]
	at cpw.mods.modlauncher.Launcher.main(Launcher.java:78) ~[modlauncher-10.0.9.jar%2355!/:?]
	at cpw.mods.modlauncher.BootstrapLaunchConsumer.accept(BootstrapLaunchConsumer.java:26) ~[modlauncher-10.0.9.jar%2355!/:?]
	at cpw.mods.modlauncher.BootstrapLaunchConsumer.accept(BootstrapLaunchConsumer.java:23) ~[modlauncher-10.0.9.jar%2355!/:?]
	at cpw.mods.bootstraplauncher.BootstrapLauncher.main(BootstrapLauncher.java:141) ~[bootstraplauncher-1.1.2.jar:?]
[13Sep2025 21:39:43.700] [main/DEBUG] [mixin/]: Mixing AccessorSmithingTransformRecipe from patchouli_xplat.mixins.json into net.minecraft.world.item.crafting.SmithingTransformRecipe
[13Sep2025 21:39:43.713] [main/ERROR] [net.minecraft.world.item.crafting.RecipeManager/]: Parsing error loading recipe realisticforgingores:sledgehammerrecipe
com.google.gson.JsonSyntaxException: Unknown item 'realisticforgingores:deleted_mod_element'
	at net.minecraft.world.item.crafting.ShapedRecipe.m_151280_(ShapedRecipe.java:292) ~[server-1.20.1-20230612.114412-srg.jar%23185!/:?]
	at java.util.Optional.orElseThrow(Optional.java:403) ~[?:?]
	at net.minecraft.world.item.crafting.ShapedRecipe.m_151278_(ShapedRecipe.java:291) ~[server-1.20.1-20230612.114412-srg.jar%23185!/:?]
	at net.minecraft.world.item.crafting.Ingredient.m_43919_(Ingredient.java:219) ~[server-1.20.1-20230612.114412-srg.jar%23185!/:?]
	at net.minecraftforge.common.crafting.VanillaIngredientSerializer.parse(VanillaIngredientSerializer.java:27) ~[forge-1.20.1-47.4.0-universal.jar%23190!/:?]
	at net.minecraftforge.common.crafting.CraftingHelper.getIngredient(CraftingHelper.java:148) ~[forge-1.20.1-47.4.0-universal.jar%23190!/:?]
	at net.minecraft.world.item.crafting.Ingredient.m_288218_(Ingredient.java:194) ~[server-1.20.1-20230612.114412-srg.jar%23185!/:?]
	at net.minecraft.world.item.crafting.ShapedRecipe.m_44210_(ShapedRecipe.java:278) ~[server-1.20.1-20230612.114412-srg.jar%23185!/:?]
	at net.minecraft.world.item.crafting.ShapedRecipe$Serializer.m_6729_(ShapedRecipe.java:306) ~[server-1.20.1-20230612.114412-srg.jar%23185!/:?]
	at net.minecraft.world.item.crafting.ShapedRecipe$Serializer.m_6729_(ShapedRecipe.java:301) ~[server-1.20.1-20230612.114412-srg.jar%23185!/:?]
	at net.minecraftforge.common.extensions.IForgeRecipeSerializer.fromJson(IForgeRecipeSerializer.java:23) ~[forge-1.20.1-47.4.0-universal.jar%23190!/:?]
	at net.minecraft.world.item.crafting.RecipeManager.fromJson(RecipeManager.java:171) ~[server-1.20.1-20230612.114412-srg.jar%23185!/:?]
	at net.minecraft.world.item.crafting.RecipeManager.m_5787_(RecipeManager.java:67) ~[server-1.20.1-20230612.114412-srg.jar%23185!/:?]
	at net.minecraft.world.item.crafting.RecipeManager.m_5787_(RecipeManager.java:34) ~[server-1.20.1-20230612.114412-srg.jar%23185!/:?]
	at net.minecraft.server.packs.resources.SimplePreparableReloadListener.m_10789_(SimplePreparableReloadListener.java:13) ~[server-1.20.1-20230612.114412-srg.jar%23185!/:?]
	at java.util.concurrent.CompletableFuture$UniAccept.tryFire(CompletableFuture.java:718) ~[?:?]
	at java.util.concurrent.CompletableFuture$Completion.run(CompletableFuture.java:482) ~[?:?]
	at net.minecraft.server.packs.resources.SimpleReloadInstance.m_143940_(SimpleReloadInstance.java:69) ~[server-1.20.1-20230612.114412-srg.jar%23185!/:?]
	at net.minecraft.Util.m_214652_(Util.java:783) ~[server-1.20.1-20230612.114412-srg.jar%23185!/:?]
	at net.minecraft.Util.m_214679_(Util.java:772) ~[server-1.20.1-20230612.114412-srg.jar%23185!/:?]
	at net.minecraft.server.Main.main(Main.java:166) ~[server-1.20.1-20230612.114412-srg.jar%23185!/:?]
	at jdk.internal.reflect.NativeMethodAccessorImpl.invoke0(Native Method) ~[?:?]
	at jdk.internal.reflect.NativeMethodAccessorImpl.invoke(NativeMethodAccessorImpl.java:77) ~[?:?]
	at jdk.internal.reflect.DelegatingMethodAccessorImpl.invoke(DelegatingMethodAccessorImpl.java:43) ~[?:?]
	at java.lang.reflect.Method.invoke(Method.java:569) ~[?:?]
	at net.minecraftforge.fml.loading.targets.CommonLaunchHandler.runTarget(CommonLaunchHandler.java:111) ~[fmlloader-1.20.1-47.4.0.jar%2369!/:?]
	at net.minecraftforge.fml.loading.targets.CommonLaunchHandler.serverService(CommonLaunchHandler.java:103) ~[fmlloader-1.20.1-47.4.0.jar%2369!/:?]
	at net.minecraftforge.fml.loading.targets.CommonServerLaunchHandler.lambda$makeService$0(CommonServerLaunchHandler.java:27) ~[fmlloader-1.20.1-47.4.0.jar%2369!/:?]
	at cpw.mods.modlauncher.LaunchServiceHandlerDecorator.launch(LaunchServiceHandlerDecorator.java:30) ~[modlauncher-10.0.9.jar%2355!/:?]
	at cpw.mods.modlauncher.LaunchServiceHandler.launch(LaunchServiceHandler.java:53) ~[modlauncher-10.0.9.jar%2355!/:?]
	at cpw.mods.modlauncher.LaunchServiceHandler.launch(LaunchServiceHandler.java:71) ~[modlauncher-10.0.9.jar%2355!/:?]
	at cpw.mods.modlauncher.Launcher.run(Launcher.java:108) ~[modlauncher-10.0.9.jar%2355!/:?]
	at cpw.mods.modlauncher.Launcher.main(Launcher.java:78) ~[modlauncher-10.0.9.jar%2355!/:?]
	at cpw.mods.modlauncher.BootstrapLaunchConsumer.accept(BootstrapLaunchConsumer.java:26) ~[modlauncher-10.0.9.jar%2355!/:?]
	at cpw.mods.modlauncher.BootstrapLaunchConsumer.accept(BootstrapLaunchConsumer.java:23) ~[modlauncher-10.0.9.jar%2355!/:?]
	at cpw.mods.bootstraplauncher.BootstrapLauncher.main(BootstrapLauncher.java:141) ~[bootstraplauncher-1.1.2.jar:?]
[13Sep2025 21:39:43.754] [main/ERROR] [net.minecraft.world.item.crafting.RecipeManager/]: Parsing error loading recipe unusual_furniture:spruce_bench_craft
com.google.gson.JsonSyntaxException: Unknown item 'unusual_furniture:industrial_bench'
	at net.minecraftforge.common.crafting.CraftingHelper.getItem(CraftingHelper.java:160) ~[forge-1.20.1-47.4.0-universal.jar%23190!/:?]
	at net.minecraftforge.common.crafting.CraftingHelper.getItemStack(CraftingHelper.java:186) ~[forge-1.20.1-47.4.0-universal.jar%23190!/:?]
	at net.minecraft.world.item.crafting.ShapedRecipe.m_151274_(ShapedRecipe.java:286) ~[server-1.20.1-20230612.114412-srg.jar%23185!/:?]
	at net.minecraft.world.item.crafting.ShapedRecipe$Serializer.m_6729_(ShapedRecipe.java:311) ~[server-1.20.1-20230612.114412-srg.jar%23185!/:?]
	at net.minecraft.world.item.crafting.ShapedRecipe$Serializer.m_6729_(ShapedRecipe.java:301) ~[server-1.20.1-20230612.114412-srg.jar%23185!/:?]
	at net.minecraftforge.common.extensions.IForgeRecipeSerializer.fromJson(IForgeRecipeSerializer.java:23) ~[forge-1.20.1-47.4.0-universal.jar%23190!/:?]
	at net.minecraft.world.item.crafting.RecipeManager.fromJson(RecipeManager.java:171) ~[server-1.20.1-20230612.114412-srg.jar%23185!/:?]
	at net.minecraft.world.item.crafting.RecipeManager.m_5787_(RecipeManager.java:67) ~[server-1.20.1-20230612.114412-srg.jar%23185!/:?]
	at net.minecraft.world.item.crafting.RecipeManager.m_5787_(RecipeManager.java:34) ~[server-1.20.1-20230612.114412-srg.jar%23185!/:?]
	at net.minecraft.server.packs.resources.SimplePreparableReloadListener.m_10789_(SimplePreparableReloadListener.java:13) ~[server-1.20.1-20230612.114412-srg.jar%23185!/:?]
	at java.util.concurrent.CompletableFuture$UniAccept.tryFire(CompletableFuture.java:718) ~[?:?]
	at java.util.concurrent.CompletableFuture$Completion.run(CompletableFuture.java:482) ~[?:?]
	at net.minecraft.server.packs.resources.SimpleReloadInstance.m_143940_(SimpleReloadInstance.java:69) ~[server-1.20.1-20230612.114412-srg.jar%23185!/:?]
	at net.minecraft.Util.m_214652_(Util.java:783) ~[server-1.20.1-20230612.114412-srg.jar%23185!/:?]
	at net.minecraft.Util.m_214679_(Util.java:772) ~[server-1.20.1-20230612.114412-srg.jar%23185!/:?]
	at net.minecraft.server.Main.main(Main.java:166) ~[server-1.20.1-20230612.114412-srg.jar%23185!/:?]
	at jdk.internal.reflect.NativeMethodAccessorImpl.invoke0(Native Method) ~[?:?]
	at jdk.internal.reflect.NativeMethodAccessorImpl.invoke(NativeMethodAccessorImpl.java:77) ~[?:?]
	at jdk.internal.reflect.DelegatingMethodAccessorImpl.invoke(DelegatingMethodAccessorImpl.java:43) ~[?:?]
	at java.lang.reflect.Method.invoke(Method.java:569) ~[?:?]
	at net.minecraftforge.fml.loading.targets.CommonLaunchHandler.runTarget(CommonLaunchHandler.java:111) ~[fmlloader-1.20.1-47.4.0.jar%2369!/:?]
	at net.minecraftforge.fml.loading.targets.CommonLaunchHandler.serverService(CommonLaunchHandler.java:103) ~[fmlloader-1.20.1-47.4.0.jar%2369!/:?]
	at net.minecraftforge.fml.loading.targets.CommonServerLaunchHandler.lambda$makeService$0(CommonServerLaunchHandler.java:27) ~[fmlloader-1.20.1-47.4.0.jar%2369!/:?]
	at cpw.mods.modlauncher.LaunchServiceHandlerDecorator.launch(LaunchServiceHandlerDecorator.java:30) ~[modlauncher-10.0.9.jar%2355!/:?]
	at cpw.mods.modlauncher.LaunchServiceHandler.launch(LaunchServiceHandler.java:53) ~[modlauncher-10.0.9.jar%2355!/:?]
	at cpw.mods.modlauncher.LaunchServiceHandler.launch(LaunchServiceHandler.java:71) ~[modlauncher-10.0.9.jar%2355!/:?]
	at cpw.mods.modlauncher.Launcher.run(Launcher.java:108) ~[modlauncher-10.0.9.jar%2355!/:?]
	at cpw.mods.modlauncher.Launcher.main(Launcher.java:78) ~[modlauncher-10.0.9.jar%2355!/:?]
	at cpw.mods.modlauncher.BootstrapLaunchConsumer.accept(BootstrapLaunchConsumer.java:26) ~[modlauncher-10.0.9.jar%2355!/:?]
	at cpw.mods.modlauncher.BootstrapLaunchConsumer.accept(BootstrapLaunchConsumer.java:23) ~[modlauncher-10.0.9.jar%2355!/:?]
	at cpw.mods.bootstraplauncher.BootstrapLauncher.main(BootstrapLauncher.java:141) ~[bootstraplauncher-1.1.2.jar:?]
[13Sep2025 21:39:43.784] [main/ERROR] [net.minecraft.world.item.crafting.RecipeManager/]: Parsing error loading recipe minecraft:netherite_ingot
com.google.gson.JsonSyntaxException: Invalid item: minecraft:air
	at net.minecraftforge.common.crafting.CraftingHelper.getItem(CraftingHelper.java:164) ~[forge-1.20.1-47.4.0-universal.jar%23190!/:?]
	at net.minecraftforge.common.crafting.CraftingHelper.getItemStack(CraftingHelper.java:186) ~[forge-1.20.1-47.4.0-universal.jar%23190!/:?]
	at net.minecraft.world.item.crafting.ShapedRecipe.m_151274_(ShapedRecipe.java:286) ~[server-1.20.1-20230612.114412-srg.jar%23185!/:?]
	at net.minecraft.world.item.crafting.ShapedRecipe$Serializer.m_6729_(ShapedRecipe.java:311) ~[server-1.20.1-20230612.114412-srg.jar%23185!/:?]
	at net.minecraft.world.item.crafting.ShapedRecipe$Serializer.m_6729_(ShapedRecipe.java:301) ~[server-1.20.1-20230612.114412-srg.jar%23185!/:?]
	at net.minecraftforge.common.extensions.IForgeRecipeSerializer.fromJson(IForgeRecipeSerializer.java:23) ~[forge-1.20.1-47.4.0-universal.jar%23190!/:?]
	at net.minecraft.world.item.crafting.RecipeManager.fromJson(RecipeManager.java:171) ~[server-1.20.1-20230612.114412-srg.jar%23185!/:?]
	at net.minecraft.world.item.crafting.RecipeManager.m_5787_(RecipeManager.java:67) ~[server-1.20.1-20230612.114412-srg.jar%23185!/:?]
	at net.minecraft.world.item.crafting.RecipeManager.m_5787_(RecipeManager.java:34) ~[server-1.20.1-20230612.114412-srg.jar%23185!/:?]
	at net.minecraft.server.packs.resources.SimplePreparableReloadListener.m_10789_(SimplePreparableReloadListener.java:13) ~[server-1.20.1-20230612.114412-srg.jar%23185!/:?]
	at java.util.concurrent.CompletableFuture$UniAccept.tryFire(CompletableFuture.java:718) ~[?:?]
	at java.util.concurrent.CompletableFuture$Completion.run(CompletableFuture.java:482) ~[?:?]
	at net.minecraft.server.packs.resources.SimpleReloadInstance.m_143940_(SimpleReloadInstance.java:69) ~[server-1.20.1-20230612.114412-srg.jar%23185!/:?]
	at net.minecraft.Util.m_214652_(Util.java:783) ~[server-1.20.1-20230612.114412-srg.jar%23185!/:?]
	at net.minecraft.Util.m_214679_(Util.java:772) ~[server-1.20.1-20230612.114412-srg.jar%23185!/:?]
	at net.minecraft.server.Main.main(Main.java:166) ~[server-1.20.1-20230612.114412-srg.jar%23185!/:?]
	at jdk.internal.reflect.NativeMethodAccessorImpl.invoke0(Native Method) ~[?:?]
	at jdk.internal.reflect.NativeMethodAccessorImpl.invoke(NativeMethodAccessorImpl.java:77) ~[?:?]
	at jdk.internal.reflect.DelegatingMethodAccessorImpl.invoke(DelegatingMethodAccessorImpl.java:43) ~[?:?]
	at java.lang.reflect.Method.invoke(Method.java:569) ~[?:?]
	at net.minecraftforge.fml.loading.targets.CommonLaunchHandler.runTarget(CommonLaunchHandler.java:111) ~[fmlloader-1.20.1-47.4.0.jar%2369!/:?]
	at net.minecraftforge.fml.loading.targets.CommonLaunchHandler.serverService(CommonLaunchHandler.java:103) ~[fmlloader-1.20.1-47.4.0.jar%2369!/:?]
	at net.minecraftforge.fml.loading.targets.CommonServerLaunchHandler.lambda$makeService$0(CommonServerLaunchHandler.java:27) ~[fmlloader-1.20.1-47.4.0.jar%2369!/:?]
	at cpw.mods.modlauncher.LaunchServiceHandlerDecorator.launch(LaunchServiceHandlerDecorator.java:30) ~[modlauncher-10.0.9.jar%2355!/:?]
	at cpw.mods.modlauncher.LaunchServiceHandler.launch(LaunchServiceHandler.java:53) ~[modlauncher-10.0.9.jar%2355!/:?]
	at cpw.mods.modlauncher.LaunchServiceHandler.launch(LaunchServiceHandler.java:71) ~[modlauncher-10.0.9.jar%2355!/:?]
	at cpw.mods.modlauncher.Launcher.run(Launcher.java:108) ~[modlauncher-10.0.9.jar%2355!/:?]
	at cpw.mods.modlauncher.Launcher.main(Launcher.java:78) ~[modlauncher-10.0.9.jar%2355!/:?]
	at cpw.mods.modlauncher.BootstrapLaunchConsumer.accept(BootstrapLaunchConsumer.java:26) ~[modlauncher-10.0.9.jar%2355!/:?]
	at cpw.mods.modlauncher.BootstrapLaunchConsumer.accept(BootstrapLaunchConsumer.java:23) ~[modlauncher-10.0.9.jar%2355!/:?]
	at cpw.mods.bootstraplauncher.BootstrapLauncher.main(BootstrapLauncher.java:141) ~[bootstraplauncher-1.1.2.jar:?]
[13Sep2025 21:39:43.885] [main/INFO] [net.minecraft.world.item.crafting.RecipeManager/]: Loaded 12 recipes
[13Sep2025 21:39:43.955] [main/ERROR] [net.minecraft.server.ServerAdvancementManager/]: Parsing error loading custom advancement realisticforgingores:breaking_diamond_advancement: Expected item to be an item, was unknown string 'realisticforgingores:deleted_mod_element'
[13Sep2025 21:39:43.961] [main/ERROR] [net.minecraft.server.ServerAdvancementManager/]: Parsing error loading custom advancement realisticforgingores:smelting_iron_part_advancement: Expected item to be an item, was unknown string 'realisticforgingores:deleted_mod_element'
[13Sep2025 21:39:43.968] [main/ERROR] [net.minecraft.server.ServerAdvancementManager/]: Parsing error loading custom advancement realisticforgingores:assembling_iron_for_armor: Expected item to be an item, was unknown string 'realisticforgingores:deleted_mod_element'
[13Sep2025 21:39:43.971] [main/ERROR] [net.minecraft.server.ServerAdvancementManager/]: Parsing error loading custom advancement realisticforgingores:first_drawing: Expected item to be an item, was unknown string 'realisticforgingores:deleted_mod_element'
[13Sep2025 21:39:43.989] [main/ERROR] [net.minecraft.server.ServerAdvancementManager/]: Parsing error loading custom advancement realisticforgingores:three_iron_scraps: Expected item to be an item, was unknown string 'realisticforgingores:deleted_mod_element'
[13Sep2025 21:39:43.997] [main/ERROR] [net.minecraft.server.ServerAdvancementManager/]: Parsing error loading custom advancement realisticforgingores:assembling_iron_for_sword: Expected item to be an item, was unknown string 'realisticforgingores:deleted_mod_element'
[13Sep2025 21:39:44.032] [main/ERROR] [net.minecraft.advancements.AdvancementList/]: Couldn't load advancement realisticforgingores:craft_iron_armor: Task Advancement{parentId=realisticforgingores:first_drawing, display=net.minecraft.advancements.DisplayInfo@227ad82, rewards=AdvancementRewards{experience=0, loot=[], recipes=[], function=net.minecraft.commands.CommandFunction$CacheableFunction@d6e0405}, criteria={craft_iron_armor_0=net.minecraft.advancements.Criterion@4d40c61c}, requirements=[[craft_iron_armor_0]], sends_telemetry_event=false}
[13Sep2025 21:39:44.032] [main/ERROR] [net.minecraft.advancements.AdvancementList/]: Couldn't load advancement realisticforgingores:crafting_big_pan_advancement: Task Advancement{parentId=realisticforgingores:breaking_diamond_advancement, display=net.minecraft.advancements.DisplayInfo@6d9bead3, rewards=AdvancementRewards{experience=0, loot=[], recipes=[], function=net.minecraft.commands.CommandFunction$CacheableFunction@d6e0405}, criteria={crafting_big_pan_advancement_0=net.minecraft.advancements.Criterion@3b8d3c5b}, requirements=[[crafting_big_pan_advancement_0]], sends_telemetry_event=false}
[13Sep2025 21:39:44.033] [main/ERROR] [net.minecraft.advancements.AdvancementList/]: Couldn't load advancement realisticforgingores:crafting_diamond_sword_advancement: Task Advancement{parentId=realisticforgingores:deleted_mod_element, display=net.minecraft.advancements.DisplayInfo@3d05cbe1, rewards=AdvancementRewards{experience=0, loot=[], recipes=[], function=net.minecraft.commands.CommandFunction$CacheableFunction@d6e0405}, criteria={crafting_diamond_sword_advancement_0=net.minecraft.advancements.Criterion@6f3847fe}, requirements=[[crafting_diamond_sword_advancement_0]], sends_telemetry_event=false}
[13Sep2025 21:39:44.033] [main/ERROR] [net.minecraft.advancements.AdvancementList/]: Couldn't load advancement realisticforgingores:craft_iron_sword: Task Advancement{parentId=realisticforgingores:assembling_iron_for_sword, display=net.minecraft.advancements.DisplayInfo@715a05ad, rewards=AdvancementRewards{experience=0, loot=[], recipes=[], function=net.minecraft.commands.CommandFunction$CacheableFunction@d6e0405}, criteria={craft_iron_sword_0=net.minecraft.advancements.Criterion@5cf0bbcf}, requirements=[[craft_iron_sword_0]], sends_telemetry_event=false}
[13Sep2025 21:39:44.033] [main/INFO] [net.minecraft.advancements.AdvancementList/]: Loaded 2067 advancements
[13Sep2025 21:39:44.556] [main/WARN] [epicfight/]: Item Capability Exception: No item named dark_souls_expansion:great_axe
[13Sep2025 21:39:44.559] [main/WARN] [epicfight/]: Item Capability Exception: No item named epicfight:greataxe
[13Sep2025 21:39:44.560] [main/WARN] [epicfight/]: Item Capability Exception: No item named epicfight:shortsword
[13Sep2025 21:39:44.563] [main/WARN] [epicfight/]: Item Capability Exception: No item named epicfight:zweihander
[13Sep2025 21:39:44.564] [main/WARN] [epicfight/]: Item Capability Exception: No item named epicfight:broadsword
[13Sep2025 21:39:44.564] [main/WARN] [epicfight/]: Item Capability Exception: No item named epicfight:ghost_blade
[13Sep2025 21:39:44.565] [main/WARN] [epicfight/]: Item Capability Exception: No item named epicfight:dagger
[13Sep2025 21:39:44.566] [main/WARN] [epicfight/]: Item Capability Exception: No item named epicfight:broken_straight_sword
[13Sep2025 21:39:44.566] [main/WARN] [epicfight/]: Item Capability Exception: No item named epicfight:greatsword
[13Sep2025 21:39:44.568] [main/WARN] [epicfight/]: Item Capability Exception: No item named dark_souls_expansion:serpent_man_sword
[13Sep2025 21:39:44.631] [main/INFO] [Antique Atlas/]: Apply structure piece config: minecraft:village/snowy/houses/snowy_medium_house_1
[13Sep2025 21:39:44.631] [main/INFO] [Antique Atlas/]: Apply structure piece config: minecraft:village/snowy/houses/snowy_medium_house_2
[13Sep2025 21:39:44.631] [main/INFO] [Antique Atlas/]: Apply structure piece config: minecraft:village/snowy/houses/snowy_medium_house_3
[13Sep2025 21:39:44.631] [main/INFO] [Antique Atlas/]: Apply structure piece config: minecraft:village/taiga/zombie/houses/taiga_shepherds_house_1
[13Sep2025 21:39:44.631] [main/INFO] [Antique Atlas/]: Apply structure piece config: minecraft:village/snowy/houses/snowy_small_house_8
[13Sep2025 21:39:44.631] [main/INFO] [Antique Atlas/]: Apply structure piece config: minecraft:village/snowy/snowy_lamp_post_03
[13Sep2025 21:39:44.631] [main/INFO] [Antique Atlas/]: Apply structure piece config: minecraft:village/snowy/houses/snowy_small_house_7
[13Sep2025 21:39:44.632] [main/INFO] [Antique Atlas/]: Apply structure piece config: minecraft:village/snowy/snowy_lamp_post_02
[13Sep2025 21:39:44.632] [main/INFO] [Antique Atlas/]: Apply structure piece config: minecraft:village/snowy/houses/snowy_small_house_6
[13Sep2025 21:39:44.632] [main/INFO] [Antique Atlas/]: Apply structure piece config: minecraft:village/snowy/snowy_lamp_post_01
[13Sep2025 21:39:44.632] [main/INFO] [Antique Atlas/]: Apply structure piece config: minecraft:village/snowy/houses/snowy_small_house_5
[13Sep2025 21:39:44.632] [main/INFO] [Antique Atlas/]: Apply structure piece config: minecraft:village/snowy/houses/snowy_small_house_4
[13Sep2025 21:39:44.632] [main/INFO] [Antique Atlas/]: Apply structure piece config: minecraft:village/snowy/houses/snowy_small_house_3
[13Sep2025 21:39:44.632] [main/INFO] [Antique Atlas/]: Apply structure piece config: minecraft:village/snowy/houses/snowy_small_house_2
[13Sep2025 21:39:44.632] [main/INFO] [Antique Atlas/]: Apply structure piece config: minecraft:village/snowy/houses/snowy_small_house_1
[13Sep2025 21:39:44.632] [main/INFO] [Antique Atlas/]: Apply structure piece config: minecraft:village/desert/streets/crossroad_02
[13Sep2025 21:39:44.633] [main/INFO] [Antique Atlas/]: Apply structure piece config: minecraft:village/desert/streets/crossroad_03
[13Sep2025 21:39:44.633] [main/INFO] [Antique Atlas/]: Apply structure piece config: minecraft:village/desert/streets/crossroad_01
[13Sep2025 21:39:44.633] [main/INFO] [Antique Atlas/]: Apply structure piece config: minecraft:village/plains/houses/plains_meeting_point_4
[13Sep2025 21:39:44.633] [main/INFO] [Antique Atlas/]: Apply structure piece config: minecraft:village/plains/zombie/streets/straight_01
[13Sep2025 21:39:44.633] [main/INFO] [Antique Atlas/]: Apply structure piece config: minecraft:village/plains/zombie/streets/straight_02
[13Sep2025 21:39:44.633] [main/INFO] [Antique Atlas/]: Apply structure piece config: minecraft:village/plains/zombie/streets/straight_03
[13Sep2025 21:39:44.633] [main/INFO] [Antique Atlas/]: Apply structure piece config: minecraft:village/plains/zombie/streets/straight_04
[13Sep2025 21:39:44.633] [main/INFO] [Antique Atlas/]: Apply structure piece config: minecraft:village/plains/zombie/streets/straight_05
[13Sep2025 21:39:44.633] [main/INFO] [Antique Atlas/]: Apply structure piece config: minecraft:village/plains/zombie/streets/straight_06
[13Sep2025 21:39:44.634] [main/INFO] [Antique Atlas/]: Apply structure piece config: minecraft:village/plains/houses/plains_meeting_point_5
[13Sep2025 21:39:44.634] [main/INFO] [Antique Atlas/]: Apply structure piece config: minecraft:village/plains/streets/straight_01
[13Sep2025 21:39:44.634] [main/INFO] [Antique Atlas/]: Apply structure piece config: minecraft:village/plains/streets/straight_05
[13Sep2025 21:39:44.634] [main/INFO] [Antique Atlas/]: Apply structure piece config: minecraft:village/plains/streets/straight_04
[13Sep2025 21:39:44.634] [main/INFO] [Antique Atlas/]: Apply structure piece config: minecraft:village/plains/streets/straight_03
[13Sep2025 21:39:44.634] [main/INFO] [Antique Atlas/]: Apply structure piece config: minecraft:village/plains/streets/straight_02
[13Sep2025 21:39:44.634] [main/INFO] [Antique Atlas/]: Apply structure piece config: minecraft:village/taiga/houses/taiga_large_farm_1
[13Sep2025 21:39:44.634] [main/INFO] [Antique Atlas/]: Apply structure piece config: minecraft:village/plains/streets/straight_06
[13Sep2025 21:39:44.634] [main/INFO] [Antique Atlas/]: Apply structure piece config: minecraft:village/taiga/houses/taiga_large_farm_2
[13Sep2025 21:39:44.634] [main/INFO] [Antique Atlas/]: Apply structure piece config: minecraft:village/plains/zombie/houses/plains_small_house_5
[13Sep2025 21:39:44.635] [main/INFO] [Antique Atlas/]: Apply structure piece config: minecraft:village/taiga/zombie/houses/taiga_cartographer_house_1
[13Sep2025 21:39:44.635] [main/INFO] [Antique Atlas/]: Apply structure piece config: minecraft:village/plains/zombie/houses/plains_small_house_4
[13Sep2025 21:39:44.635] [main/INFO] [Antique Atlas/]: Apply structure piece config: minecraft:village/plains/zombie/houses/plains_small_house_7
[13Sep2025 21:39:44.635] [main/INFO] [Antique Atlas/]: Apply structure piece config: minecraft:village/desert/zombie/houses/desert_medium_house_1
[13Sep2025 21:39:44.635] [main/INFO] [Antique Atlas/]: Apply structure piece config: minecraft:village/plains/zombie/houses/plains_small_house_6
[13Sep2025 21:39:44.635] [main/INFO] [Antique Atlas/]: Apply structure piece config: minecraft:village/desert/houses/desert_farm_1
[13Sep2025 21:39:44.635] [main/INFO] [Antique Atlas/]: Apply structure piece config: minecraft:village/desert/zombie/houses/desert_medium_house_2
[13Sep2025 21:39:44.635] [main/INFO] [Antique Atlas/]: Apply structure piece config: minecraft:village/desert/houses/desert_farm_2
[13Sep2025 21:39:44.635] [main/INFO] [Antique Atlas/]: Apply structure piece config: minecraft:village/plains/zombie/houses/plains_small_house_8
[13Sep2025 21:39:44.636] [main/INFO] [Antique Atlas/]: Apply structure piece config: minecraft:village/desert/houses/desert_library_1
[13Sep2025 21:39:44.636] [main/INFO] [Antique Atlas/]: Apply structure piece config: minecraft:village/desert/houses/desert_armorer_1
[13Sep2025 21:39:44.636] [main/INFO] [Antique Atlas/]: Apply structure piece config: minecraft:village/savanna/savanna_lamp_post_01
[13Sep2025 21:39:44.636] [main/INFO] [Antique Atlas/]: Apply structure piece config: minecraft:village/desert/zombie/streets/straight_02
[13Sep2025 21:39:44.636] [main/INFO] [Antique Atlas/]: Apply structure piece config: minecraft:village/desert/zombie/streets/straight_01
[13Sep2025 21:39:44.636] [main/INFO] [Antique Atlas/]: Apply structure piece config: minecraft:village/desert/zombie/streets/straight_03
[13Sep2025 21:39:44.636] [main/INFO] [Antique Atlas/]: Apply structure piece config: minecraft:village/plains/zombie/houses/plains_small_house_1
[13Sep2025 21:39:44.636] [main/INFO] [Antique Atlas/]: Apply structure piece config: minecraft:village/plains/zombie/houses/plains_small_house_3
[13Sep2025 21:39:44.636] [main/INFO] [Antique Atlas/]: Apply structure piece config: minecraft:village/plains/zombie/houses/plains_small_house_2
[13Sep2025 21:39:44.637] [main/INFO] [Antique Atlas/]: Apply structure piece config: minecraft:village/savanna/zombie/streets/crossroad_02
[13Sep2025 21:39:44.637] [main/INFO] [Antique Atlas/]: Apply structure piece config: minecraft:village/savanna/zombie/streets/crossroad_03
[13Sep2025 21:39:44.637] [main/INFO] [Antique Atlas/]: Apply structure piece config: minecraft:village/savanna/zombie/streets/crossroad_06
[13Sep2025 21:39:44.637] [main/INFO] [Antique Atlas/]: Apply structure piece config: minecraft:village/savanna/zombie/streets/crossroad_07
[13Sep2025 21:39:44.637] [main/INFO] [Antique Atlas/]: Apply structure piece config: minecraft:village/savanna/zombie/streets/crossroad_04
[13Sep2025 21:39:44.637] [main/INFO] [Antique Atlas/]: Apply structure piece config: minecraft:village/savanna/zombie/streets/crossroad_05
[13Sep2025 21:39:44.637] [main/INFO] [Antique Atlas/]: Apply structure piece config: minecraft:village/plains/houses/plains_stable_2
[13Sep2025 21:39:44.637] [main/INFO] [Antique Atlas/]: Apply structure piece config: minecraft:village/plains/houses/plains_stable_1
[13Sep2025 21:39:44.637] [main/INFO] [Antique Atlas/]: Apply structure piece config: minecraft:village/taiga/zombie/streets/corner_03
[13Sep2025 21:39:44.637] [main/INFO] [Antique Atlas/]: Apply structure piece config: minecraft:village/taiga/houses/taiga_small_house_2
[13Sep2025 21:39:44.638] [main/INFO] [Antique Atlas/]: Apply structure piece config: minecraft:village/taiga/zombie/streets/corner_01
[13Sep2025 21:39:44.638] [main/INFO] [Antique Atlas/]: Apply structure piece config: minecraft:village/taiga/houses/taiga_small_house_1
[13Sep2025 21:39:44.638] [main/INFO] [Antique Atlas/]: Apply structure piece config: minecraft:village/taiga/zombie/streets/corner_02
[13Sep2025 21:39:44.638] [main/INFO] [Antique Atlas/]: Apply structure piece config: minecraft:village/taiga/houses/taiga_small_house_4
[13Sep2025 21:39:44.638] [main/INFO] [Antique Atlas/]: Apply structure piece config: minecraft:village/taiga/houses/taiga_small_house_3
[13Sep2025 21:39:44.638] [main/INFO] [Antique Atlas/]: Apply structure piece config: minecraft:village/taiga/houses/taiga_small_house_5
[13Sep2025 21:39:44.638] [main/INFO] [Antique Atlas/]: Apply structure piece config: minecraft:village/taiga/zombie/streets/turn_01
[13Sep2025 21:39:44.638] [main/INFO] [Antique Atlas/]: Apply structure piece config: minecraft:village/snowy/streets/straight_02
[13Sep2025 21:39:44.638] [main/INFO] [Antique Atlas/]: Apply structure piece config: minecraft:village/snowy/streets/straight_01
[13Sep2025 21:39:44.638] [main/INFO] [Antique Atlas/]: Apply structure piece config: minecraft:village/desert/houses/desert_tannery_1
[13Sep2025 21:39:44.639] [main/INFO] [Antique Atlas/]: Apply structure piece config: minecraft:village/taiga/zombie/houses/taiga_large_farm_2
[13Sep2025 21:39:44.639] [main/INFO] [Antique Atlas/]: Apply structure piece config: minecraft:village/taiga/houses/taiga_animal_pen_1
[13Sep2025 21:39:44.639] [main/INFO] [Antique Atlas/]: Apply structure piece config: minecraft:village/snowy/houses/snowy_fisher_cottage
[13Sep2025 21:39:44.639] [main/INFO] [Antique Atlas/]: Apply structure piece config: minecraft:village/savanna/houses/savanna_weaponsmith_1
[13Sep2025 21:39:44.639] [main/INFO] [Antique Atlas/]: Apply structure piece config: minecraft:village/snowy/zombie/streets/corner_03
[13Sep2025 21:39:44.639] [main/INFO] [Antique Atlas/]: Apply structure piece config: minecraft:village/taiga/streets/corner_01
[13Sep2025 21:39:44.639] [main/INFO] [Antique Atlas/]: Apply structure piece config: minecraft:village/savanna/houses/savanna_weaponsmith_2
[13Sep2025 21:39:44.639] [main/INFO] [Antique Atlas/]: Apply structure piece config: minecraft:village/snowy/zombie/streets/corner_02
[13Sep2025 21:39:44.639] [main/INFO] [Antique Atlas/]: Apply structure piece config: minecraft:village/taiga/streets/corner_02
[13Sep2025 21:39:44.639] [main/INFO] [Antique Atlas/]: Apply structure piece config: minecraft:village/snowy/zombie/streets/corner_01
[13Sep2025 21:39:44.640] [main/INFO] [Antique Atlas/]: Apply structure piece config: minecraft:village/taiga/streets/corner_03
[13Sep2025 21:39:44.640] [main/INFO] [Antique Atlas/]: Apply structure piece config: minecraft:village/plains/zombie/houses/plains_butcher_shop_2
[13Sep2025 21:39:44.640] [main/INFO] [Antique Atlas/]: Apply structure piece config: minecraft:village/savanna/houses/savanna_temple_1
[13Sep2025 21:39:44.640] [main/INFO] [Antique Atlas/]: Apply structure piece config: minecraft:village/savanna/houses/savanna_shepherd_1
[13Sep2025 21:39:44.640] [main/INFO] [Antique Atlas/]: Apply structure piece config: minecraft:village/savanna/houses/savanna_temple_2
[13Sep2025 21:39:44.640] [main/INFO] [Antique Atlas/]: Apply structure piece config: minecraft:village/desert/streets/turn_01
[13Sep2025 21:39:44.640] [main/INFO] [Antique Atlas/]: Apply structure piece config: minecraft:village/desert/zombie/streets/square_02
[13Sep2025 21:39:44.640] [main/INFO] [Antique Atlas/]: Apply structure piece config: minecraft:village/desert/zombie/streets/square_01
[13Sep2025 21:39:44.640] [main/INFO] [Antique Atlas/]: Apply structure piece config: minecraft:village/savanna/town_centers/savanna_meeting_point_2
[13Sep2025 21:39:44.640] [main/INFO] [Antique Atlas/]: Apply structure piece config: minecraft:village/savanna/town_centers/savanna_meeting_point_1
[13Sep2025 21:39:44.641] [main/INFO] [Antique Atlas/]: Apply structure piece config: minecraft:village/plains/zombie/houses/plains_stable_1
[13Sep2025 21:39:44.641] [main/INFO] [Antique Atlas/]: Apply structure piece config: minecraft:village/savanna/town_centers/savanna_meeting_point_4
[13Sep2025 21:39:44.641] [main/INFO] [Antique Atlas/]: Apply structure piece config: minecraft:village/savanna/town_centers/savanna_meeting_point_3
[13Sep2025 21:39:44.641] [main/INFO] [Antique Atlas/]: Apply structure piece config: minecraft:village/snowy/houses/snowy_shepherds_house_1
[13Sep2025 21:39:44.641] [main/INFO] [Antique Atlas/]: Apply structure piece config: minecraft:village/plains/houses/plains_tool_smith_1
[13Sep2025 21:39:44.641] [main/INFO] [Antique Atlas/]: Apply structure piece config: minecraft:village/savanna/zombie/houses/savanna_large_farm_2
[13Sep2025 21:39:44.641] [main/INFO] [Antique Atlas/]: Apply structure piece config: minecraft:village/taiga/zombie/houses/taiga_medium_house_1
[13Sep2025 21:39:44.641] [main/INFO] [Antique Atlas/]: Apply structure piece config: minecraft:village/taiga/zombie/houses/taiga_medium_house_2
[13Sep2025 21:39:44.641] [main/INFO] [Antique Atlas/]: Apply structure piece config: minecraft:village/snowy/houses/snowy_butchers_shop_1
[13Sep2025 21:39:44.641] [main/INFO] [Antique Atlas/]: Apply structure piece config: minecraft:village/taiga/zombie/houses/taiga_medium_house_3
[13Sep2025 21:39:44.641] [main/INFO] [Antique Atlas/]: Apply structure piece config: minecraft:village/snowy/houses/snowy_butchers_shop_2
[13Sep2025 21:39:44.642] [main/INFO] [Antique Atlas/]: Apply structure piece config: minecraft:village/taiga/zombie/houses/taiga_medium_house_4
[13Sep2025 21:39:44.642] [main/INFO] [Antique Atlas/]: Apply structure piece config: minecraft:village/savanna/houses/savanna_fletcher_house_1
[13Sep2025 21:39:44.642] [main/INFO] [Antique Atlas/]: Apply structure piece config: minecraft:village/snowy/streets/straight_08
[13Sep2025 21:39:44.642] [main/INFO] [Antique Atlas/]: Apply structure piece config: minecraft:village/savanna/zombie/streets/corner_01
[13Sep2025 21:39:44.642] [main/INFO] [Antique Atlas/]: Apply structure piece config: minecraft:village/savanna/zombie/streets/corner_03
[13Sep2025 21:39:44.642] [main/INFO] [Antique Atlas/]: Apply structure piece config: minecraft:village/snowy/streets/straight_04
[13Sep2025 21:39:44.642] [main/INFO] [Antique Atlas/]: Apply structure piece config: minecraft:village/snowy/streets/straight_03
[13Sep2025 21:39:44.642] [main/INFO] [Antique Atlas/]: Apply structure piece config: minecraft:village/snowy/streets/straight_06
[13Sep2025 21:39:44.642] [main/INFO] [Antique Atlas/]: Apply structure piece config: minecraft:village/plains/streets/corner_03
[13Sep2025 21:39:44.642] [main/INFO] [Antique Atlas/]: Apply structure piece config: minecraft:village/plains/streets/corner_01
[13Sep2025 21:39:44.643] [main/INFO] [Antique Atlas/]: Apply structure piece config: minecraft:village/taiga/houses/taiga_butcher_shop_1
[13Sep2025 21:39:44.643] [main/INFO] [Antique Atlas/]: Apply structure piece config: minecraft:village/plains/streets/corner_02
[13Sep2025 21:39:44.643] [main/INFO] [Antique Atlas/]: Apply structure piece config: minecraft:village/desert/zombie/town_centers/desert_meeting_point_1
[13Sep2025 21:39:44.643] [main/INFO] [Antique Atlas/]: Apply structure piece config: minecraft:village/desert/zombie/town_centers/desert_meeting_point_3
[13Sep2025 21:39:44.643] [main/INFO] [Antique Atlas/]: Apply structure piece config: minecraft:village/taiga/streets/crossroad_05
[13Sep2025 21:39:44.643] [main/INFO] [Antique Atlas/]: Apply structure piece config: minecraft:village/desert/zombie/town_centers/desert_meeting_point_2
[13Sep2025 21:39:44.643] [main/INFO] [Antique Atlas/]: Apply structure piece config: minecraft:village/taiga/streets/crossroad_06
[13Sep2025 21:39:44.643] [main/INFO] [Antique Atlas/]: Apply structure piece config: minecraft:village/taiga/streets/crossroad_03
[13Sep2025 21:39:44.643] [main/INFO] [Antique Atlas/]: Apply structure piece config: minecraft:village/taiga/streets/crossroad_04
[13Sep2025 21:39:44.644] [main/INFO] [Antique Atlas/]: Apply structure piece config: minecraft:village/snowy/zombie/streets/crossroad_02
[13Sep2025 21:39:44.644] [main/INFO] [Antique Atlas/]: Apply structure piece config: minecraft:village/snowy/zombie/streets/crossroad_03
[13Sep2025 21:39:44.644] [main/INFO] [Antique Atlas/]: Apply structure piece config: minecraft:village/snowy/zombie/streets/crossroad_04
[13Sep2025 21:39:44.644] [main/INFO] [Antique Atlas/]: Apply structure piece config: minecraft:village/plains/houses/plains_cartographer_1
[13Sep2025 21:39:44.644] [main/INFO] [Antique Atlas/]: Apply structure piece config: minecraft:village/snowy/zombie/streets/crossroad_05
[13Sep2025 21:39:44.644] [main/INFO] [Antique Atlas/]: Apply structure piece config: minecraft:village/snowy/zombie/streets/crossroad_06
[13Sep2025 21:39:44.644] [main/INFO] [Antique Atlas/]: Apply structure piece config: minecraft:village/snowy/houses/snowy_masons_house_2
[13Sep2025 21:39:44.644] [main/INFO] [Antique Atlas/]: Apply structure piece config: minecraft:village/snowy/houses/snowy_fletcher_house_1
[13Sep2025 21:39:44.644] [main/INFO] [Antique Atlas/]: Apply structure piece config: minecraft:village/snowy/houses/snowy_masons_house_1
[13Sep2025 21:39:44.645] [main/INFO] [Antique Atlas/]: Apply structure piece config: minecraft:village/snowy/houses/snowy_temple_1
[13Sep2025 21:39:44.645] [main/INFO] [Antique Atlas/]: Apply structure piece config: minecraft:village/taiga/streets/crossroad_01
[13Sep2025 21:39:44.645] [main/INFO] [Antique Atlas/]: Apply structure piece config: minecraft:village/taiga/streets/crossroad_02
[13Sep2025 21:39:44.645] [main/INFO] [Antique Atlas/]: Apply structure piece config: minecraft:village/savanna/streets/straight_02
[13Sep2025 21:39:44.645] [main/INFO] [Antique Atlas/]: Apply structure piece config: minecraft:village/savanna/streets/straight_04
[13Sep2025 21:39:44.645] [main/INFO] [Antique Atlas/]: Apply structure piece config: minecraft:village/taiga/houses/taiga_weaponsmith_2
[13Sep2025 21:39:44.645] [main/INFO] [Antique Atlas/]: Apply structure piece config: minecraft:village/savanna/streets/straight_05
[13Sep2025 21:39:44.645] [main/INFO] [Antique Atlas/]: Apply structure piece config: minecraft:village/taiga/houses/taiga_weaponsmith_1
[13Sep2025 21:39:44.645] [main/INFO] [Antique Atlas/]: Apply structure piece config: minecraft:village/savanna/streets/straight_06
[13Sep2025 21:39:44.646] [main/INFO] [Antique Atlas/]: Apply structure piece config: minecraft:village/savanna/streets/straight_08
[13Sep2025 21:39:44.646] [main/INFO] [Antique Atlas/]: Apply structure piece config: minecraft:village/savanna/streets/straight_09
[13Sep2025 21:39:44.646] [main/INFO] [Antique Atlas/]: Apply structure piece config: minecraft:village/plains/houses/plains_masons_house_1
[13Sep2025 21:39:44.646] [main/INFO] [Antique Atlas/]: Apply structure piece config: minecraft:village/snowy/zombie/streets/turn_01
[13Sep2025 21:39:44.647] [main/INFO] [Antique Atlas/]: Apply structure piece config: minecraft:village/snowy/houses/snowy_animal_pen_2
[13Sep2025 21:39:44.647] [main/INFO] [Antique Atlas/]: Apply structure piece config: minecraft:village/snowy/houses/snowy_animal_pen_1
[13Sep2025 21:39:44.647] [main/INFO] [Antique Atlas/]: Apply structure piece config: minecraft:village/taiga/streets/turn_01
[13Sep2025 21:39:44.647] [main/INFO] [Antique Atlas/]: Apply structure piece config: minecraft:village/desert/zombie/streets/corner_01
[13Sep2025 21:39:44.647] [main/INFO] [Antique Atlas/]: Apply structure piece config: minecraft:village/desert/zombie/streets/corner_02
[13Sep2025 21:39:44.647] [main/INFO] [Antique Atlas/]: Apply structure piece config: minecraft:village/savanna/streets/straight_10
[13Sep2025 21:39:44.647] [main/INFO] [Antique Atlas/]: Apply structure piece config: minecraft:village/savanna/streets/straight_11
[13Sep2025 21:39:44.647] [main/INFO] [Antique Atlas/]: Apply structure piece config: minecraft:village/taiga/houses/taiga_tannery_1
[13Sep2025 21:39:44.647] [main/INFO] [Antique Atlas/]: Apply structure piece config: minecraft:village/savanna/houses/savanna_mason_1
[13Sep2025 21:39:44.647] [main/INFO] [Antique Atlas/]: Apply structure piece config: minecraft:village/desert/houses/desert_mason_1
[13Sep2025 21:39:44.647] [main/INFO] [Antique Atlas/]: Apply structure piece config: minecraft:village/plains/houses/plains_small_house_6
[13Sep2025 21:39:44.647] [main/INFO] [Antique Atlas/]: Apply structure piece config: minecraft:village/plains/houses/plains_small_house_5
[13Sep2025 21:39:44.647] [main/INFO] [Antique Atlas/]: Apply structure piece config: minecraft:village/plains/houses/plains_small_house_8
[13Sep2025 21:39:44.647] [main/INFO] [Antique Atlas/]: Apply structure piece config: minecraft:village/plains/houses/plains_small_house_7
[13Sep2025 21:39:44.647] [main/INFO] [Antique Atlas/]: Apply structure piece config: minecraft:village/plains/houses/plains_small_house_2
[13Sep2025 21:39:44.648] [main/INFO] [Antique Atlas/]: Apply structure piece config: minecraft:village/plains/houses/plains_small_house_1
[13Sep2025 21:39:44.648] [main/INFO] [Antique Atlas/]: Apply structure piece config: minecraft:village/plains/houses/plains_small_house_4
[13Sep2025 21:39:44.648] [main/INFO] [Antique Atlas/]: Apply structure piece config: minecraft:village/plains/houses/plains_small_house_3
[13Sep2025 21:39:44.648] [main/INFO] [Antique Atlas/]: Apply structure piece config: minecraft:village/plains/town_centers/plains_fountain_01
[13Sep2025 21:39:44.648] [main/INFO] [Antique Atlas/]: Apply structure piece config: minecraft:village/snowy/streets/turn_01
[13Sep2025 21:39:44.648] [main/INFO] [Antique Atlas/]: Apply structure piece config: minecraft:village/savanna/houses/savanna_fisher_cottage_1
[13Sep2025 21:39:44.648] [main/INFO] [Antique Atlas/]: Apply structure piece config: minecraft:village/taiga/zombie/houses/taiga_weaponsmith_2
[13Sep2025 21:39:44.648] [main/INFO] [Antique Atlas/]: Apply structure piece config: minecraft:village/snowy/houses/snowy_cartographer_house_1
[13Sep2025 21:39:44.648] [main/INFO] [Antique Atlas/]: Apply structure piece config: minecraft:village/plains/zombie/streets/crossroad_04
[13Sep2025 21:39:44.648] [main/INFO] [Antique Atlas/]: Apply structure piece config: minecraft:village/plains/zombie/streets/crossroad_03
[13Sep2025 21:39:44.648] [main/INFO] [Antique Atlas/]: Apply structure piece config: minecraft:village/plains/zombie/streets/crossroad_02
[13Sep2025 21:39:44.648] [main/INFO] [Antique Atlas/]: Apply structure piece config: minecraft:village/plains/zombie/streets/crossroad_01
[13Sep2025 21:39:44.648] [main/INFO] [Antique Atlas/]: Apply structure piece config: minecraft:village/plains/zombie/streets/crossroad_06
[13Sep2025 21:39:44.648] [main/INFO] [Antique Atlas/]: Apply structure piece config: minecraft:village/plains/zombie/streets/crossroad_05
[13Sep2025 21:39:44.648] [main/INFO] [Antique Atlas/]: Apply structure piece config: minecraft:village/desert/houses/desert_butcher_shop_1
[13Sep2025 21:39:44.649] [main/INFO] [Antique Atlas/]: Apply structure piece config: minecraft:village/plains/zombie/houses/plains_big_house_1
[13Sep2025 21:39:44.649] [main/INFO] [Antique Atlas/]: Apply structure piece config: minecraft:village/snowy/zombie/streets/straight_08
[13Sep2025 21:39:44.649] [main/INFO] [Antique Atlas/]: Apply structure piece config: minecraft:village/snowy/zombie/streets/straight_04
[13Sep2025 21:39:44.649] [main/INFO] [Antique Atlas/]: Apply structure piece config: minecraft:village/snowy/zombie/streets/straight_06
[13Sep2025 21:39:44.649] [main/INFO] [Antique Atlas/]: Apply structure piece config: minecraft:village/snowy/zombie/streets/straight_01
[13Sep2025 21:39:44.649] [main/INFO] [Antique Atlas/]: Apply structure piece config: minecraft:village/snowy/zombie/streets/straight_03
[13Sep2025 21:39:44.650] [main/INFO] [Antique Atlas/]: Apply structure piece config: minecraft:village/snowy/zombie/streets/straight_02
[13Sep2025 21:39:44.650] [main/INFO] [Antique Atlas/]: Apply structure piece config: minecraft:village/desert/desert_lamp_1
[13Sep2025 21:39:44.650] [main/INFO] [Antique Atlas/]: Apply structure piece config: minecraft:village/desert/town_centers/desert_meeting_point_1
[13Sep2025 21:39:44.650] [main/INFO] [Antique Atlas/]: Apply structure piece config: minecraft:village/plains/houses/plains_butcher_shop_1
[13Sep2025 21:39:44.650] [main/INFO] [Antique Atlas/]: Apply structure piece config: minecraft:village/desert/town_centers/desert_meeting_point_2
[13Sep2025 21:39:44.650] [main/INFO] [Antique Atlas/]: Apply structure piece config: minecraft:village/plains/houses/plains_butcher_shop_2
[13Sep2025 21:39:44.650] [main/INFO] [Antique Atlas/]: Apply structure piece config: minecraft:village/savanna/zombie/streets/straight_10
[13Sep2025 21:39:44.650] [main/INFO] [Antique Atlas/]: Apply structure piece config: minecraft:village/savanna/zombie/streets/straight_11
[13Sep2025 21:39:44.650] [main/INFO] [Antique Atlas/]: Apply structure piece config: minecraft:village/savanna/zombie/streets/straight_06
[13Sep2025 21:39:44.650] [main/INFO] [Antique Atlas/]: Apply structure piece config: minecraft:village/savanna/zombie/streets/straight_09
[13Sep2025 21:39:44.650] [main/INFO] [Antique Atlas/]: Apply structure piece config: minecraft:village/taiga/zombie/houses/taiga_small_house_4
[13Sep2025 21:39:44.650] [main/INFO] [Antique Atlas/]: Apply structure piece config: minecraft:village/savanna/zombie/streets/straight_08
[13Sep2025 21:39:44.651] [main/INFO] [Antique Atlas/]: Apply structure piece config: minecraft:village/taiga/zombie/houses/taiga_small_house_5
[13Sep2025 21:39:44.651] [main/INFO] [Antique Atlas/]: Apply structure piece config: minecraft:village/desert/town_centers/desert_meeting_point_3
[13Sep2025 21:39:44.651] [main/INFO] [Antique Atlas/]: Apply structure piece config: minecraft:village/taiga/zombie/houses/taiga_small_house_2
[13Sep2025 21:39:44.651] [main/INFO] [Antique Atlas/]: Apply structure piece config: minecraft:village/taiga/zombie/houses/taiga_small_house_3
[13Sep2025 21:39:44.651] [main/INFO] [Antique Atlas/]: Apply structure piece config: minecraft:village/taiga/zombie/houses/taiga_small_house_1
[13Sep2025 21:39:44.651] [main/INFO] [Antique Atlas/]: Apply structure piece config: minecraft:village/snowy/houses/snowy_tannery_1
[13Sep2025 21:39:44.651] [main/INFO] [Antique Atlas/]: Apply structure piece config: minecraft:village/desert/streets/corner_02
[13Sep2025 21:39:44.651] [main/INFO] [Antique Atlas/]: Apply structure piece config: minecraft:village/desert/zombie/streets/crossroad_01
[13Sep2025 21:39:44.651] [main/INFO] [Antique Atlas/]: Apply structure piece config: minecraft:village/desert/streets/corner_01
[13Sep2025 21:39:44.651] [main/INFO] [Antique Atlas/]: Apply structure piece config: minecraft:village/desert/zombie/streets/crossroad_02
[13Sep2025 21:39:44.651] [main/INFO] [Antique Atlas/]: Apply structure piece config: minecraft:village/desert/streets/straight_02
[13Sep2025 21:39:44.651] [main/INFO] [Antique Atlas/]: Apply structure piece config: minecraft:village/desert/zombie/streets/crossroad_03
[13Sep2025 21:39:44.651] [main/INFO] [Antique Atlas/]: Apply structure piece config: minecraft:village/desert/streets/straight_03
[13Sep2025 21:39:44.651] [main/INFO] [Antique Atlas/]: Apply structure piece config: minecraft:village/desert/streets/straight_01
[13Sep2025 21:39:44.652] [main/INFO] [Antique Atlas/]: Apply structure piece config: minecraft:village/savanna/zombie/streets/straight_02
[13Sep2025 21:39:44.652] [main/INFO] [Antique Atlas/]: Apply structure piece config: minecraft:village/savanna/zombie/streets/straight_05
[13Sep2025 21:39:44.652] [main/INFO] [Antique Atlas/]: Apply structure piece config: minecraft:village/savanna/zombie/streets/straight_04
[13Sep2025 21:39:44.652] [main/INFO] [Antique Atlas/]: Apply structure piece config: minecraft:village/snowy/zombie/streets/crossroad_01
[13Sep2025 21:39:44.652] [main/INFO] [Antique Atlas/]: Apply structure piece config: minecraft:village/plains/zombie/houses/plains_fletcher_house_1
[13Sep2025 21:39:44.652] [main/INFO] [Antique Atlas/]: Apply structure piece config: minecraft:village/plains/houses/plains_library_1
[13Sep2025 21:39:44.652] [main/INFO] [Antique Atlas/]: Apply structure piece config: minecraft:village/plains/houses/plains_library_2
[13Sep2025 21:39:44.652] [main/INFO] [Antique Atlas/]: Apply structure piece config: minecraft:village/desert/houses/desert_temple_2
[13Sep2025 21:39:44.652] [main/INFO] [Antique Atlas/]: Apply structure piece config: minecraft:village/desert/houses/desert_temple_1
[13Sep2025 21:39:44.652] [main/INFO] [Antique Atlas/]: Apply structure piece config: minecraft:village/savanna/houses/savanna_butchers_shop_1
[13Sep2025 21:39:44.652] [main/INFO] [Antique Atlas/]: Apply structure piece config: minecraft:village/snowy/houses/snowy_library_1
[13Sep2025 21:39:44.652] [main/INFO] [Antique Atlas/]: Apply structure piece config: minecraft:village/savanna/houses/savanna_butchers_shop_2
[13Sep2025 21:39:44.652] [main/INFO] [Antique Atlas/]: Apply structure piece config: minecraft:village/plains/houses/plains_weaponsmith_1
[13Sep2025 21:39:44.652] [main/INFO] [Antique Atlas/]: Apply structure piece config: minecraft:village/plains/houses/plains_large_farm_1
[13Sep2025 21:39:44.653] [main/INFO] [Antique Atlas/]: Apply structure piece config: minecraft:village/desert/houses/desert_small_house_5
[13Sep2025 21:39:44.653] [main/INFO] [Antique Atlas/]: Apply structure piece config: minecraft:village/taiga/houses/taiga_medium_house_2
[13Sep2025 21:39:44.653] [main/INFO] [Antique Atlas/]: Apply structure piece config: minecraft:village/desert/houses/desert_small_house_6
[13Sep2025 21:39:44.653] [main/INFO] [Antique Atlas/]: Apply structure piece config: minecraft:village/taiga/houses/taiga_medium_house_1
[13Sep2025 21:39:44.653] [main/INFO] [Antique Atlas/]: Apply structure piece config: minecraft:village/desert/houses/desert_small_house_7
[13Sep2025 21:39:44.653] [main/INFO] [Antique Atlas/]: Apply structure piece config: minecraft:village/taiga/houses/taiga_fletcher_house_1
[13Sep2025 21:39:44.653] [main/INFO] [Antique Atlas/]: Apply structure piece config: minecraft:village/taiga/houses/taiga_medium_house_4
[13Sep2025 21:39:44.653] [main/INFO] [Antique Atlas/]: Apply structure piece config: minecraft:village/desert/houses/desert_small_house_8
[13Sep2025 21:39:44.653] [main/INFO] [Antique Atlas/]: Apply structure piece config: minecraft:village/taiga/houses/taiga_medium_house_3
[13Sep2025 21:39:44.653] [main/INFO] [Antique Atlas/]: Apply structure piece config: minecraft:village/taiga/zombie/houses/taiga_temple_1
[13Sep2025 21:39:44.653] [main/INFO] [Antique Atlas/]: Apply structure piece config: minecraft:village/desert/houses/desert_small_house_1
[13Sep2025 21:39:44.653] [main/INFO] [Antique Atlas/]: Apply structure piece config: minecraft:village/desert/houses/desert_small_house_2
[13Sep2025 21:39:44.654] [main/INFO] [Antique Atlas/]: Apply structure piece config: minecraft:village/desert/houses/desert_small_house_3
[13Sep2025 21:39:44.654] [main/INFO] [Antique Atlas/]: Apply structure piece config: minecraft:village/desert/houses/desert_small_house_4
[13Sep2025 21:39:44.654] [main/INFO] [Antique Atlas/]: Apply structure piece config: minecraft:village/plains/houses/plains_medium_house_2
[13Sep2025 21:39:44.654] [main/INFO] [Antique Atlas/]: Apply structure piece config: minecraft:village/plains/houses/plains_medium_house_1
[13Sep2025 21:39:44.654] [main/INFO] [Antique Atlas/]: Apply structure piece config: minecraft:village/savanna/houses/savanna_small_farm
[13Sep2025 21:39:44.654] [main/INFO] [Antique Atlas/]: Apply structure piece config: minecraft:village/snowy/houses/snowy_farm_2
[13Sep2025 21:39:44.654] [main/INFO] [Antique Atlas/]: Apply structure piece config: minecraft:village/snowy/houses/snowy_farm_1
[13Sep2025 21:39:44.654] [main/INFO] [Antique Atlas/]: Apply structure piece config: minecraft:village/desert/zombie/streets/turn_01
[13Sep2025 21:39:44.654] [main/INFO] [Antique Atlas/]: Apply structure piece config: minecraft:village/snowy/streets/corner_03
[13Sep2025 21:39:44.654] [main/INFO] [Antique Atlas/]: Apply structure piece config: minecraft:village/snowy/streets/corner_02
[13Sep2025 21:39:44.654] [main/INFO] [Antique Atlas/]: Apply structure piece config: minecraft:village/snowy/streets/corner_01
[13Sep2025 21:39:44.654] [main/INFO] [Antique Atlas/]: Apply structure piece config: minecraft:village/savanna/houses/savanna_armorer_1
[13Sep2025 21:39:44.654] [main/INFO] [Antique Atlas/]: Apply structure piece config: minecraft:village/plains/zombie/houses/plains_animal_pen_3
[13Sep2025 21:39:44.654] [main/INFO] [Antique Atlas/]: Apply structure piece config: minecraft:village/snowy/zombie/town_centers/snowy_meeting_point_2
[13Sep2025 21:39:44.655] [main/INFO] [Antique Atlas/]: Apply structure piece config: minecraft:village/snowy/zombie/town_centers/snowy_meeting_point_3
[13Sep2025 21:39:44.655] [main/INFO] [Antique Atlas/]: Apply structure piece config: minecraft:village/plains/houses/plains_big_house_1
[13Sep2025 21:39:44.655] [main/INFO] [Antique Atlas/]: Apply structure piece config: minecraft:village/desert/houses/desert_medium_house_1
[13Sep2025 21:39:44.655] [main/INFO] [Antique Atlas/]: Apply structure piece config: minecraft:village/desert/houses/desert_medium_house_2
[13Sep2025 21:39:44.655] [main/INFO] [Antique Atlas/]: Apply structure piece config: minecraft:village/snowy/zombie/town_centers/snowy_meeting_point_1
[13Sep2025 21:39:44.655] [main/INFO] [Antique Atlas/]: Apply structure piece config: minecraft:village/desert/houses/desert_animal_pen_1
[13Sep2025 21:39:44.655] [main/INFO] [Antique Atlas/]: Apply structure piece config: minecraft:village/desert/houses/desert_animal_pen_2
[13Sep2025 21:39:44.655] [main/INFO] [Antique Atlas/]: Apply structure piece config: minecraft:village/taiga/houses/taiga_armorer_2
[13Sep2025 21:39:44.655] [main/INFO] [Antique Atlas/]: Apply structure piece config: minecraft:village/plains/houses/plains_animal_pen_3
[13Sep2025 21:39:44.655] [main/INFO] [Antique Atlas/]: Apply structure piece config: minecraft:village/plains/houses/plains_animal_pen_2
[13Sep2025 21:39:44.656] [main/INFO] [Antique Atlas/]: Apply structure piece config: minecraft:village/plains/houses/plains_animal_pen_1
[13Sep2025 21:39:44.656] [main/INFO] [Antique Atlas/]: Apply structure piece config: minecraft:village/plains/zombie/houses/plains_medium_house_1
[13Sep2025 21:39:44.656] [main/INFO] [Antique Atlas/]: Apply structure piece config: minecraft:village/savanna/houses/savanna_cartographer_1
[13Sep2025 21:39:44.656] [main/INFO] [Antique Atlas/]: Apply structure piece config: minecraft:village/plains/zombie/houses/plains_medium_house_2
[13Sep2025 21:39:44.656] [main/INFO] [Antique Atlas/]: Apply structure piece config: minecraft:village/savanna/zombie/streets/split_02
[13Sep2025 21:39:44.656] [main/INFO] [Antique Atlas/]: Apply structure piece config: minecraft:village/taiga/zombie/streets/straight_04
[13Sep2025 21:39:44.656] [main/INFO] [Antique Atlas/]: Apply structure piece config: minecraft:village/savanna/zombie/streets/split_01
[13Sep2025 21:39:44.656] [main/INFO] [Antique Atlas/]: Apply structure piece config: minecraft:village/taiga/zombie/streets/straight_05
[13Sep2025 21:39:44.656] [main/INFO] [Antique Atlas/]: Apply structure piece config: minecraft:village/taiga/zombie/streets/straight_06
[13Sep2025 21:39:44.656] [main/INFO] [Antique Atlas/]: Apply structure piece config: minecraft:village/desert/houses/desert_large_farm_1
[13Sep2025 21:39:44.656] [main/INFO] [Antique Atlas/]: Apply structure piece config: minecraft:village/taiga/taiga_lamp_post_1
[13Sep2025 21:39:44.656] [main/INFO] [Antique Atlas/]: Apply structure piece config: minecraft:village/plains/streets/crossroad_05
[13Sep2025 21:39:44.656] [main/INFO] [Antique Atlas/]: Apply structure piece config: minecraft:village/taiga/houses/taiga_library_1
[13Sep2025 21:39:44.657] [main/INFO] [Antique Atlas/]: Apply structure piece config: minecraft:village/plains/streets/crossroad_04
[13Sep2025 21:39:44.657] [main/INFO] [Antique Atlas/]: Apply structure piece config: minecraft:village/plains/streets/crossroad_06
[13Sep2025 21:39:44.657] [main/INFO] [Antique Atlas/]: Apply structure piece config: minecraft:village/taiga/streets/straight_04
[13Sep2025 21:39:44.657] [main/INFO] [Antique Atlas/]: Apply structure piece config: minecraft:village/taiga/streets/straight_03
[13Sep2025 21:39:44.657] [main/INFO] [Antique Atlas/]: Apply structure piece config: minecraft:village/taiga/zombie/streets/straight_01
[13Sep2025 21:39:44.657] [main/INFO] [Antique Atlas/]: Apply structure piece config: minecraft:village/taiga/zombie/town_centers/taiga_meeting_point_2
[13Sep2025 21:39:44.657] [main/INFO] [Antique Atlas/]: Apply structure piece config: minecraft:village/taiga/streets/straight_06
[13Sep2025 21:39:44.657] [main/INFO] [Antique Atlas/]: Apply structure piece config: minecraft:village/taiga/zombie/streets/straight_02
[13Sep2025 21:39:44.657] [main/INFO] [Antique Atlas/]: Apply structure piece config: minecraft:village/taiga/streets/straight_05
[13Sep2025 21:39:44.657] [main/INFO] [Antique Atlas/]: Apply structure piece config: minecraft:village/taiga/zombie/streets/straight_03
[13Sep2025 21:39:44.657] [main/INFO] [Antique Atlas/]: Apply structure piece config: minecraft:village/taiga/zombie/town_centers/taiga_meeting_point_1
[13Sep2025 21:39:44.657] [main/INFO] [Antique Atlas/]: Apply structure piece config: minecraft:village/plains/streets/crossroad_01
[13Sep2025 21:39:44.657] [main/INFO] [Antique Atlas/]: Apply structure piece config: minecraft:village/desert/houses/desert_weaponsmith_1
[13Sep2025 21:39:44.658] [main/INFO] [Antique Atlas/]: Apply structure piece config: minecraft:village/plains/streets/crossroad_03
[13Sep2025 21:39:44.658] [main/INFO] [Antique Atlas/]: Apply structure piece config: minecraft:village/plains/streets/crossroad_02
[13Sep2025 21:39:44.658] [main/INFO] [Antique Atlas/]: Apply structure piece config: minecraft:village/plains/houses/plains_small_farm_1
[13Sep2025 21:39:44.658] [main/INFO] [Antique Atlas/]: Apply structure piece config: minecraft:village/savanna/houses/savanna_animal_pen_1
[13Sep2025 21:39:44.658] [main/INFO] [Antique Atlas/]: Apply structure piece config: minecraft:village/savanna/houses/savanna_animal_pen_2
[13Sep2025 21:39:44.658] [main/INFO] [Antique Atlas/]: Apply structure piece config: minecraft:village/savanna/houses/savanna_animal_pen_3
[13Sep2025 21:39:44.658] [main/INFO] [Antique Atlas/]: Apply structure piece config: minecraft:village/taiga/streets/straight_02
[13Sep2025 21:39:44.658] [main/INFO] [Antique Atlas/]: Apply structure piece config: minecraft:village/taiga/streets/straight_01
[13Sep2025 21:39:44.658] [main/INFO] [Antique Atlas/]: Apply structure piece config: minecraft:village/snowy/zombie/streets/square_01
[13Sep2025 21:39:44.658] [main/INFO] [Antique Atlas/]: Apply structure piece config: minecraft:village/snowy/houses/snowy_weapon_smith_1
[13Sep2025 21:39:44.658] [main/INFO] [Antique Atlas/]: Apply structure piece config: minecraft:village/taiga/houses/taiga_fisher_cottage_1
[13Sep2025 21:39:44.658] [main/INFO] [Antique Atlas/]: Apply structure piece config: minecraft:village/desert/houses/desert_shepherd_house_1
[13Sep2025 21:39:44.658] [main/INFO] [Antique Atlas/]: Apply structure piece config: minecraft:village/taiga/zombie/houses/taiga_library_1
[13Sep2025 21:39:44.658] [main/INFO] [Antique Atlas/]: Apply structure piece config: minecraft:village/plains/houses/plains_accessory_1
[13Sep2025 21:39:44.659] [main/INFO] [Antique Atlas/]: Apply structure piece config: minecraft:village/savanna/streets/turn_01
[13Sep2025 21:39:44.659] [main/INFO] [Antique Atlas/]: Apply structure piece config: minecraft:village/savanna/houses/savanna_large_farm_1
[13Sep2025 21:39:44.659] [main/INFO] [Antique Atlas/]: Apply structure piece config: minecraft:village/savanna/houses/savanna_large_farm_2
[13Sep2025 21:39:44.659] [main/INFO] [Antique Atlas/]: Apply structure piece config: minecraft:village/plains/zombie/houses/plains_shepherds_house_1
[13Sep2025 21:39:44.659] [main/INFO] [Antique Atlas/]: Apply structure piece config: minecraft:village/savanna/houses/savanna_small_house_3
[13Sep2025 21:39:44.659] [main/INFO] [Antique Atlas/]: Apply structure piece config: minecraft:village/savanna/houses/savanna_small_house_4
[13Sep2025 21:39:44.659] [main/INFO] [Antique Atlas/]: Apply structure piece config: minecraft:village/savanna/houses/savanna_small_house_1
[13Sep2025 21:39:44.659] [main/INFO] [Antique Atlas/]: Apply structure piece config: minecraft:village/savanna/houses/savanna_small_house_2
[13Sep2025 21:39:44.659] [main/INFO] [Antique Atlas/]: Apply structure piece config: minecraft:village/savanna/houses/savanna_small_house_7
[13Sep2025 21:39:44.659] [main/INFO] [Antique Atlas/]: Apply structure piece config: minecraft:village/savanna/houses/savanna_small_house_8
[13Sep2025 21:39:44.659] [main/INFO] [Antique Atlas/]: Apply structure piece config: minecraft:village/savanna/zombie/town_centers/savanna_meeting_point_1
[13Sep2025 21:39:44.660] [main/INFO] [Antique Atlas/]: Apply structure piece config: minecraft:village/savanna/houses/savanna_small_house_5
[13Sep2025 21:39:44.660] [main/INFO] [Antique Atlas/]: Apply structure piece config: minecraft:village/savanna/houses/savanna_small_house_6
[13Sep2025 21:39:44.660] [main/INFO] [Antique Atlas/]: Apply structure piece config: minecraft:village/savanna/zombie/town_centers/savanna_meeting_point_4
[13Sep2025 21:39:44.660] [main/INFO] [Antique Atlas/]: Apply structure piece config: minecraft:village/savanna/zombie/town_centers/savanna_meeting_point_2
[13Sep2025 21:39:44.660] [main/INFO] [Antique Atlas/]: Apply structure piece config: minecraft:village/savanna/zombie/town_centers/savanna_meeting_point_3
[13Sep2025 21:39:44.660] [main/INFO] [Antique Atlas/]: Apply structure piece config: minecraft:village/savanna/houses/savanna_tannery_1
[13Sep2025 21:39:44.660] [main/INFO] [Antique Atlas/]: Apply structure piece config: minecraft:village/plains/houses/plains_shepherds_house_1
[13Sep2025 21:39:44.660] [main/INFO] [Antique Atlas/]: Apply structure piece config: minecraft:village/savanna/zombie/houses/savanna_animal_pen_3
[13Sep2025 21:39:44.660] [main/INFO] [Antique Atlas/]: Apply structure piece config: minecraft:village/savanna/zombie/houses/savanna_animal_pen_2
[13Sep2025 21:39:44.660] [main/INFO] [Antique Atlas/]: Apply structure piece config: minecraft:village/plains/town_centers/plains_meeting_point_3
[13Sep2025 21:39:44.660] [main/INFO] [Antique Atlas/]: Apply structure piece config: minecraft:village/taiga/houses/taiga_shepherds_house_1
[13Sep2025 21:39:44.660] [main/INFO] [Antique Atlas/]: Apply structure piece config: minecraft:village/plains/town_centers/plains_meeting_point_2
[13Sep2025 21:39:44.660] [main/INFO] [Antique Atlas/]: Apply structure piece config: minecraft:village/plains/town_centers/plains_meeting_point_1
[13Sep2025 21:39:44.660] [main/INFO] [Antique Atlas/]: Apply structure piece config: minecraft:village/plains/houses/plains_temple_4
[13Sep2025 21:39:44.660] [main/INFO] [Antique Atlas/]: Apply structure piece config: minecraft:village/savanna/streets/crossroad_02
[13Sep2025 21:39:44.661] [main/INFO] [Antique Atlas/]: Apply structure piece config: minecraft:village/snowy/zombie/houses/snowy_medium_house_2
[13Sep2025 21:39:44.661] [main/INFO] [Antique Atlas/]: Apply structure piece config: minecraft:village/snowy/zombie/houses/snowy_medium_house_3
[13Sep2025 21:39:44.661] [main/INFO] [Antique Atlas/]: Apply structure piece config: minecraft:village/savanna/streets/crossroad_04
[13Sep2025 21:39:44.661] [main/INFO] [Antique Atlas/]: Apply structure piece config: minecraft:village/desert/houses/desert_cartographer_house_1
[13Sep2025 21:39:44.661] [main/INFO] [Antique Atlas/]: Apply structure piece config: minecraft:village/plains/houses/plains_temple_3
[13Sep2025 21:39:44.661] [main/INFO] [Antique Atlas/]: Apply structure piece config: minecraft:village/savanna/streets/crossroad_03
[13Sep2025 21:39:44.662] [main/INFO] [Antique Atlas/]: Apply structure piece config: minecraft:village/snowy/zombie/houses/snowy_medium_house_1
[13Sep2025 21:39:44.662] [main/INFO] [Antique Atlas/]: Apply structure piece config: minecraft:village/desert/zombie/houses/desert_small_house_2
[13Sep2025 21:39:44.662] [main/INFO] [Antique Atlas/]: Apply structure piece config: minecraft:village/desert/zombie/houses/desert_small_house_3
[13Sep2025 21:39:44.662] [main/INFO] [Antique Atlas/]: Apply structure piece config: minecraft:village/taiga/zombie/houses/taiga_fisher_cottage_1
[13Sep2025 21:39:44.662] [main/INFO] [Antique Atlas/]: Apply structure piece config: minecraft:village/desert/zombie/houses/desert_small_house_1
[13Sep2025 21:39:44.662] [main/INFO] [Antique Atlas/]: Apply structure piece config: minecraft:village/desert/zombie/houses/desert_small_house_6
[13Sep2025 21:39:44.662] [main/INFO] [Antique Atlas/]: Apply structure piece config: minecraft:village/desert/zombie/houses/desert_small_house_7
[13Sep2025 21:39:44.662] [main/INFO] [Antique Atlas/]: Apply structure piece config: minecraft:village/taiga/houses/taiga_armorer_house_1
[13Sep2025 21:39:44.662] [main/INFO] [Antique Atlas/]: Apply structure piece config: minecraft:village/desert/zombie/houses/desert_small_house_4
[13Sep2025 21:39:44.662] [main/INFO] [Antique Atlas/]: Apply structure piece config: minecraft:village/desert/zombie/houses/desert_small_house_5
[13Sep2025 21:39:44.663] [main/INFO] [Antique Atlas/]: Apply structure piece config: minecraft:village/desert/zombie/houses/desert_small_house_8
[13Sep2025 21:39:44.663] [main/INFO] [Antique Atlas/]: Apply structure piece config: minecraft:village/snowy/streets/square_01
[13Sep2025 21:39:44.663] [main/INFO] [Antique Atlas/]: Apply structure piece config: minecraft:village/taiga/houses/taiga_cartographer_house_1
[13Sep2025 21:39:44.663] [main/INFO] [Antique Atlas/]: Apply structure piece config: minecraft:village/plains/houses/plains_armorer_house_1
[13Sep2025 21:39:44.663] [main/INFO] [Antique Atlas/]: Apply structure piece config: minecraft:village/taiga/houses/taiga_masons_house_1
[13Sep2025 21:39:44.663] [main/INFO] [Antique Atlas/]: Apply structure piece config: minecraft:village/snowy/zombie/houses/snowy_small_house_8
[13Sep2025 21:39:44.663] [main/INFO] [Antique Atlas/]: Apply structure piece config: minecraft:village/snowy/zombie/houses/snowy_small_house_4
[13Sep2025 21:39:44.663] [main/INFO] [Antique Atlas/]: Apply structure piece config: minecraft:village/snowy/zombie/houses/snowy_small_house_5
[13Sep2025 21:39:44.663] [main/INFO] [Antique Atlas/]: Apply structure piece config: minecraft:village/savanna/zombie/houses/savanna_medium_house_2
[13Sep2025 21:39:44.663] [main/INFO] [Antique Atlas/]: Apply structure piece config: minecraft:village/snowy/zombie/houses/snowy_small_house_6
[13Sep2025 21:39:44.663] [main/INFO] [Antique Atlas/]: Apply structure piece config: minecraft:village/snowy/zombie/houses/snowy_small_house_7
[13Sep2025 21:39:44.663] [main/INFO] [Antique Atlas/]: Apply structure piece config: minecraft:village/plains/streets/turn_01
[13Sep2025 21:39:44.663] [main/INFO] [Antique Atlas/]: Apply structure piece config: minecraft:village/snowy/zombie/houses/snowy_small_house_1
[13Sep2025 21:39:44.664] [main/INFO] [Antique Atlas/]: Apply structure piece config: minecraft:village/snowy/zombie/houses/snowy_small_house_2
[13Sep2025 21:39:44.664] [main/INFO] [Antique Atlas/]: Apply structure piece config: minecraft:village/snowy/zombie/houses/snowy_small_house_3
[13Sep2025 21:39:44.664] [main/INFO] [Antique Atlas/]: Apply structure piece config: minecraft:village/plains/houses/plains_fisher_cottage_1
[13Sep2025 21:39:44.664] [main/INFO] [Antique Atlas/]: Apply structure piece config: minecraft:village/savanna/streets/corner_03
[13Sep2025 21:39:44.664] [main/INFO] [Antique Atlas/]: Apply structure piece config: minecraft:village/snowy/houses/snowy_tool_smith_1
[13Sep2025 21:39:44.664] [main/INFO] [Antique Atlas/]: Apply structure piece config: minecraft:village/snowy/town_centers/snowy_meeting_point_2
[13Sep2025 21:39:44.664] [main/INFO] [Antique Atlas/]: Apply structure piece config: minecraft:village/savanna/streets/corner_01
[13Sep2025 21:39:44.664] [main/INFO] [Antique Atlas/]: Apply structure piece config: minecraft:village/snowy/town_centers/snowy_meeting_point_1
[13Sep2025 21:39:44.664] [main/INFO] [Antique Atlas/]: Apply structure piece config: minecraft:village/savanna/zombie/houses/savanna_medium_house_1
[13Sep2025 21:39:44.664] [main/INFO] [Antique Atlas/]: Apply structure piece config: minecraft:village/savanna/streets/crossroad_06
[13Sep2025 21:39:44.664] [main/INFO] [Antique Atlas/]: Apply structure piece config: minecraft:village/savanna/streets/crossroad_05
[13Sep2025 21:39:44.664] [main/INFO] [Antique Atlas/]: Apply structure piece config: minecraft:village/snowy/town_centers/snowy_meeting_point_3
[13Sep2025 21:39:44.664] [main/INFO] [Antique Atlas/]: Apply structure piece config: minecraft:village/savanna/streets/crossroad_07
[13Sep2025 21:39:44.664] [main/INFO] [Antique Atlas/]: Apply structure piece config: minecraft:village/savanna/houses/savanna_library_1
[13Sep2025 21:39:44.664] [main/INFO] [Antique Atlas/]: Apply structure piece config: minecraft:village/desert/streets/square_02
[13Sep2025 21:39:44.665] [main/INFO] [Antique Atlas/]: Apply structure piece config: minecraft:village/desert/streets/square_01
[13Sep2025 21:39:44.665] [main/INFO] [Antique Atlas/]: Apply structure piece config: minecraft:village/savanna/streets/split_01
[13Sep2025 21:39:44.665] [main/INFO] [Antique Atlas/]: Apply structure piece config: minecraft:village/savanna/streets/split_02
[13Sep2025 21:39:44.665] [main/INFO] [Antique Atlas/]: Apply structure piece config: minecraft:village/savanna/houses/savanna_medium_house_1
[13Sep2025 21:39:44.665] [main/INFO] [Antique Atlas/]: Apply structure piece config: minecraft:village/taiga/zombie/streets/crossroad_02
[13Sep2025 21:39:44.665] [main/INFO] [Antique Atlas/]: Apply structure piece config: minecraft:village/savanna/houses/savanna_medium_house_2
[13Sep2025 21:39:44.665] [main/INFO] [Antique Atlas/]: Apply structure piece config: minecraft:village/taiga/zombie/streets/crossroad_03
[13Sep2025 21:39:44.665] [main/INFO] [Antique Atlas/]: Apply structure piece config: minecraft:village/taiga/zombie/streets/crossroad_04
[13Sep2025 21:39:44.665] [main/INFO] [Antique Atlas/]: Apply structure piece config: minecraft:village/taiga/zombie/streets/crossroad_05
[13Sep2025 21:39:44.665] [main/INFO] [Antique Atlas/]: Apply structure piece config: minecraft:village/taiga/zombie/streets/crossroad_06
[13Sep2025 21:39:44.665] [main/INFO] [Antique Atlas/]: Apply structure piece config: minecraft:village/plains/zombie/streets/turn_01
[13Sep2025 21:39:44.665] [main/INFO] [Antique Atlas/]: Apply structure piece config: minecraft:village/savanna/zombie/houses/savanna_small_house_4
[13Sep2025 21:39:44.666] [main/INFO] [Antique Atlas/]: Apply structure piece config: minecraft:village/plains/houses/plains_fletcher_house_1
[13Sep2025 21:39:44.666] [main/INFO] [Antique Atlas/]: Apply structure piece config: minecraft:village/savanna/zombie/houses/savanna_small_house_5
[13Sep2025 21:39:44.666] [main/INFO] [Antique Atlas/]: Apply structure piece config: minecraft:village/savanna/zombie/houses/savanna_small_house_6
[13Sep2025 21:39:44.667] [main/INFO] [Antique Atlas/]: Apply structure piece config: minecraft:village/taiga/town_centers/taiga_meeting_point_1
[13Sep2025 21:39:44.668] [main/INFO] [Antique Atlas/]: Apply structure piece config: minecraft:village/savanna/zombie/houses/savanna_small_house_7
[13Sep2025 21:39:44.668] [main/INFO] [Antique Atlas/]: Apply structure piece config: minecraft:village/taiga/town_centers/taiga_meeting_point_2
[13Sep2025 21:39:44.668] [main/INFO] [Antique Atlas/]: Apply structure piece config: minecraft:village/plains/plains_lamp_1
[13Sep2025 21:39:44.668] [main/INFO] [Antique Atlas/]: Apply structure piece config: minecraft:village/savanna/zombie/houses/savanna_small_house_1
[13Sep2025 21:39:44.668] [main/INFO] [Antique Atlas/]: Apply structure piece config: minecraft:village/savanna/zombie/houses/savanna_small_house_2
[13Sep2025 21:39:44.668] [main/INFO] [Antique Atlas/]: Apply structure piece config: minecraft:village/plains/zombie/town_centers/plains_fountain_01
[13Sep2025 21:39:44.668] [main/INFO] [Antique Atlas/]: Apply structure piece config: minecraft:village/savanna/zombie/houses/savanna_small_house_3
[13Sep2025 21:39:44.668] [main/INFO] [Antique Atlas/]: Apply structure piece config: minecraft:village/plains/houses/plains_tannery_1
[13Sep2025 21:39:44.668] [main/INFO] [Antique Atlas/]: Apply structure piece config: minecraft:village/taiga/zombie/streets/crossroad_01
[13Sep2025 21:39:44.668] [main/INFO] [Antique Atlas/]: Apply structure piece config: minecraft:village/taiga/houses/taiga_tool_smith_1
[13Sep2025 21:39:44.668] [main/INFO] [Antique Atlas/]: Apply structure piece config: minecraft:village/plains/zombie/streets/corner_01
[13Sep2025 21:39:44.669] [main/INFO] [Antique Atlas/]: Apply structure piece config: minecraft:village/desert/houses/desert_fisher_1
[13Sep2025 21:39:44.669] [main/INFO] [Antique Atlas/]: Apply structure piece config: minecraft:village/plains/zombie/streets/corner_02
[13Sep2025 21:39:44.669] [main/INFO] [Antique Atlas/]: Apply structure piece config: minecraft:village/plains/zombie/streets/corner_03
[13Sep2025 21:39:44.669] [main/INFO] [Antique Atlas/]: Apply structure piece config: minecraft:village/taiga/houses/taiga_temple_1
[13Sep2025 21:39:44.669] [main/INFO] [Antique Atlas/]: Apply structure piece config: minecraft:village/desert/houses/desert_tool_smith_1
[13Sep2025 21:39:44.669] [main/INFO] [Antique Atlas/]: Apply structure piece config: minecraft:village/taiga/houses/taiga_small_farm_1
[13Sep2025 21:39:44.669] [main/INFO] [Antique Atlas/]: Apply structure piece config: minecraft:village/plains/zombie/houses/plains_meeting_point_4
[13Sep2025 21:39:44.669] [main/INFO] [Antique Atlas/]: Apply structure piece config: minecraft:village/plains/zombie/houses/plains_meeting_point_5
[13Sep2025 21:39:44.669] [main/INFO] [Antique Atlas/]: Apply structure piece config: minecraft:village/snowy/houses/snowy_armorer_house_2
[13Sep2025 21:39:44.669] [main/INFO] [Antique Atlas/]: Apply structure piece config: minecraft:village/snowy/houses/snowy_armorer_house_1
[13Sep2025 21:39:44.669] [main/INFO] [Antique Atlas/]: Apply structure piece config: minecraft:village/taiga/zombie/houses/taiga_tool_smith_1
[13Sep2025 21:39:44.669] [main/INFO] [Antique Atlas/]: Apply structure piece config: minecraft:village/savanna/zombie/houses/savanna_small_house_8
[13Sep2025 21:39:44.669] [main/INFO] [Antique Atlas/]: Apply structure piece config: minecraft:village/plains/zombie/town_centers/plains_meeting_point_1
[13Sep2025 21:39:44.669] [main/INFO] [Antique Atlas/]: Apply structure piece config: minecraft:village/plains/zombie/town_centers/plains_meeting_point_3
[13Sep2025 21:39:44.670] [main/INFO] [Antique Atlas/]: Apply structure piece config: minecraft:village/plains/zombie/town_centers/plains_meeting_point_2
[13Sep2025 21:39:44.670] [main/INFO] [Antique Atlas/]: Apply structure piece config: minecraft:village/desert/houses/desert_fletcher_house_1
[13Sep2025 21:39:44.670] [main/INFO] [Antique Atlas/]: Apply structure piece config: minecraft:village/snowy/streets/crossroad_04
[13Sep2025 21:39:44.670] [main/INFO] [Antique Atlas/]: Apply structure piece config: minecraft:village/snowy/streets/crossroad_03
[13Sep2025 21:39:44.670] [main/INFO] [Antique Atlas/]: Apply structure piece config: minecraft:village/snowy/streets/crossroad_06
[13Sep2025 21:39:44.670] [main/INFO] [Antique Atlas/]: Apply structure piece config: minecraft:village/snowy/streets/crossroad_05
[13Sep2025 21:39:44.670] [main/INFO] [Antique Atlas/]: Apply structure piece config: minecraft:village/savanna/houses/savanna_tool_smith_1
[13Sep2025 21:39:44.670] [main/INFO] [Antique Atlas/]: Apply structure piece config: minecraft:village/snowy/streets/crossroad_02
[13Sep2025 21:39:44.670] [main/INFO] [Antique Atlas/]: Apply structure piece config: minecraft:village/savanna/zombie/streets/turn_01
[13Sep2025 21:39:44.670] [main/INFO] [Antique Atlas/]: Apply structure piece config: minecraft:village/snowy/streets/crossroad_01
[13Sep2025 21:39:44.689] [main/WARN] [net.minecraft.core.MappedRegistry/]: Not all defined tags for registry ResourceKey[minecraft:root / minecraft:worldgen/biome] are present in data pack: farmers_structures:is_quark_glimer_spawn, quark:has_fallen_jungle
[13Sep2025 21:39:47.908] [main/INFO] [com.ordana.immersive_weathering.ImmersiveWeathering/]: Loaded 78 block growths configurations
[13Sep2025 21:39:47.915] [main/INFO] [com.ordana.immersive_weathering.ImmersiveWeathering/]: Loaded 14 liquid generators configurations
[13Sep2025 21:39:47.969] [main/DEBUG] [net.minecraftforge.common.ForgeHooks/WP]: Gathering id map for writing to world save world
[13Sep2025 21:39:48.017] [main/DEBUG] [net.minecraftforge.common.ForgeHooks/WP]: ID Map collection complete world
[13Sep2025 21:39:48.080] [Server thread/INFO] [net.minecraft.server.dedicated.DedicatedServer/]: Starting minecraft server version 1.20.1
[13Sep2025 21:39:48.081] [Server thread/INFO] [net.minecraft.server.dedicated.DedicatedServer/]: Loading properties
[13Sep2025 21:39:48.081] [Server thread/INFO] [net.minecraft.server.dedicated.DedicatedServer/]: Default game type: SURVIVAL
[13Sep2025 21:39:48.081] [Server thread/INFO] [net.minecraft.server.MinecraftServer/]: Generating keypair
[13Sep2025 21:39:48.183] [Server thread/INFO] [net.minecraft.server.dedicated.DedicatedServer/]: Starting Minecraft server on *:25565
[13Sep2025 21:39:48.185] [Server thread/DEBUG] [net.minecraftforge.network.DualStackUtils/]: Detected IPv6 address: "0:0:0:0:0:0:0:0"
[13Sep2025 21:39:48.192] [Server thread/DEBUG] [io.netty.util.internal.NativeLibraryLoader/]: -Dio.netty.native.workdir: /tmp (io.netty.tmpdir)
[13Sep2025 21:39:48.192] [Server thread/DEBUG] [io.netty.util.internal.NativeLibraryLoader/]: -Dio.netty.native.deleteLibAfterLoading: true
[13Sep2025 21:39:48.192] [Server thread/DEBUG] [io.netty.util.internal.NativeLibraryLoader/]: -Dio.netty.native.tryPatchShadedId: true
[13Sep2025 21:39:48.193] [Server thread/DEBUG] [io.netty.util.internal.NativeLibraryLoader/]: -Dio.netty.native.detectNativeLibraryDuplicates: true
[13Sep2025 21:39:48.200] [Server thread/DEBUG] [io.netty.util.internal.NativeLibraryLoader/]: Successfully loaded the library /tmp/libnetty_transport_native_epoll_x86_648451385298938167532.so
[13Sep2025 21:39:48.203] [Server thread/DEBUG] [io.netty.util.NetUtil/]: -Djava.net.preferIPv4Stack: false
[13Sep2025 21:39:48.203] [Server thread/DEBUG] [io.netty.util.NetUtil/]: -Djava.net.preferIPv6Addresses: true
[13Sep2025 21:39:48.204] [Server thread/DEBUG] [io.netty.util.NetUtilInitializations/]: Loopback interface: lo (lo, 0:0:0:0:0:0:0:1%lo)
[13Sep2025 21:39:48.205] [Server thread/DEBUG] [io.netty.util.NetUtil/]: /proc/sys/net/core/somaxconn: 4096
[13Sep2025 21:39:48.208] [Server thread/INFO] [net.minecraft.server.network.ServerConnectionListener/]: Using epoll channel type
[13Sep2025 21:39:48.223] [Server thread/DEBUG] [io.netty.channel.MultithreadEventLoopGroup/]: -Dio.netty.eventLoopThreads: 8
[13Sep2025 21:39:48.234] [Server thread/DEBUG] [io.netty.util.internal.InternalThreadLocalMap/]: -Dio.netty.threadLocalMap.stringBuilder.initialSize: 1024
[13Sep2025 21:39:48.234] [Server thread/DEBUG] [io.netty.util.internal.InternalThreadLocalMap/]: -Dio.netty.threadLocalMap.stringBuilder.maxSize: 4096
[13Sep2025 21:39:48.243] [Server thread/DEBUG] [io.netty.util.internal.PlatformDependent/]: org.jctools-core.MpscChunkedArrayQueue: available
[13Sep2025 21:39:48.251] [Server thread/DEBUG] [io.netty.channel.DefaultChannelId/]: -Dio.netty.processId: 24878 (auto-detected)
[13Sep2025 21:39:48.263] [Server thread/DEBUG] [io.netty.channel.DefaultChannelId/]: -Dio.netty.machineId: 60:45:bd:ff:fe:ae:59:8e (auto-detected)
[13Sep2025 21:39:48.285] [Server thread/DEBUG] [io.netty.buffer.PooledByteBufAllocator/]: -Dio.netty.allocator.numHeapArenas: 8
[13Sep2025 21:39:48.285] [Server thread/DEBUG] [io.netty.buffer.PooledByteBufAllocator/]: -Dio.netty.allocator.numDirectArenas: 8
[13Sep2025 21:39:48.285] [Server thread/DEBUG] [io.netty.buffer.PooledByteBufAllocator/]: -Dio.netty.allocator.pageSize: 8192
[13Sep2025 21:39:48.285] [Server thread/DEBUG] [io.netty.buffer.PooledByteBufAllocator/]: -Dio.netty.allocator.maxOrder: 9
[13Sep2025 21:39:48.285] [Server thread/DEBUG] [io.netty.buffer.PooledByteBufAllocator/]: -Dio.netty.allocator.chunkSize: 4194304
[13Sep2025 21:39:48.285] [Server thread/DEBUG] [io.netty.buffer.PooledByteBufAllocator/]: -Dio.netty.allocator.smallCacheSize: 256
[13Sep2025 21:39:48.285] [Server thread/DEBUG] [io.netty.buffer.PooledByteBufAllocator/]: -Dio.netty.allocator.normalCacheSize: 64
[13Sep2025 21:39:48.285] [Server thread/DEBUG] [io.netty.buffer.PooledByteBufAllocator/]: -Dio.netty.allocator.maxCachedBufferCapacity: 32768
[13Sep2025 21:39:48.285] [Server thread/DEBUG] [io.netty.buffer.PooledByteBufAllocator/]: -Dio.netty.allocator.cacheTrimInterval: 8192
[13Sep2025 21:39:48.285] [Server thread/DEBUG] [io.netty.buffer.PooledByteBufAllocator/]: -Dio.netty.allocator.cacheTrimIntervalMillis: 0
[13Sep2025 21:39:48.285] [Server thread/DEBUG] [io.netty.buffer.PooledByteBufAllocator/]: -Dio.netty.allocator.useCacheForAllThreads: false
[13Sep2025 21:39:48.285] [Server thread/DEBUG] [io.netty.buffer.PooledByteBufAllocator/]: -Dio.netty.allocator.maxCachedByteBuffersPerChunk: 1023
[13Sep2025 21:39:48.292] [Server thread/DEBUG] [io.netty.buffer.ByteBufUtil/]: -Dio.netty.allocator.type: pooled
[13Sep2025 21:39:48.292] [Server thread/DEBUG] [io.netty.buffer.ByteBufUtil/]: -Dio.netty.threadLocalDirectBufferSize: 0
[13Sep2025 21:39:48.292] [Server thread/DEBUG] [io.netty.buffer.ByteBufUtil/]: -Dio.netty.maxThreadLocalCharBufferSize: 16384
[13Sep2025 21:39:48.300] [Server thread/WARN] [net.minecraft.server.dedicated.DedicatedServer/]: **** SERVER IS RUNNING IN OFFLINE/INSECURE MODE!
[13Sep2025 21:39:48.300] [Server thread/WARN] [net.minecraft.server.dedicated.DedicatedServer/]: The server will make no attempt to authenticate usernames. Beware.
[13Sep2025 21:39:48.300] [Server thread/WARN] [net.minecraft.server.dedicated.DedicatedServer/]: While this makes the game possible to play without internet access, it also opens up the ability for hackers to connect with any username they choose.
[13Sep2025 21:39:48.300] [Server thread/WARN] [net.minecraft.server.dedicated.DedicatedServer/]: To change this, set "online-mode" to "true" in the server.properties file.
[13Sep2025 21:39:48.312] [Server thread/DEBUG] [net.minecraftforge.fml.config.ConfigTracker/CONFIG]: Loading configs type SERVER
[13Sep2025 21:39:48.312] [Server thread/DEBUG] [net.minecraftforge.fml.config.ConfigFileTypeHandler/CONFIG]: Built TOML config for ./world/serverconfig/jei-server.toml
[13Sep2025 21:39:48.312] [Server thread/DEBUG] [net.minecraftforge.fml.config.ConfigFileTypeHandler/CONFIG]: Loaded TOML config file ./world/serverconfig/jei-server.toml
[13Sep2025 21:39:48.313] [Server thread/DEBUG] [net.minecraftforge.fml.config.ConfigFileTypeHandler/CONFIG]: Watching TOML config file ./world/serverconfig/jei-server.toml for changes
[13Sep2025 21:39:48.313] [Server thread/DEBUG] [net.minecraftforge.fml.config.ConfigFileTypeHandler/CONFIG]: Built TOML config for ./world/serverconfig/epicfight-server.toml
[13Sep2025 21:39:48.313] [Server thread/DEBUG] [net.minecraftforge.fml.config.ConfigFileTypeHandler/CONFIG]: Loaded TOML config file ./world/serverconfig/epicfight-server.toml
[13Sep2025 21:39:48.314] [Server thread/DEBUG] [net.minecraftforge.fml.config.ConfigFileTypeHandler/CONFIG]: Watching TOML config file ./world/serverconfig/epicfight-server.toml for changes
[13Sep2025 21:39:48.314] [Server thread/DEBUG] [net.minecraftforge.fml.config.ConfigFileTypeHandler/CONFIG]: Built TOML config for ./world/serverconfig/forge-server.toml
[13Sep2025 21:39:48.314] [Server thread/DEBUG] [net.minecraftforge.fml.config.ConfigFileTypeHandler/CONFIG]: Loaded TOML config file ./world/serverconfig/forge-server.toml
[13Sep2025 21:39:48.314] [Server thread/DEBUG] [net.minecraftforge.fml.config.ConfigFileTypeHandler/CONFIG]: Watching TOML config file ./world/serverconfig/forge-server.toml for changes
[13Sep2025 21:39:48.315] [Server thread/DEBUG] [net.minecraftforge.common.ForgeConfig/FORGEMOD]: Loaded forge config file forge-server.toml
[13Sep2025 21:39:48.315] [Thread-3/DEBUG] [net.minecraftforge.fml.config.ConfigFileTypeHandler/CONFIG]: Config file forge-server.toml changed, sending notifies
[13Sep2025 21:39:48.315] [Thread-3/DEBUG] [net.minecraftforge.common.ForgeConfig/FORGEMOD]: Forge config just got changed on the file system!
[13Sep2025 21:39:48.316] [Thread-3/DEBUG] [net.minecraftforge.fml.config.ConfigFileTypeHandler/CONFIG]: Config file forge-server.toml changed, sending notifies
[13Sep2025 21:39:48.316] [Thread-3/DEBUG] [net.minecraftforge.common.ForgeConfig/FORGEMOD]: Forge config just got changed on the file system!
[13Sep2025 21:39:48.379] [Server thread/INFO] [net.minecraft.server.dedicated.DedicatedServer/]: Preparing level "world"
[13Sep2025 21:39:48.380] [Server thread/INFO] [unionlib/]: Initializing mod on server: unionlib
[13Sep2025 21:39:48.380] [Server thread/INFO] [unionlib/]: Initializing mod on server: antiqueatlas
[13Sep2025 21:39:48.386] [Server thread/DEBUG] [net.minecraftforge.coremod.transformer.CoreModBaseTransformer/COREMOD]: Transforming net/minecraft/world/level/levelgen/PhantomSpawner
[13Sep2025 21:39:48.395] [Server thread/DEBUG] [net.minecraftforge.coremod.transformer.CoreModBaseTransformer/COREMOD]: Transforming net/minecraft/world/level/levelgen/PatrolSpawner
[13Sep2025 21:39:48.400] [Server thread/DEBUG] [mixin/]: Mixing PatrolSpawnerAccessor from friendsandfoes-common.mixins.json into net.minecraft.world.level.levelgen.PatrolSpawner
[13Sep2025 21:39:48.401] [Server thread/DEBUG] [mixin/]: Mixing PatrolSpawnerMixin from friendsandfoes-common.mixins.json into net.minecraft.world.level.levelgen.PatrolSpawner
[13Sep2025 21:39:48.408] [Server thread/DEBUG] [net.minecraftforge.coremod.transformer.CoreModBaseTransformer/COREMOD]: Transforming net/minecraft/world/entity/npc/CatSpawner
[13Sep2025 21:39:48.414] [Server thread/DEBUG] [net.minecraftforge.coremod.transformer.CoreModBaseTransformer/COREMOD]: Transforming net/minecraft/world/entity/ai/village/VillageSiege
[13Sep2025 21:39:48.434] [Server thread/DEBUG] [mixin/]: Mixing common.MixinDamageSources from mixins.epicfight.json into net.minecraft.world.damagesource.DamageSources
[13Sep2025 21:39:48.435] [Server thread/DEBUG] [mixin/]: Mixing CustomDeathMessageMixin from takesapillage.mixins.json into net.minecraft.world.damagesource.DamageSources
[13Sep2025 21:39:48.446] [Server thread/DEBUG] [mixin/]: Mixing collections.entity_ticking.EntityTickListMixin from canary.mixins.json into net.minecraft.world.level.entity.EntityTickList
[13Sep2025 21:39:48.455] [Server thread/DEBUG] [mixin/]: Mixing world.tick_scheduler.LevelChunkTicksMixin from canary.mixins.json into net.minecraft.world.ticks.LevelChunkTicks
[13Sep2025 21:39:48.457] [Server thread/DEBUG] [mixin/]: Renaming synthetic method lambda$queueTick$0(J)Lcom/abdelaziz/canary/common/world/scheduler/OrderedTickQueue; to md089065$lambda$queueTick$0$0 in canary.mixins.json:world.tick_scheduler.LevelChunkTicksMixin
[13Sep2025 21:39:48.503] [Server thread/DEBUG] [mixin/]: Mixing entity.inactive_navigations.EntityCallbacksMixin from canary.mixins.json into net.minecraft.server.level.ServerLevel$EntityCallbacks
[13Sep2025 21:39:48.507] [Server thread/DEBUG] [mixin/]: Mixing ai.replace_streams.storage.PersistentEntitySectionManagerMixin from canary.mixins.json into net.minecraft.world.level.entity.PersistentEntitySectionManager
[13Sep2025 21:39:48.508] [Server thread/DEBUG] [mixin/]: Renaming synthetic method lambda$processChunkUnload$0(Lnet/minecraft/world/level/entity/EntityAccess;)V to md089065$lambda$processChunkUnload$0$0 in canary.mixins.json:ai.replace_streams.storage.PersistentEntitySectionManagerMixin
[13Sep2025 21:39:48.512] [Server thread/DEBUG] [mixin/]: Mixing util.accessors.PersistentEntitySectionManagerAccessor from canary.mixins.json into net.minecraft.world.level.entity.PersistentEntitySectionManager
[13Sep2025 21:39:48.521] [Server thread/DEBUG] [mixin/]: Mixing entity.fast_retrieval.EntitySectionStorageMixin from canary.mixins.json into net.minecraft.world.level.entity.EntitySectionStorage
[13Sep2025 21:39:48.523] [Server thread/DEBUG] [mixin/]: Mixing util.entity_movement_tracking.EntitySectionStorageMixin from canary.mixins.json into net.minecraft.world.level.entity.EntitySectionStorage
[13Sep2025 21:39:48.526] [Server thread/DEBUG] [mixin/]: Mixing util.entity_section_position.EntitySectionStorageMixin from canary.mixins.json into net.minecraft.world.level.entity.EntitySectionStorage
[13Sep2025 21:39:48.553] [Server thread/DEBUG] [mixin/]: Mixing chunk.replace_streams.DistanceManagerMixin from canary.mixins.json into net.minecraft.server.level.DistanceManager
[13Sep2025 21:39:48.721] [Server thread/DEBUG] [mixin/]: Mixing chunk.no_validation.SimpleBitStorageMixin from canary.mixins.json into net.minecraft.util.SimpleBitStorage
[13Sep2025 21:39:48.721] [Server thread/DEBUG] [mixin/]: Mixing chunk.serialization.SimpleBitStorageMixin from canary.mixins.json into net.minecraft.util.SimpleBitStorage
[13Sep2025 21:39:48.786] [Server thread/DEBUG] [mixin/]: Mixing ai.poi.PoiManagerMixin from canary.mixins.json into net.minecraft.world.entity.ai.village.poi.PoiManager
[13Sep2025 21:39:48.788] [Server thread/DEBUG] [mixin/]: Renaming synthetic method lambda$withinSphereChunkSectionSorted$6(Lnet/minecraft/core/BlockPos;DLjava/util/ArrayList;Lnet/minecraft/world/entity/ai/village/poi/PoiRecord;)V to md089065$lambda$withinSphereChunkSectionSorted$6$0 in canary.mixins.json:ai.poi.PoiManagerMixin
[13Sep2025 21:39:48.788] [Server thread/DEBUG] [mixin/]: Renaming synthetic method lambda$withinSphereChunkSectionSortedStream$5(Ljava/util/function/Predicate;Lnet/minecraft/world/entity/ai/village/poi/PoiManager$Occupancy;Lnet/minecraft/core/BlockPos;DLjava/util/stream/Stream;)Ljava/util/stream/Stream; to md089065$lambda$withinSphereChunkSectionSortedStream$5$1 in canary.mixins.json:ai.poi.PoiManagerMixin
[13Sep2025 21:39:48.788] [Server thread/DEBUG] [mixin/]: Renaming synthetic method lambda$withinSphereChunkSectionSortedStream$4(Ljava/util/function/Predicate;Lnet/minecraft/world/entity/ai/village/poi/PoiManager$Occupancy;Lnet/minecraft/core/BlockPos;DLnet/minecraft/world/entity/ai/village/poi/PoiSection;)Ljava/util/stream/Stream; to md089065$lambda$withinSphereChunkSectionSortedStream$4$2 in canary.mixins.json:ai.poi.PoiManagerMixin
[13Sep2025 21:39:48.788] [Server thread/DEBUG] [mixin/]: Renaming synthetic method lambda$withinSphereChunkSectionSortedStream$3(Lnet/minecraft/core/BlockPos;DLnet/minecraft/world/entity/ai/village/poi/PoiRecord;)Z to md089065$lambda$withinSphereChunkSectionSortedStream$3$3 in canary.mixins.json:ai.poi.PoiManagerMixin
[13Sep2025 21:39:48.788] [Server thread/DEBUG] [mixin/]: Renaming synthetic method lambda$findNearestForPortalLogic$2(Lnet/minecraft/world/level/border/WorldBorder;Ljava/util/function/Predicate;Lnet/minecraft/world/entity/ai/village/poi/PoiRecord;)Z to md089065$lambda$findNearestForPortalLogic$2$4 in canary.mixins.json:ai.poi.PoiManagerMixin
[13Sep2025 21:39:48.788] [Server thread/DEBUG] [mixin/]: Renaming synthetic method lambda$findClosest$1(Ljava/util/function/Predicate;Lnet/minecraft/world/entity/ai/village/poi/PoiRecord;)Z to md089065$lambda$findClosest$1$5 in canary.mixins.json:ai.poi.PoiManagerMixin
[13Sep2025 21:39:48.789] [Server thread/DEBUG] [mixin/]: Renaming synthetic method lambda$getInChunk$0(Ljava/util/function/Predicate;Lnet/minecraft/world/entity/ai/village/poi/PoiManager$Occupancy;Lnet/minecraft/world/entity/ai/village/poi/PoiSection;)Ljava/util/stream/Stream; to md089065$lambda$getInChunk$0$6 in canary.mixins.json:ai.poi.PoiManagerMixin
[13Sep2025 21:39:48.794] [Server thread/DEBUG] [mixin/]: Mixing ai.poi.fast_portals.PoiManagerMixin from canary.mixins.json into net.minecraft.world.entity.ai.village.poi.PoiManager
[13Sep2025 21:39:48.812] [Server thread/DEBUG] [mixin/]: Mixing ai.poi.SectionStorageMixin from canary.mixins.json into net.minecraft.world.level.chunk.storage.SectionStorage
[13Sep2025 21:39:48.814] [Server thread/DEBUG] [mixin/]: Renaming synthetic method lambda$getInChunkColumn$0(Ljava/util/BitSet;Lit/unimi/dsi/fastutil/longs/Long2ObjectMap;ILnet/minecraft/world/level/LevelHeightAccessor;I)Ljava/util/Iterator; to md089065$lambda$getInChunkColumn$0$0 in canary.mixins.json:ai.poi.SectionStorageMixin
[13Sep2025 21:39:48.826] [Server thread/DEBUG] [mixin/]: Mixing ai.poi.PoiSectionMixin from canary.mixins.json into net.minecraft.world.entity.ai.village.poi.PoiSection
[13Sep2025 21:39:48.826] [Server thread/DEBUG] [mixin/]: Renaming synthetic method lambda$computeIfAbsent$0(Ljava/lang/Object;)Ljava/lang/Object; to md089065$lambda$computeIfAbsent$0$0 in canary.mixins.json:ai.poi.PoiSectionMixin
[13Sep2025 21:39:48.844] [Server thread/DEBUG] [mixin/]: Mixing ai.poi.fast_portals.PortalForcerMixin from canary.mixins.json into net.minecraft.world.level.portal.PortalForcer
[13Sep2025 21:39:48.845] [Server thread/DEBUG] [mixin/]: Renaming synthetic method lambda$findPortalAround$2(Lnet/minecraft/world/entity/ai/village/poi/PoiRecord;)Lnet/minecraft/BlockUtil$FoundRectangle; to md089065$lambda$findPortalAround$2$0 in canary.mixins.json:ai.poi.fast_portals.PortalForcerMixin
[13Sep2025 21:39:48.845] [Server thread/DEBUG] [mixin/]: Renaming synthetic method lambda$findPortalAround$1(Lnet/minecraft/world/level/block/state/BlockState;Lnet/minecraft/core/BlockPos;)Z to md089065$lambda$findPortalAround$1$1 in canary.mixins.json:ai.poi.fast_portals.PortalForcerMixin
[13Sep2025 21:39:48.845] [Server thread/DEBUG] [mixin/]: Renaming synthetic method lambda$findPortalAround$0(Lnet/minecraft/world/entity/ai/village/poi/PoiRecord;)Z to md089065$lambda$findPortalAround$0$2 in canary.mixins.json:ai.poi.fast_portals.PortalForcerMixin
[13Sep2025 21:39:51.860] [Server thread/INFO] [net.minecraft.server.MinecraftServer/]: Preparing start region for dimension minecraft:overworld
[13Sep2025 21:39:51.862] [Server thread/DEBUG] [mixin/]: Mixing world.chunk_tickets.SortedArraySetMixin from canary.mixins.json into net.minecraft.util.SortedArraySet
[13Sep2025 21:39:51.878] [Server thread/DEBUG] [mixin/]: Mixing chunk.replace_streams.ChunkHolderMixin from canary.mixins.json into net.minecraft.server.level.ChunkHolder
[13Sep2025 21:39:51.878] [Server thread/DEBUG] [mixin/]: Mixing world.chunk_access.ChunkHolderMixin from canary.mixins.json into net.minecraft.server.level.ChunkHolder
[13Sep2025 21:39:52.619] [Server thread/DEBUG] [mixin/]: Mixing chunk.palette.PalettedContainerMixin from canary.mixins.json into net.minecraft.world.level.chunk.PalettedContainer$Strategy
[13Sep2025 21:39:52.624] [Server thread/DEBUG] [mixin/]: Generating mapped inner class net/minecraft/world/level/chunk/PalettedContainer$Strategy$Anonymous$19aa0966e1c34dcf9cd109ba2da01d79 (originally com/abdelaziz/canary/mixin/chunk/palette/PalettedContainerMixin$1)
[13Sep2025 21:39:52.625] [Server thread/DEBUG] [mixin/]: Generating mapped inner class net/minecraft/world/level/chunk/PalettedContainer$Strategy$Anonymous$575ca1d91bee417988a7eff8f3aa1bc8 (originally com/abdelaziz/canary/mixin/chunk/palette/PalettedContainerMixin$2)
[13Sep2025 21:39:52.628] [Server thread/DEBUG] [mixin/]: Mixing chunk.serialization.PalettedContainerMixin from canary.mixins.json into net.minecraft.world.level.chunk.PalettedContainer
[13Sep2025 21:39:52.629] [Server thread/DEBUG] [mixin/]: Renaming synthetic method lambda$count$2([SI)V to md089065$lambda$count$2$0 in canary.mixins.json:chunk.serialization.PalettedContainerMixin
[13Sep2025 21:39:52.629] [Server thread/DEBUG] [mixin/]: Renaming synthetic method lambda$static$1()[S to md089065$lambda$static$1$1 in canary.mixins.json:chunk.serialization.PalettedContainerMixin
[13Sep2025 21:39:52.629] [Server thread/DEBUG] [mixin/]: Renaming synthetic method lambda$static$0()[S to md089065$lambda$static$0$2 in canary.mixins.json:chunk.serialization.PalettedContainerMixin
[13Sep2025 21:39:52.667] [Server thread/DEBUG] [mixin/]: Mixing chunk.no_validation.ZeroBitStorageMixin from canary.mixins.json into net.minecraft.util.ZeroBitStorage
[13Sep2025 21:39:53.159] [Server thread/DEBUG] [net.minecraftforge.coremod.transformer.CoreModBaseTransformer/COREMOD]: Transforming net/minecraft/world/level/levelgen/structure/templatesystem/StructureTemplate
[13Sep2025 21:39:56.783] [Worker-Main-2/INFO] [net.minecraft.server.level.progress.LoggerChunkProgressListener/]: Preparing spawn area: 0%
[13Sep2025 21:39:56.785] [Worker-Main-2/INFO] [net.minecraft.server.level.progress.LoggerChunkProgressListener/]: Preparing spawn area: 0%
[13Sep2025 21:39:56.785] [Worker-Main-1/INFO] [net.minecraft.server.level.progress.LoggerChunkProgressListener/]: Preparing spawn area: 0%
[13Sep2025 21:39:56.786] [Worker-Main-2/INFO] [net.minecraft.server.level.progress.LoggerChunkProgressListener/]: Preparing spawn area: 0%
[13Sep2025 21:39:56.786] [Worker-Main-2/INFO] [net.minecraft.server.level.progress.LoggerChunkProgressListener/]: Preparing spawn area: 0%
[13Sep2025 21:39:56.787] [Worker-Main-2/INFO] [net.minecraft.server.level.progress.LoggerChunkProgressListener/]: Preparing spawn area: 0%
[13Sep2025 21:39:56.787] [Worker-Main-1/INFO] [net.minecraft.server.level.progress.LoggerChunkProgressListener/]: Preparing spawn area: 0%
[13Sep2025 21:39:56.788] [Worker-Main-3/INFO] [net.minecraft.server.level.progress.LoggerChunkProgressListener/]: Preparing spawn area: 0%
[13Sep2025 21:39:56.789] [Worker-Main-1/INFO] [net.minecraft.server.level.progress.LoggerChunkProgressListener/]: Preparing spawn area: 0%
[13Sep2025 21:39:56.789] [Worker-Main-2/INFO] [net.minecraft.server.level.progress.LoggerChunkProgressListener/]: Preparing spawn area: 0%
[13Sep2025 21:39:56.861] [Worker-Main-2/INFO] [net.minecraft.server.level.progress.LoggerChunkProgressListener/]: Preparing spawn area: 0%
[13Sep2025 21:39:57.127] [Server thread/DEBUG] [mixin/]: Mixing world.block_entity_ticking.sleeping.RebindableTickingBlockEntityWrapperAccessor from canary.mixins.json into net.minecraft.world.level.chunk.LevelChunk$RebindableTickingBlockEntityWrapper
[13Sep2025 21:39:57.129] [Server thread/DEBUG] [mixin/]: Mixing world.block_entity_ticking.world_border.BoundTickingBlockEntityMixin from canary.mixins.json into net.minecraft.world.level.chunk.LevelChunk$BoundTickingBlockEntity
[13Sep2025 21:39:57.204] [Server thread/DEBUG] [mixin/]: Mixing entity.collisions.unpushable_cramming.EntitySectionMixin from canary.mixins.json into net.minecraft.world.level.entity.EntitySection
[13Sep2025 21:39:57.207] [Server thread/DEBUG] [mixin/]: Mixing util.accessors.EntitySectionAccessor from canary.mixins.json into net.minecraft.world.level.entity.EntitySection
[13Sep2025 21:39:57.208] [Server thread/DEBUG] [mixin/]: Mixing util.entity_movement_tracking.EntitySectionMixin from canary.mixins.json into net.minecraft.world.level.entity.EntitySection
[13Sep2025 21:39:57.210] [Server thread/DEBUG] [mixin/]: Mixing util.entity_section_position.EntitySectionMixin from canary.mixins.json into net.minecraft.world.level.entity.EntitySection
[13Sep2025 21:39:57.361] [Worker-Main-1/INFO] [net.minecraft.server.level.progress.LoggerChunkProgressListener/]: Preparing spawn area: 18%
[13Sep2025 21:39:57.397] [Server thread/DEBUG] [mixin/]: Mixing LimbAnimatorAccessor from friendsandfoes-common.mixins.json into net.minecraft.world.entity.WalkAnimationState
[13Sep2025 21:39:57.403] [Server thread/DEBUG] [mixin/]: Mixing collections.attributes.AttributeMapMixin from canary.mixins.json into net.minecraft.world.entity.ai.attributes.AttributeMap
[13Sep2025 21:39:57.408] [Server thread/DEBUG] [mixin/]: Mixing accessor.BrainAccessor from moonlight-common.mixins.json into net.minecraft.world.entity.ai.Brain
[13Sep2025 21:39:57.408] [Server thread/DEBUG] [mixin/]: Mixing ai.task.launch.BrainMixin from canary.mixins.json into net.minecraft.world.entity.ai.Brain
[13Sep2025 21:39:57.421] [Server thread/DEBUG] [mixin/]: Mixing ai.task.memory_change_counting.BrainMixin from canary.mixins.json into net.minecraft.world.entity.ai.Brain
[13Sep2025 21:39:57.421] [Server thread/DEBUG] [mixin/]: Mixing collections.brain.BrainMixin from canary.mixins.json into net.minecraft.world.entity.ai.Brain
[13Sep2025 21:39:57.471] [Server thread/DEBUG] [mixin/]: Mixing collections.goals.GoalSelectorMixin from canary.mixins.json into net.minecraft.world.entity.ai.goal.GoalSelector
[13Sep2025 21:39:57.516] [Server thread/DEBUG] [mixin/]: Mixing PacketDistributorHackMixin from moonlight.mixins.json into net.minecraftforge.network.PacketDistributor
[13Sep2025 21:39:57.530] [Server thread/DEBUG] [io.netty.buffer.AbstractByteBuf/]: -Dio.netty.buffer.checkAccessible: true
[13Sep2025 21:39:57.530] [Server thread/DEBUG] [io.netty.buffer.AbstractByteBuf/]: -Dio.netty.buffer.checkBounds: true
[13Sep2025 21:39:57.532] [Server thread/DEBUG] [io.netty.util.ResourceLeakDetectorFactory/]: Loaded default ResourceLeakDetector: io.netty.util.ResourceLeakDetector@7d9044a3
[13Sep2025 21:39:57.751] [Server thread/DEBUG] [mixin/]: Mixing ai.pathing.FlyNodeEvaluatorMixin from canary.mixins.json into net.minecraft.world.level.pathfinder.FlyNodeEvaluator
[13Sep2025 21:39:57.861] [Worker-Main-3/INFO] [net.minecraft.server.level.progress.LoggerChunkProgressListener/]: Preparing spawn area: 94%
[13Sep2025 21:39:58.013] [Server thread/DEBUG] [mixin/]: Mixing VillagerTaskListProviderMixin from friendsandfoes-common.mixins.json into net.minecraft.world.entity.ai.behavior.VillagerGoalPackages
[13Sep2025 21:39:58.017] [Server thread/DEBUG] [mixin/]: Mixing ai.task.memory_change_counting.BehaviorMixin from canary.mixins.json into net.minecraft.world.entity.ai.behavior.Behavior
[13Sep2025 21:39:58.029] [Server thread/DEBUG] [mixin/]: Mixing ai.task.replace_streams.GateBehaviorMixin from canary.mixins.json into net.minecraft.world.entity.ai.behavior.GateBehavior
[13Sep2025 21:39:58.044] [Server thread/DEBUG] [mixin/]: Mixing ai.task.replace_streams.ShufflingListMixin from canary.mixins.json into net.minecraft.world.entity.ai.behavior.ShufflingList
[13Sep2025 21:39:58.114] [Server thread/DEBUG] [mixin/]: Mixing ai.poi.tasks.LocateHidingPlaceMixin from canary.mixins.json into net.minecraft.world.entity.ai.behavior.LocateHidingPlace
[13Sep2025 21:39:58.223] [Server thread/INFO] [net.minecraft.server.level.progress.LoggerChunkProgressListener/]: Time elapsed: 6362 ms
[13Sep2025 21:39:58.224] [Server thread/INFO] [net.minecraft.server.dedicated.DedicatedServer/]: Done (9.912s)! For help, type "help"
[13Sep2025 21:39:58.232] [Server thread/DEBUG] [net.minecraftforge.network.DualStackUtils/]: Detected IPv6 address: "0:0:0:0:0:0:0:0"
[13Sep2025 21:39:58.257] [Server thread/DEBUG] [net.minecraftforge.common.ForgeI18n/CORE]: Loading I18N data entries: 5620
[13Sep2025 21:39:58.260] [Server thread/INFO] [net.minecraftforge.server.permission.PermissionAPI/]: Successfully initialized permission handler forge:default_handler
[13Sep2025 21:39:58.261] [Server thread/INFO] [patchouli/]: Sending reload packet to clients
[13Sep2025 21:39:58.263] [Server thread/WARN] [voicechat/]: [voicechat] Running in offline mode - Voice chat encryption is not secure!
[13Sep2025 21:39:58.268] [Server thread/DEBUG] [voicechat/]: [voicechat] Using default voicechat socket implementation
[13Sep2025 21:39:58.274] [VoiceChatServerThread/INFO] [voicechat/]: [voicechat] Voice chat server started at port 24454
[13Sep2025 21:39:58.306] [Server thread/DEBUG] [net.minecraftforge.coremod.transformer.CoreModBaseTransformer/COREMOD]: Transforming net/minecraft/world/level/NaturalSpawner
[13Sep2025 21:39:58.344] [Server thread/DEBUG] [mixin/]: Mixing chunk.entity_class_groups.ClassInstanceMultiMapMixin from canary.mixins.json into net.minecraft.util.ClassInstanceMultiMap
[13Sep2025 21:39:58.347] [Server thread/DEBUG] [mixin/]: Mixing collections.entity_by_type.ClassInstanceMultiMapMixin from canary.mixins.json into net.minecraft.util.ClassInstanceMultiMap
[13Sep2025 21:39:58.347] [Server thread/DEBUG] [mixin/]: Mixing collections.entity_filtering.ClassInstanceMultiMapMixin from canary.mixins.json into net.minecraft.util.ClassInstanceMultiMap
[13Sep2025 21:39:58.415] [Server thread/DEBUG] [mixin/]: Mixing util.entity_movement_tracking.PersistentEntitySectionManagerMixin from canary.mixins.json into net.minecraft.world.level.entity.PersistentEntitySectionManager$Callback
[13Sep2025 21:39:58.421] [Server thread/DEBUG] [mixin/]: Mixing alloc.entity_tracker.TrackedEntityMixin from canary.mixins.json into net.minecraft.server.level.ChunkMap$TrackedEntity
[13Sep2025 21:39:58.423] [Server thread/DEBUG] [mixin/]: Mixing chunk.replace_streams.ServerEntityMixin from canary.mixins.json into net.minecraft.server.level.ServerEntity
[13Sep2025 21:39:58.690] [Server thread/DEBUG] [mixin/]: Mixing cached_hashcode.BlockStatePairKeyMixin from canary.mixins.json into net.minecraft.world.level.block.Block$BlockStatePairKey
[13Sep2025 21:39:58.768] [Server thread/DEBUG] [mixin/]: Mixing ai.pathing.PathNavigationRegionMixin from canary.mixins.json into net.minecraft.world.level.PathNavigationRegion
[13Sep2025 21:39:58.770] [Server thread/DEBUG] [mixin/]: Mixing util.chunk_access.PathNavigationRegionMixin from canary.mixins.json into net.minecraft.world.level.PathNavigationRegion
[13Sep2025 21:40:13.885] [Netty Epoll Server IO #1/DEBUG] [mixin/]: Mixing MapItemDataPacketMixin from moonlight-common.mixins.json into net.minecraft.network.protocol.game.ClientboundMapItemDataPacket
[13Sep2025 21:40:13.885] [Netty Epoll Server IO #1/DEBUG] [mixin/]: Renaming synthetic method lambda$moonlight$sendCustomDecorations$1(I)[Lnet/mehvahdjukaar/moonlight/api/map/CustomMapDecoration; to md089065$lambda$moonlight$sendCustomDecorations$1$0 in moonlight-common.mixins.json:MapItemDataPacketMixin
[13Sep2025 21:40:13.885] [Netty Epoll Server IO #1/DEBUG] [mixin/]: Renaming synthetic method lambda$moonlight$sendCustomDecorations$0(Lnet/minecraft/network/FriendlyByteBuf;Lnet/mehvahdjukaar/moonlight/api/map/CustomMapDecoration;)Lnet/mehvahdjukaar/moonlight/api/map/CustomMapDecoration; to md089065$lambda$moonlight$sendCustomDecorations$0$1 in moonlight-common.mixins.json:MapItemDataPacketMixin
[13Sep2025 21:40:14.096] [Netty Epoll Server IO #1/DEBUG] [io.netty.util.Recycler/]: -Dio.netty.recycler.maxCapacityPerThread: 4096
[13Sep2025 21:40:14.096] [Netty Epoll Server IO #1/DEBUG] [io.netty.util.Recycler/]: -Dio.netty.recycler.ratio: 8
[13Sep2025 21:40:14.096] [Netty Epoll Server IO #1/DEBUG] [io.netty.util.Recycler/]: -Dio.netty.recycler.chunkSize: 32
[13Sep2025 21:40:14.096] [Netty Epoll Server IO #1/DEBUG] [io.netty.util.Recycler/]: -Dio.netty.recycler.blocking: false
[13Sep2025 21:40:15.765] [Netty Epoll Server IO #2/DEBUG] [net.minecraftforge.network.HandshakeHandler/FMLHANDSHAKE]: Starting new modded impl connection. Found 28 messages to dispatch.
[13Sep2025 21:40:15.774] [Server thread/DEBUG] [net.minecraftforge.network.HandshakeHandler/FMLHANDSHAKE]: Sending ticking packet info 'net.minecraftforge.network.HandshakeMessages$S2CModData' to 'fml:handshake' sequence 0
[13Sep2025 21:40:15.824] [Server thread/DEBUG] [net.minecraftforge.network.HandshakeHandler/FMLHANDSHAKE]: Sending ticking packet info 'net.minecraftforge.network.HandshakeMessages$S2CModList' to 'fml:handshake' sequence 1
[13Sep2025 21:40:15.874] [Server thread/DEBUG] [net.minecraftforge.network.HandshakeHandler/FMLHANDSHAKE]: Sending ticking packet info 'Registry minecraft:command_argument_type' to 'fml:handshake' sequence 2
[13Sep2025 21:40:15.890] [Netty Epoll Server IO #2/DEBUG] [net.minecraftforge.network.LoginWrapper/FMLHANDSHAKE]: Recieved login wrapper packet event for channel fml:handshake with index 1
[13Sep2025 21:40:15.893] [Netty Epoll Server IO #2/DEBUG] [net.minecraftforge.network.HandshakeHandler/FMLHANDSHAKE]: Received client indexed reply 1 of type net.minecraftforge.network.HandshakeMessages$C2SModListReply
[13Sep2025 21:40:15.893] [Netty Epoll Server IO #2/DEBUG] [net.minecraftforge.network.HandshakeHandler/FMLHANDSHAKE]: Received client connection with modlist [treechop, kuma_api, supermartijn642configlib, geckolib, playeranimator, customskinloader, jei, libraryferret, trender, dynamiclights, companions, immersive_weathering, waystones, fallingleaves, epicfight, yyzsbackpack, modernfix, yungsapi, mixinextras, knightlib, glitchcore, sereneseasons, takesapillage, balm, fusion, forge, embeddium, rubidium, friendsandfoes, antiqueatlas, unionlib, unionlib_potionfluid, minecraft, rustic_engineer, realmrpg_skeletons, dark_souls_expansion, unusual_furniture, realisticforgingores, farmersdelight, entity_model_features, entity_texture_features, voicechat, voicechat_api, sound_physics_remastered, moonlight, endrem, medievalembroidery, philipsruins, patchouli, oculus, entityculling, bettervillage, betterthirdperson, canary, dawnoftimebuilder, betterarcheology, farmers_structures, appleskin, ferritecore, yet_another_config_lib_v3, chimes, transition, oceanicrealms, presencefootsteps]
[13Sep2025 21:40:15.894] [Netty Epoll Server IO #2/DEBUG] [net.minecraftforge.network.NetworkRegistry/NETREGISTRY]: Channel 'voicechat:secret' : Version test of 'ALLOWVANILLA 💓💓💓' from client : ACCEPTED
[13Sep2025 21:40:15.894] [Netty Epoll Server IO #2/DEBUG] [net.minecraftforge.network.NetworkRegistry/NETREGISTRY]: Channel 'voicechat:leave_group' : Version test of 'ALLOWVANILLA 💓💓💓' from client : ACCEPTED
[13Sep2025 21:40:15.895] [Netty Epoll Server IO #2/DEBUG] [net.minecraftforge.network.NetworkRegistry/NETREGISTRY]: Channel 'unionlib:main_simple_channel' : Version test of '1' from client : ACCEPTED
[13Sep2025 21:40:15.895] [Netty Epoll Server IO #2/DEBUG] [net.minecraftforge.network.NetworkRegistry/NETREGISTRY]: Channel 'voicechat:create_group' : Version test of 'ALLOWVANILLA 💓💓💓' from client : ACCEPTED
[13Sep2025 21:40:15.895] [Netty Epoll Server IO #2/DEBUG] [net.minecraftforge.network.NetworkRegistry/NETREGISTRY]: Channel 'jei:channel' : Version test of '1.0.0' from client : ACCEPTED
[13Sep2025 21:40:15.895] [Netty Epoll Server IO #2/DEBUG] [net.minecraftforge.network.NetworkRegistry/NETREGISTRY]: Channel 'unusual_furniture:unusual_furniture' : Version test of '1' from client : ACCEPTED
[13Sep2025 21:40:15.895] [Netty Epoll Server IO #2/DEBUG] [net.minecraftforge.network.NetworkRegistry/NETREGISTRY]: Channel 'minecraft:unregister' : Version test of 'FML3' from client : ACCEPTED
[13Sep2025 21:40:15.895] [Netty Epoll Server IO #2/DEBUG] [net.minecraftforge.network.NetworkRegistry/NETREGISTRY]: Channel 'voicechat:states' : Version test of 'ALLOWVANILLA 💓💓💓' from client : ACCEPTED
[13Sep2025 21:40:15.895] [Netty Epoll Server IO #2/DEBUG] [net.minecraftforge.network.NetworkRegistry/NETREGISTRY]: Channel 'friendsandfoes:networking' : Version test of '3.0.9' from client : ACCEPTED
[13Sep2025 21:40:15.895] [Netty Epoll Server IO #2/DEBUG] [net.minecraftforge.network.NetworkRegistry/NETREGISTRY]: Channel 'dark_souls_expansion:dark_souls_expansion' : Version test of '1' from client : ACCEPTED
[13Sep2025 21:40:15.895] [Netty Epoll Server IO #2/DEBUG] [net.minecraftforge.network.NetworkRegistry/NETREGISTRY]: Channel 'oceanicrealms:oceanicrealms' : Version test of '1' from client : ACCEPTED
[13Sep2025 21:40:15.895] [Netty Epoll Server IO #2/DEBUG] [net.minecraftforge.network.NetworkRegistry/NETREGISTRY]: Channel 'voicechat:set_group' : Version test of 'ALLOWVANILLA 💓💓💓' from client : ACCEPTED
[13Sep2025 21:40:15.895] [Netty Epoll Server IO #2/DEBUG] [net.minecraftforge.network.NetworkRegistry/NETREGISTRY]: Channel 'voicechat:joined_group' : Version test of 'ALLOWVANILLA 💓💓💓' from client : ACCEPTED
[13Sep2025 21:40:15.895] [Netty Epoll Server IO #2/DEBUG] [net.minecraftforge.network.NetworkRegistry/NETREGISTRY]: Channel 'minecraft:treechop-channel' : Version test of '7' from client : ACCEPTED
[13Sep2025 21:40:15.895] [Netty Epoll Server IO #2/DEBUG] [net.minecraftforge.network.NetworkRegistry/NETREGISTRY]: Channel 'voicechat:update_state' : Version test of 'ALLOWVANILLA 💓💓💓' from client : ACCEPTED
[13Sep2025 21:40:15.895] [Netty Epoll Server IO #2/DEBUG] [net.minecraftforge.network.NetworkRegistry/NETREGISTRY]: Channel 'balm:network' : Version test of '1.0' from client : ACCEPTED
[13Sep2025 21:40:15.895] [Netty Epoll Server IO #2/DEBUG] [net.minecraftforge.network.NetworkRegistry/NETREGISTRY]: Channel 'farmers_structures:farmers_structures' : Version test of '1' from client : ACCEPTED
[13Sep2025 21:40:15.895] [Netty Epoll Server IO #2/DEBUG] [net.minecraftforge.network.NetworkRegistry/NETREGISTRY]: Channel 'realisticforgingores:realisticforgingores' : Version test of '1' from client : ACCEPTED
[13Sep2025 21:40:15.895] [Netty Epoll Server IO #2/DEBUG] [net.minecraftforge.network.NetworkRegistry/NETREGISTRY]: Channel 'appleskin:sync' : Version test of '1' from client : ACCEPTED
[13Sep2025 21:40:15.895] [Netty Epoll Server IO #2/DEBUG] [net.minecraftforge.network.NetworkRegistry/NETREGISTRY]: Channel 'medievalembroidery:me_network' : Version test of '1' from client : ACCEPTED
[13Sep2025 21:40:15.895] [Netty Epoll Server IO #2/DEBUG] [net.minecraftforge.network.NetworkRegistry/NETREGISTRY]: Channel 'voicechat:add_group' : Version test of 'ALLOWVANILLA 💓💓💓' from client : ACCEPTED
[13Sep2025 21:40:15.896] [Netty Epoll Server IO #2/DEBUG] [net.minecraftforge.network.NetworkRegistry/NETREGISTRY]: Channel 'fml:loginwrapper' : Version test of 'FML3' from client : ACCEPTED
[13Sep2025 21:40:15.896] [Netty Epoll Server IO #2/DEBUG] [net.minecraftforge.network.NetworkRegistry/NETREGISTRY]: Channel 'forge:tier_sorting' : Version test of '1.0' from client : ACCEPTED
[13Sep2025 21:40:15.896] [Netty Epoll Server IO #2/DEBUG] [net.minecraftforge.network.NetworkRegistry/NETREGISTRY]: Channel 'rustic_engineer:rustic_engineer' : Version test of '1' from client : ACCEPTED
[13Sep2025 21:40:15.896] [Netty Epoll Server IO #2/DEBUG] [net.minecraftforge.network.NetworkRegistry/NETREGISTRY]: Channel 'supermartijn642configlib:sync_configs' : Version test of '1.1.8' from client : ACCEPTED
[13Sep2025 21:40:15.896] [Netty Epoll Server IO #2/DEBUG] [net.minecraftforge.network.NetworkRegistry/NETREGISTRY]: Channel 'realmrpg_skeletons:realmrpg_skeletons' : Version test of '1' from client : ACCEPTED
[13Sep2025 21:40:15.896] [Netty Epoll Server IO #2/DEBUG] [net.minecraftforge.network.NetworkRegistry/NETREGISTRY]: Channel 'glitchcore:config_sync' : Version test of '1' from client : ACCEPTED
[13Sep2025 21:40:15.896] [Netty Epoll Server IO #2/DEBUG] [net.minecraftforge.network.NetworkRegistry/NETREGISTRY]: Channel 'fml:play' : Version test of 'FML3' from client : ACCEPTED
[13Sep2025 21:40:15.896] [Netty Epoll Server IO #2/DEBUG] [net.minecraftforge.network.NetworkRegistry/NETREGISTRY]: Channel 'voicechat:request_secret' : Version test of 'ALLOWVANILLA 💓💓💓' from client : ACCEPTED
[13Sep2025 21:40:15.896] [Netty Epoll Server IO #2/DEBUG] [net.minecraftforge.network.NetworkRegistry/NETREGISTRY]: Channel 'patchouli:main' : Version test of '1' from client : ACCEPTED
[13Sep2025 21:40:15.896] [Netty Epoll Server IO #2/DEBUG] [net.minecraftforge.network.NetworkRegistry/NETREGISTRY]: Channel 'epicfight:network_manager' : Version test of '1' from client : ACCEPTED
[13Sep2025 21:40:15.896] [Netty Epoll Server IO #2/DEBUG] [net.minecraftforge.network.NetworkRegistry/NETREGISTRY]: Channel 'sereneseasons:main' : Version test of '1' from client : ACCEPTED
[13Sep2025 21:40:15.896] [Netty Epoll Server IO #2/DEBUG] [net.minecraftforge.network.NetworkRegistry/NETREGISTRY]: Channel 'fml:handshake' : Version test of 'FML3' from client : ACCEPTED
[13Sep2025 21:40:15.896] [Netty Epoll Server IO #2/DEBUG] [net.minecraftforge.network.NetworkRegistry/NETREGISTRY]: Channel 'immersive_weathering:channel' : Version test of '0' from client : ACCEPTED
[13Sep2025 21:40:15.896] [Netty Epoll Server IO #2/DEBUG] [net.minecraftforge.network.NetworkRegistry/NETREGISTRY]: Channel 'betterarcheology:messages' : Version test of '1.0' from client : ACCEPTED
[13Sep2025 21:40:15.896] [Netty Epoll Server IO #2/DEBUG] [net.minecraftforge.network.NetworkRegistry/NETREGISTRY]: Channel 'voicechat:state' : Version test of 'ALLOWVANILLA 💓💓💓' from client : ACCEPTED
[13Sep2025 21:40:15.896] [Netty Epoll Server IO #2/DEBUG] [net.minecraftforge.network.NetworkRegistry/NETREGISTRY]: Channel 'voicechat:remove_category' : Version test of 'ALLOWVANILLA 💓💓💓' from client : ACCEPTED
[13Sep2025 21:40:15.897] [Netty Epoll Server IO #2/DEBUG] [net.minecraftforge.network.NetworkRegistry/NETREGISTRY]: Channel 'voicechat:remove_group' : Version test of 'ALLOWVANILLA 💓💓💓' from client : ACCEPTED
[13Sep2025 21:40:15.897] [Netty Epoll Server IO #2/DEBUG] [net.minecraftforge.network.NetworkRegistry/NETREGISTRY]: Channel 'voicechat:add_category' : Version test of 'ALLOWVANILLA 💓💓💓' from client : ACCEPTED
[13Sep2025 21:40:15.897] [Netty Epoll Server IO #2/DEBUG] [net.minecraftforge.network.NetworkRegistry/NETREGISTRY]: Channel 'antiqueatlas:main_simple_channel' : Version test of '1' from client : ACCEPTED
[13Sep2025 21:40:15.897] [Netty Epoll Server IO #2/DEBUG] [net.minecraftforge.network.NetworkRegistry/NETREGISTRY]: Channel 'voicechat:remove_state' : Version test of 'ALLOWVANILLA 💓💓💓' from client : ACCEPTED
[13Sep2025 21:40:15.897] [Netty Epoll Server IO #2/DEBUG] [net.minecraftforge.network.NetworkRegistry/NETREGISTRY]: Channel 'minecraft:register' : Version test of 'FML3' from client : ACCEPTED
[13Sep2025 21:40:15.897] [Netty Epoll Server IO #2/DEBUG] [net.minecraftforge.network.NetworkRegistry/NETREGISTRY]: Channel 'forge:split' : Version test of '1.1' from client : ACCEPTED
[13Sep2025 21:40:15.897] [Netty Epoll Server IO #2/DEBUG] [net.minecraftforge.network.NetworkRegistry/NETREGISTRY]: Channel 'geckolib:main' : Version test of '1' from client : ACCEPTED
[13Sep2025 21:40:15.897] [Netty Epoll Server IO #2/DEBUG] [net.minecraftforge.network.NetworkRegistry/NETREGISTRY]: Channel 'waystones:network' : Version test of '1.0' from client : ACCEPTED
[13Sep2025 21:40:15.897] [Netty Epoll Server IO #2/DEBUG] [net.minecraftforge.network.NetworkRegistry/NETREGISTRY]: Channel 'moonlight:channel' : Version test of '0' from client : ACCEPTED
[13Sep2025 21:40:15.897] [Netty Epoll Server IO #2/DEBUG] [net.minecraftforge.network.NetworkRegistry/NETREGISTRY]: Accepting channel list from client
[13Sep2025 21:40:15.898] [Netty Epoll Server IO #2/DEBUG] [net.minecraftforge.network.HandshakeHandler/FMLHANDSHAKE]: Accepted client connection mod list
[13Sep2025 21:40:15.924] [Server thread/DEBUG] [net.minecraftforge.network.HandshakeHandler/FMLHANDSHAKE]: Sending ticking packet info 'Registry minecraft:recipe_serializer' to 'fml:handshake' sequence 3
[13Sep2025 21:40:15.936] [Netty Epoll Server IO #2/DEBUG] [net.minecraftforge.network.LoginWrapper/FMLHANDSHAKE]: Recieved login wrapper packet event for channel fml:handshake with index 2
[13Sep2025 21:40:15.937] [Netty Epoll Server IO #2/DEBUG] [net.minecraftforge.network.HandshakeHandler/FMLHANDSHAKE]: Received client indexed reply 2 of type net.minecraftforge.network.HandshakeMessages$C2SAcknowledge
[13Sep2025 21:40:15.937] [Netty Epoll Server IO #2/DEBUG] [net.minecraftforge.network.HandshakeHandler/FMLHANDSHAKE]: Received acknowledgement from client
[13Sep2025 21:40:15.974] [Server thread/DEBUG] [net.minecraftforge.network.HandshakeHandler/FMLHANDSHAKE]: Sending ticking packet info 'Registry minecraft:sound_event' to 'fml:handshake' sequence 4
[13Sep2025 21:40:15.987] [Netty Epoll Server IO #2/DEBUG] [net.minecraftforge.network.LoginWrapper/FMLHANDSHAKE]: Recieved login wrapper packet event for channel fml:handshake with index 3
[13Sep2025 21:40:15.987] [Netty Epoll Server IO #2/DEBUG] [net.minecraftforge.network.HandshakeHandler/FMLHANDSHAKE]: Received client indexed reply 3 of type net.minecraftforge.network.HandshakeMessages$C2SAcknowledge
[13Sep2025 21:40:15.987] [Netty Epoll Server IO #2/DEBUG] [net.minecraftforge.network.HandshakeHandler/FMLHANDSHAKE]: Received acknowledgement from client
[13Sep2025 21:40:16.024] [Server thread/DEBUG] [net.minecraftforge.network.HandshakeHandler/FMLHANDSHAKE]: Sending ticking packet info 'Registry minecraft:particle_type' to 'fml:handshake' sequence 5
[13Sep2025 21:40:16.074] [Server thread/DEBUG] [net.minecraftforge.network.HandshakeHandler/FMLHANDSHAKE]: Sending ticking packet info 'Registry minecraft:villager_profession' to 'fml:handshake' sequence 6
[13Sep2025 21:40:16.124] [Server thread/DEBUG] [net.minecraftforge.network.HandshakeHandler/FMLHANDSHAKE]: Sending ticking packet info 'Registry minecraft:item' to 'fml:handshake' sequence 7
[13Sep2025 21:40:16.153] [Netty Epoll Server IO #2/DEBUG] [net.minecraftforge.network.LoginWrapper/FMLHANDSHAKE]: Recieved login wrapper packet event for channel fml:handshake with index 4
[13Sep2025 21:40:16.154] [Netty Epoll Server IO #2/DEBUG] [net.minecraftforge.network.HandshakeHandler/FMLHANDSHAKE]: Received client indexed reply 4 of type net.minecraftforge.network.HandshakeMessages$C2SAcknowledge
[13Sep2025 21:40:16.154] [Netty Epoll Server IO #2/DEBUG] [net.minecraftforge.network.HandshakeHandler/FMLHANDSHAKE]: Received acknowledgement from client
[13Sep2025 21:40:16.154] [Netty Epoll Server IO #2/DEBUG] [net.minecraftforge.network.LoginWrapper/FMLHANDSHAKE]: Recieved login wrapper packet event for channel fml:handshake with index 5
[13Sep2025 21:40:16.154] [Netty Epoll Server IO #2/DEBUG] [net.minecraftforge.network.HandshakeHandler/FMLHANDSHAKE]: Received client indexed reply 5 of type net.minecraftforge.network.HandshakeMessages$C2SAcknowledge
[13Sep2025 21:40:16.154] [Netty Epoll Server IO #2/DEBUG] [net.minecraftforge.network.HandshakeHandler/FMLHANDSHAKE]: Received acknowledgement from client
[13Sep2025 21:40:16.154] [Netty Epoll Server IO #2/DEBUG] [net.minecraftforge.network.LoginWrapper/FMLHANDSHAKE]: Recieved login wrapper packet event for channel fml:handshake with index 6
[13Sep2025 21:40:16.154] [Netty Epoll Server IO #2/DEBUG] [net.minecraftforge.network.HandshakeHandler/FMLHANDSHAKE]: Received client indexed reply 6 of type net.minecraftforge.network.HandshakeMessages$C2SAcknowledge
[13Sep2025 21:40:16.155] [Netty Epoll Server IO #2/DEBUG] [net.minecraftforge.network.HandshakeHandler/FMLHANDSHAKE]: Received acknowledgement from client
[13Sep2025 21:40:16.174] [Server thread/DEBUG] [net.minecraftforge.network.HandshakeHandler/FMLHANDSHAKE]: Sending ticking packet info 'Registry minecraft:potion' to 'fml:handshake' sequence 8
[13Sep2025 21:40:16.224] [Server thread/DEBUG] [net.minecraftforge.network.HandshakeHandler/FMLHANDSHAKE]: Sending ticking packet info 'Registry minecraft:painting_variant' to 'fml:handshake' sequence 9
[13Sep2025 21:40:16.274] [Server thread/DEBUG] [net.minecraftforge.network.HandshakeHandler/FMLHANDSHAKE]: Sending ticking packet info 'Registry epicfight:skill_data_keys' to 'fml:handshake' sequence 10
[13Sep2025 21:40:16.277] [Netty Epoll Server IO #2/DEBUG] [net.minecraftforge.network.LoginWrapper/FMLHANDSHAKE]: Recieved login wrapper packet event for channel fml:handshake with index 7
[13Sep2025 21:40:16.277] [Netty Epoll Server IO #2/DEBUG] [net.minecraftforge.network.HandshakeHandler/FMLHANDSHAKE]: Received client indexed reply 7 of type net.minecraftforge.network.HandshakeMessages$C2SAcknowledge
[13Sep2025 21:40:16.277] [Netty Epoll Server IO #2/DEBUG] [net.minecraftforge.network.HandshakeHandler/FMLHANDSHAKE]: Received acknowledgement from client
[13Sep2025 21:40:16.277] [Netty Epoll Server IO #2/DEBUG] [net.minecraftforge.network.LoginWrapper/FMLHANDSHAKE]: Recieved login wrapper packet event for channel fml:handshake with index 8
[13Sep2025 21:40:16.277] [Netty Epoll Server IO #2/DEBUG] [net.minecraftforge.network.HandshakeHandler/FMLHANDSHAKE]: Received client indexed reply 8 of type net.minecraftforge.network.HandshakeMessages$C2SAcknowledge
[13Sep2025 21:40:16.277] [Netty Epoll Server IO #2/DEBUG] [net.minecraftforge.network.HandshakeHandler/FMLHANDSHAKE]: Received acknowledgement from client
[13Sep2025 21:40:16.284] [Netty Epoll Server IO #2/DEBUG] [net.minecraftforge.network.LoginWrapper/FMLHANDSHAKE]: Recieved login wrapper packet event for channel fml:handshake with index 9
[13Sep2025 21:40:16.284] [Netty Epoll Server IO #2/DEBUG] [net.minecraftforge.network.HandshakeHandler/FMLHANDSHAKE]: Received client indexed reply 9 of type net.minecraftforge.network.HandshakeMessages$C2SAcknowledge
[13Sep2025 21:40:16.284] [Netty Epoll Server IO #2/DEBUG] [net.minecraftforge.network.HandshakeHandler/FMLHANDSHAKE]: Received acknowledgement from client
[13Sep2025 21:40:16.324] [Server thread/DEBUG] [net.minecraftforge.network.HandshakeHandler/FMLHANDSHAKE]: Sending ticking packet info 'Registry forge:fluid_type' to 'fml:handshake' sequence 11
[13Sep2025 21:40:16.331] [Netty Epoll Server IO #2/DEBUG] [net.minecraftforge.network.LoginWrapper/FMLHANDSHAKE]: Recieved login wrapper packet event for channel fml:handshake with index 10
[13Sep2025 21:40:16.331] [Netty Epoll Server IO #2/DEBUG] [net.minecraftforge.network.HandshakeHandler/FMLHANDSHAKE]: Received client indexed reply 10 of type net.minecraftforge.network.HandshakeMessages$C2SAcknowledge
[13Sep2025 21:40:16.331] [Netty Epoll Server IO #2/DEBUG] [net.minecraftforge.network.HandshakeHandler/FMLHANDSHAKE]: Received acknowledgement from client
[13Sep2025 21:40:16.374] [Server thread/DEBUG] [net.minecraftforge.network.HandshakeHandler/FMLHANDSHAKE]: Sending ticking packet info 'Registry minecraft:block_entity_type' to 'fml:handshake' sequence 12
[13Sep2025 21:40:16.389] [Netty Epoll Server IO #2/DEBUG] [net.minecraftforge.network.LoginWrapper/FMLHANDSHAKE]: Recieved login wrapper packet event for channel fml:handshake with index 11
[13Sep2025 21:40:16.389] [Netty Epoll Server IO #2/DEBUG] [net.minecraftforge.network.HandshakeHandler/FMLHANDSHAKE]: Received client indexed reply 11 of type net.minecraftforge.network.HandshakeMessages$C2SAcknowledge
[13Sep2025 21:40:16.389] [Netty Epoll Server IO #2/DEBUG] [net.minecraftforge.network.HandshakeHandler/FMLHANDSHAKE]: Received acknowledgement from client
[13Sep2025 21:40:16.424] [Server thread/DEBUG] [net.minecraftforge.network.HandshakeHandler/FMLHANDSHAKE]: Sending ticking packet info 'Registry forge:display_contexts' to 'fml:handshake' sequence 13
[13Sep2025 21:40:16.430] [Netty Epoll Server IO #2/DEBUG] [net.minecraftforge.network.LoginWrapper/FMLHANDSHAKE]: Recieved login wrapper packet event for channel fml:handshake with index 12
[13Sep2025 21:40:16.430] [Netty Epoll Server IO #2/DEBUG] [net.minecraftforge.network.HandshakeHandler/FMLHANDSHAKE]: Received client indexed reply 12 of type net.minecraftforge.network.HandshakeMessages$C2SAcknowledge
[13Sep2025 21:40:16.430] [Netty Epoll Server IO #2/DEBUG] [net.minecraftforge.network.HandshakeHandler/FMLHANDSHAKE]: Received acknowledgement from client
[13Sep2025 21:40:16.474] [Server thread/DEBUG] [net.minecraftforge.network.HandshakeHandler/FMLHANDSHAKE]: Sending ticking packet info 'Registry minecraft:block' to 'fml:handshake' sequence 14
[13Sep2025 21:40:16.486] [Netty Epoll Server IO #2/DEBUG] [net.minecraftforge.network.LoginWrapper/FMLHANDSHAKE]: Recieved login wrapper packet event for channel fml:handshake with index 13
[13Sep2025 21:40:16.486] [Netty Epoll Server IO #2/DEBUG] [net.minecraftforge.network.HandshakeHandler/FMLHANDSHAKE]: Received client indexed reply 13 of type net.minecraftforge.network.HandshakeMessages$C2SAcknowledge
[13Sep2025 21:40:16.486] [Netty Epoll Server IO #2/DEBUG] [net.minecraftforge.network.HandshakeHandler/FMLHANDSHAKE]: Received acknowledgement from client
[13Sep2025 21:40:16.524] [Server thread/DEBUG] [net.minecraftforge.network.HandshakeHandler/FMLHANDSHAKE]: Sending ticking packet info 'Registry forge:entity_data_serializers' to 'fml:handshake' sequence 15
[13Sep2025 21:40:16.574] [Server thread/DEBUG] [net.minecraftforge.network.HandshakeHandler/FMLHANDSHAKE]: Sending ticking packet info 'Registry minecraft:mob_effect' to 'fml:handshake' sequence 16
[13Sep2025 21:40:16.595] [Netty Epoll Server IO #2/DEBUG] [net.minecraftforge.network.LoginWrapper/FMLHANDSHAKE]: Recieved login wrapper packet event for channel fml:handshake with index 14
[13Sep2025 21:40:16.595] [Netty Epoll Server IO #2/DEBUG] [net.minecraftforge.network.HandshakeHandler/FMLHANDSHAKE]: Received client indexed reply 14 of type net.minecraftforge.network.HandshakeMessages$C2SAcknowledge
[13Sep2025 21:40:16.595] [Netty Epoll Server IO #2/DEBUG] [net.minecraftforge.network.HandshakeHandler/FMLHANDSHAKE]: Received acknowledgement from client
[13Sep2025 21:40:16.596] [Netty Epoll Server IO #2/DEBUG] [net.minecraftforge.network.LoginWrapper/FMLHANDSHAKE]: Recieved login wrapper packet event for channel fml:handshake with index 15
[13Sep2025 21:40:16.596] [Netty Epoll Server IO #2/DEBUG] [net.minecraftforge.network.HandshakeHandler/FMLHANDSHAKE]: Received client indexed reply 15 of type net.minecraftforge.network.HandshakeMessages$C2SAcknowledge
[13Sep2025 21:40:16.596] [Netty Epoll Server IO #2/DEBUG] [net.minecraftforge.network.HandshakeHandler/FMLHANDSHAKE]: Received acknowledgement from client
[13Sep2025 21:40:16.624] [Server thread/DEBUG] [net.minecraftforge.network.HandshakeHandler/FMLHANDSHAKE]: Sending ticking packet info 'Registry minecraft:stat_type' to 'fml:handshake' sequence 17
[13Sep2025 21:40:16.632] [Netty Epoll Server IO #2/DEBUG] [net.minecraftforge.network.LoginWrapper/FMLHANDSHAKE]: Recieved login wrapper packet event for channel fml:handshake with index 16
[13Sep2025 21:40:16.632] [Netty Epoll Server IO #2/DEBUG] [net.minecraftforge.network.HandshakeHandler/FMLHANDSHAKE]: Received client indexed reply 16 of type net.minecraftforge.network.HandshakeMessages$C2SAcknowledge
[13Sep2025 21:40:16.632] [Netty Epoll Server IO #2/DEBUG] [net.minecraftforge.network.HandshakeHandler/FMLHANDSHAKE]: Received acknowledgement from client
[13Sep2025 21:40:16.674] [Server thread/DEBUG] [net.minecraftforge.network.HandshakeHandler/FMLHANDSHAKE]: Sending ticking packet info 'Registry epicfight:synched_animation_variable_keys' to 'fml:handshake' sequence 18
[13Sep2025 21:40:16.683] [Netty Epoll Server IO #2/DEBUG] [net.minecraftforge.network.LoginWrapper/FMLHANDSHAKE]: Recieved login wrapper packet event for channel fml:handshake with index 17
[13Sep2025 21:40:16.683] [Netty Epoll Server IO #2/DEBUG] [net.minecraftforge.network.HandshakeHandler/FMLHANDSHAKE]: Received client indexed reply 17 of type net.minecraftforge.network.HandshakeMessages$C2SAcknowledge
[13Sep2025 21:40:16.683] [Netty Epoll Server IO #2/DEBUG] [net.minecraftforge.network.HandshakeHandler/FMLHANDSHAKE]: Received acknowledgement from client
[13Sep2025 21:40:16.724] [Server thread/DEBUG] [net.minecraftforge.network.HandshakeHandler/FMLHANDSHAKE]: Sending ticking packet info 'Registry epicfight:conditions' to 'fml:handshake' sequence 19
[13Sep2025 21:40:16.733] [Netty Epoll Server IO #2/DEBUG] [net.minecraftforge.network.LoginWrapper/FMLHANDSHAKE]: Recieved login wrapper packet event for channel fml:handshake with index 18
[13Sep2025 21:40:16.733] [Netty Epoll Server IO #2/DEBUG] [net.minecraftforge.network.HandshakeHandler/FMLHANDSHAKE]: Received client indexed reply 18 of type net.minecraftforge.network.HandshakeMessages$C2SAcknowledge
[13Sep2025 21:40:16.733] [Netty Epoll Server IO #2/DEBUG] [net.minecraftforge.network.HandshakeHandler/FMLHANDSHAKE]: Received acknowledgement from client
[13Sep2025 21:40:16.774] [Server thread/DEBUG] [net.minecraftforge.network.HandshakeHandler/FMLHANDSHAKE]: Sending ticking packet info 'Registry minecraft:menu' to 'fml:handshake' sequence 20
[13Sep2025 21:40:16.781] [Netty Epoll Server IO #2/DEBUG] [net.minecraftforge.network.LoginWrapper/FMLHANDSHAKE]: Recieved login wrapper packet event for channel fml:handshake with index 19
[13Sep2025 21:40:16.781] [Netty Epoll Server IO #2/DEBUG] [net.minecraftforge.network.HandshakeHandler/FMLHANDSHAKE]: Received client indexed reply 19 of type net.minecraftforge.network.HandshakeMessages$C2SAcknowledge
[13Sep2025 21:40:16.782] [Netty Epoll Server IO #2/DEBUG] [net.minecraftforge.network.HandshakeHandler/FMLHANDSHAKE]: Received acknowledgement from client
[13Sep2025 21:40:16.824] [Server thread/DEBUG] [net.minecraftforge.network.HandshakeHandler/FMLHANDSHAKE]: Sending ticking packet info 'Registry minecraft:enchantment' to 'fml:handshake' sequence 21
[13Sep2025 21:40:16.842] [Netty Epoll Server IO #2/DEBUG] [net.minecraftforge.network.LoginWrapper/FMLHANDSHAKE]: Recieved login wrapper packet event for channel fml:handshake with index 20
[13Sep2025 21:40:16.843] [Netty Epoll Server IO #2/DEBUG] [net.minecraftforge.network.HandshakeHandler/FMLHANDSHAKE]: Received client indexed reply 20 of type net.minecraftforge.network.HandshakeMessages$C2SAcknowledge
[13Sep2025 21:40:16.843] [Netty Epoll Server IO #2/DEBUG] [net.minecraftforge.network.HandshakeHandler/FMLHANDSHAKE]: Received acknowledgement from client
[13Sep2025 21:40:16.874] [Server thread/DEBUG] [net.minecraftforge.network.HandshakeHandler/FMLHANDSHAKE]: Sending ticking packet info 'Registry minecraft:fluid' to 'fml:handshake' sequence 22
[13Sep2025 21:40:16.879] [Netty Epoll Server IO #2/DEBUG] [net.minecraftforge.network.LoginWrapper/FMLHANDSHAKE]: Recieved login wrapper packet event for channel fml:handshake with index 21
[13Sep2025 21:40:16.879] [Netty Epoll Server IO #2/DEBUG] [net.minecraftforge.network.HandshakeHandler/FMLHANDSHAKE]: Received client indexed reply 21 of type net.minecraftforge.network.HandshakeMessages$C2SAcknowledge
[13Sep2025 21:40:16.879] [Netty Epoll Server IO #2/DEBUG] [net.minecraftforge.network.HandshakeHandler/FMLHANDSHAKE]: Received acknowledgement from client
[13Sep2025 21:40:16.924] [Server thread/DEBUG] [net.minecraftforge.network.HandshakeHandler/FMLHANDSHAKE]: Sending ticking packet info 'Registry epicfight:skill' to 'fml:handshake' sequence 23
[13Sep2025 21:40:16.933] [Netty Epoll Server IO #2/DEBUG] [net.minecraftforge.network.LoginWrapper/FMLHANDSHAKE]: Recieved login wrapper packet event for channel fml:handshake with index 22
[13Sep2025 21:40:16.933] [Netty Epoll Server IO #2/DEBUG] [net.minecraftforge.network.HandshakeHandler/FMLHANDSHAKE]: Received client indexed reply 22 of type net.minecraftforge.network.HandshakeMessages$C2SAcknowledge
[13Sep2025 21:40:16.933] [Netty Epoll Server IO #2/DEBUG] [net.minecraftforge.network.HandshakeHandler/FMLHANDSHAKE]: Received acknowledgement from client
[13Sep2025 21:40:16.974] [Server thread/DEBUG] [net.minecraftforge.network.HandshakeHandler/FMLHANDSHAKE]: Sending ticking packet info 'Registry minecraft:entity_type' to 'fml:handshake' sequence 24
[13Sep2025 21:40:16.983] [Netty Epoll Server IO #2/DEBUG] [net.minecraftforge.network.LoginWrapper/FMLHANDSHAKE]: Recieved login wrapper packet event for channel fml:handshake with index 23
[13Sep2025 21:40:16.983] [Netty Epoll Server IO #2/DEBUG] [net.minecraftforge.network.HandshakeHandler/FMLHANDSHAKE]: Received client indexed reply 23 of type net.minecraftforge.network.HandshakeMessages$C2SAcknowledge
[13Sep2025 21:40:16.983] [Netty Epoll Server IO #2/DEBUG] [net.minecraftforge.network.HandshakeHandler/FMLHANDSHAKE]: Received acknowledgement from client
[13Sep2025 21:40:17.024] [Server thread/DEBUG] [net.minecraftforge.network.HandshakeHandler/FMLHANDSHAKE]: Sending ticking packet info 'Config epicfight-server.toml' to 'fml:handshake' sequence 25
[13Sep2025 21:40:17.074] [Server thread/DEBUG] [net.minecraftforge.network.HandshakeHandler/FMLHANDSHAKE]: Sending ticking packet info 'Config jei-server.toml' to 'fml:handshake' sequence 26
[13Sep2025 21:40:17.124] [Server thread/DEBUG] [net.minecraftforge.network.HandshakeHandler/FMLHANDSHAKE]: Sending ticking packet info 'Config forge-server.toml' to 'fml:handshake' sequence 27
[13Sep2025 21:40:17.156] [Netty Epoll Server IO #2/DEBUG] [net.minecraftforge.network.LoginWrapper/FMLHANDSHAKE]: Recieved login wrapper packet event for channel fml:handshake with index 24
[13Sep2025 21:40:17.156] [Netty Epoll Server IO #2/DEBUG] [net.minecraftforge.network.HandshakeHandler/FMLHANDSHAKE]: Received client indexed reply 24 of type net.minecraftforge.network.HandshakeMessages$C2SAcknowledge
[13Sep2025 21:40:17.156] [Netty Epoll Server IO #2/DEBUG] [net.minecraftforge.network.HandshakeHandler/FMLHANDSHAKE]: Received acknowledgement from client
[13Sep2025 21:40:17.159] [Netty Epoll Server IO #2/DEBUG] [net.minecraftforge.network.LoginWrapper/FMLHANDSHAKE]: Recieved login wrapper packet event for channel fml:handshake with index 25
[13Sep2025 21:40:17.159] [Netty Epoll Server IO #2/DEBUG] [net.minecraftforge.network.HandshakeHandler/FMLHANDSHAKE]: Received client indexed reply 25 of type net.minecraftforge.network.HandshakeMessages$C2SAcknowledge
[13Sep2025 21:40:17.159] [Netty Epoll Server IO #2/DEBUG] [net.minecraftforge.network.HandshakeHandler/FMLHANDSHAKE]: Received acknowledgement from client
[13Sep2025 21:40:17.159] [Netty Epoll Server IO #2/DEBUG] [net.minecraftforge.network.LoginWrapper/FMLHANDSHAKE]: Recieved login wrapper packet event for channel fml:handshake with index 26
[13Sep2025 21:40:17.159] [Netty Epoll Server IO #2/DEBUG] [net.minecraftforge.network.HandshakeHandler/FMLHANDSHAKE]: Received client indexed reply 26 of type net.minecraftforge.network.HandshakeMessages$C2SAcknowledge
[13Sep2025 21:40:17.159] [Netty Epoll Server IO #2/DEBUG] [net.minecraftforge.network.HandshakeHandler/FMLHANDSHAKE]: Received acknowledgement from client
[13Sep2025 21:40:17.184] [Netty Epoll Server IO #2/DEBUG] [net.minecraftforge.network.LoginWrapper/FMLHANDSHAKE]: Recieved login wrapper packet event for channel fml:handshake with index 27
[13Sep2025 21:40:17.184] [Netty Epoll Server IO #2/DEBUG] [net.minecraftforge.network.HandshakeHandler/FMLHANDSHAKE]: Received client indexed reply 27 of type net.minecraftforge.network.HandshakeMessages$C2SAcknowledge
[13Sep2025 21:40:17.184] [Netty Epoll Server IO #2/DEBUG] [net.minecraftforge.network.HandshakeHandler/FMLHANDSHAKE]: Received acknowledgement from client
[13Sep2025 21:40:17.224] [Server thread/DEBUG] [net.minecraftforge.network.HandshakeHandler/FMLHANDSHAKE]: Handshake complete!
[13Sep2025 21:40:17.341] [Server thread/INFO] [net.minecraft.server.players.PlayerList/]: Dwiss3[/127.150.44.39:50347] logged in with entity id 152 at (-145.09926081790977, 90.0, -254.0578890245377)
[13Sep2025 21:40:17.349] [Server thread/DEBUG] [net.minecraftforge.network.filters.NetworkFilters/]: Injected net.minecraftforge.network.filters.ForgeConnectionNetworkFilter@1a475fb6 into net.minecraft.network.Connection@3dd912f
[13Sep2025 21:40:17.400] [Server thread/INFO] [net.minecraft.server.MinecraftServer/]: Dwiss3 joined the game
[13Sep2025 21:40:17.649] [Server thread/INFO] [antiqueatlas/]: Sent markers data #-1 to player Dwiss3
[13Sep2025 21:40:17.651] [Server thread/INFO] [antiqueatlas/]: Sent custom biome data to player Dwiss3
[13Sep2025 21:40:17.653] [Server thread/INFO] [antiqueatlas/]: Sent custom biome data to player Dwiss3
[13Sep2025 21:40:17.654] [Server thread/INFO] [antiqueatlas/]: Sent custom biome data to player Dwiss3
[13Sep2025 21:40:17.654] [Server thread/INFO] [antiqueatlas/]: Sent custom biome data to player Dwiss3
[13Sep2025 21:40:17.663] [Server thread/DEBUG] [voicechat/]: [voicechat] Setting default state of Dwiss3: {disabled=false, disconnected=true, uuid=c46fadd7-0f1b-301b-9ff2-ee2aa61b8bc7, name=Dwiss3, group=null}
[13Sep2025 21:40:17.743] [Server thread/DEBUG] [io.netty.util.internal.ThreadLocalRandom/]: -Dio.netty.initialSeedUniquifier: 0x4bb1cf76db8d7720
[13Sep2025 21:40:18.482] [Server thread/INFO] [voicechat/]: [voicechat] Received secret request of Dwiss3 (20)
[13Sep2025 21:40:18.483] [Server thread/DEBUG] [voicechat/]: [voicechat] Sending initial states to Dwiss3
[13Sep2025 21:40:18.484] [Server thread/DEBUG] [voicechat/]: [voicechat] Synchronizing 0 groups with Dwiss3
[13Sep2025 21:40:18.484] [Server thread/DEBUG] [voicechat/]: [voicechat] Synchronizing 0 volume categories with Dwiss3
[13Sep2025 21:40:18.485] [Server thread/INFO] [voicechat/]: [voicechat] Sent secret to Dwiss3
[13Sep2025 21:40:19.756] [Server thread/INFO] [net.minecraft.server.MinecraftServer/]: Thank you so much for playing Dark Souls Expansion! If you'd like to create a server with your friends, you can do so at
[13Sep2025 21:44:21.296] [Server thread/INFO] [net.minecraft.server.MinecraftServer/]: [Not Secure] <Dwiss3> vb
[13Sep2025 21:44:58.275] [Server thread/DEBUG] [net.minecraftforge.common.ForgeHooks/WP]: Gathering id map for writing to world save world
[13Sep2025 21:44:58.287] [Server thread/DEBUG] [net.minecraftforge.common.ForgeHooks/WP]: ID Map collection complete world
[13Sep2025 21:45:19.788] [Server thread/DEBUG] [mixin/]: Generating mapped inner class net/minecraft/world/level/chunk/storage/SectionStorage$Anonymous$e4c621f0bcdf4723b96ab7505b6004a3 (originally com/abdelaziz/canary/mixin/ai/poi/SectionStorageMixin$1)
[13Sep2025 21:46:36.903] [Server thread/INFO] [net.minecraft.server.MinecraftServer/]: Made Dwiss3 a server operator
[13Sep2025 21:46:58.227] [Server thread/DEBUG] [mixin/]: Mixing FluidInteractionRegistryMixin from immersive_weathering.mixins.json into net.minecraftforge.fluids.FluidInteractionRegistry
[13Sep2025 21:46:58.227] [Server thread/DEBUG] [mixin/]: immersive_weathering.mixins.json:FluidInteractionRegistryMixin: Class version 61 required is higher than the class version supported by the current version of Mixin (JAVA_16 supports class version 60)
[13Sep2025 21:49:58.252] [Server thread/DEBUG] [net.minecraftforge.common.ForgeHooks/WP]: Gathering id map for writing to world save world
[13Sep2025 21:49:58.263] [Server thread/DEBUG] [net.minecraftforge.common.ForgeHooks/WP]: ID Map collection complete world
[13Sep2025 21:52:24.740] [Server thread/INFO] [net.minecraft.server.MinecraftServer/]: [Dwiss3: The difficulty has been set to Normal]
[13Sep2025 21:52:43.131] [Server thread/INFO] [net.minecraft.server.network.ServerGamePacketListenerImpl/]: Dwiss3 lost connection: Disconnected
[13Sep2025 21:52:43.132] [Server thread/INFO] [net.minecraft.server.MinecraftServer/]: Dwiss3 left the game
[13Sep2025 21:52:43.133] [Server thread/DEBUG] [voicechat/]: [voicechat] Removing state of Dwiss3
[13Sep2025 21:52:43.134] [Server thread/INFO] [voicechat/]: [voicechat] Disconnecting client Dwiss3
[13Sep2025 21:54:58.234] [Server thread/DEBUG] [net.minecraftforge.common.ForgeHooks/WP]: Gathering id map for writing to world save world
[13Sep2025 21:54:58.242] [Server thread/DEBUG] [net.minecraftforge.common.ForgeHooks/WP]: ID Map collection complete world
[13Sep2025 21:55:53.094] [Netty Epoll Server IO #6/DEBUG] [net.minecraftforge.network.HandshakeHandler/FMLHANDSHAKE]: Starting new modded impl connection. Found 28 messages to dispatch.
[13Sep2025 21:55:53.124] [Server thread/DEBUG] [net.minecraftforge.network.HandshakeHandler/FMLHANDSHAKE]: Sending ticking packet info 'net.minecraftforge.network.HandshakeMessages$S2CModData' to 'fml:handshake' sequence 0
[13Sep2025 21:55:53.174] [Server thread/DEBUG] [net.minecraftforge.network.HandshakeHandler/FMLHANDSHAKE]: Sending ticking packet info 'net.minecraftforge.network.HandshakeMessages$S2CModList' to 'fml:handshake' sequence 1
[13Sep2025 21:55:53.224] [Server thread/DEBUG] [net.minecraftforge.network.HandshakeHandler/FMLHANDSHAKE]: Sending ticking packet info 'Registry minecraft:command_argument_type' to 'fml:handshake' sequence 2
[13Sep2025 21:55:53.236] [Netty Epoll Server IO #6/DEBUG] [net.minecraftforge.network.LoginWrapper/FMLHANDSHAKE]: Recieved login wrapper packet event for channel fml:handshake with index 1
[13Sep2025 21:55:53.236] [Netty Epoll Server IO #6/DEBUG] [net.minecraftforge.network.HandshakeHandler/FMLHANDSHAKE]: Received client indexed reply 1 of type net.minecraftforge.network.HandshakeMessages$C2SModListReply
[13Sep2025 21:55:53.236] [Netty Epoll Server IO #6/DEBUG] [net.minecraftforge.network.HandshakeHandler/FMLHANDSHAKE]: Received client connection with modlist [treechop, kuma_api, supermartijn642configlib, geckolib, playeranimator, customskinloader, jei, libraryferret, trender, dynamiclights, companions, immersive_weathering, waystones, fallingleaves, epicfight, yyzsbackpack, modernfix, yungsapi, mixinextras, knightlib, glitchcore, sereneseasons, midnightlib, takesapillage, balm, fusion, forge, embeddium, rubidium, friendsandfoes, antiqueatlas, unionlib, unionlib_potionfluid, minecraft, rustic_engineer, realmrpg_skeletons, dark_souls_expansion, unusual_furniture, realisticforgingores, farmersdelight, entity_model_features, entity_texture_features, voicechat, voicechat_api, sound_physics_remastered, moonlight, endrem, medievalembroidery, philipsruins, patchouli, oculus, entityculling, bettervillage, betterthirdperson, canary, dawnoftimebuilder, betterarcheology, farmers_structures, appleskin, ferritecore, yet_another_config_lib_v3, chimes, transition, oceanicrealms, presencefootsteps]
[13Sep2025 21:55:53.236] [Netty Epoll Server IO #6/DEBUG] [net.minecraftforge.network.NetworkRegistry/NETREGISTRY]: Channel 'voicechat:secret' : Version test of 'ALLOWVANILLA 💓💓💓' from client : ACCEPTED
[13Sep2025 21:55:53.236] [Netty Epoll Server IO #6/DEBUG] [net.minecraftforge.network.NetworkRegistry/NETREGISTRY]: Channel 'voicechat:leave_group' : Version test of 'ALLOWVANILLA 💓💓💓' from client : ACCEPTED
[13Sep2025 21:55:53.236] [Netty Epoll Server IO #6/DEBUG] [net.minecraftforge.network.NetworkRegistry/NETREGISTRY]: Channel 'unionlib:main_simple_channel' : Version test of '1' from client : ACCEPTED
[13Sep2025 21:55:53.236] [Netty Epoll Server IO #6/DEBUG] [net.minecraftforge.network.NetworkRegistry/NETREGISTRY]: Channel 'voicechat:create_group' : Version test of 'ALLOWVANILLA 💓💓💓' from client : ACCEPTED
[13Sep2025 21:55:53.236] [Netty Epoll Server IO #6/DEBUG] [net.minecraftforge.network.NetworkRegistry/NETREGISTRY]: Channel 'jei:channel' : Version test of '1.0.0' from client : ACCEPTED
[13Sep2025 21:55:53.236] [Netty Epoll Server IO #6/DEBUG] [net.minecraftforge.network.NetworkRegistry/NETREGISTRY]: Channel 'unusual_furniture:unusual_furniture' : Version test of '1' from client : ACCEPTED
[13Sep2025 21:55:53.236] [Netty Epoll Server IO #6/DEBUG] [net.minecraftforge.network.NetworkRegistry/NETREGISTRY]: Channel 'minecraft:unregister' : Version test of 'FML3' from client : ACCEPTED
[13Sep2025 21:55:53.236] [Netty Epoll Server IO #6/DEBUG] [net.minecraftforge.network.NetworkRegistry/NETREGISTRY]: Channel 'voicechat:states' : Version test of 'ALLOWVANILLA 💓💓💓' from client : ACCEPTED
[13Sep2025 21:55:53.236] [Netty Epoll Server IO #6/DEBUG] [net.minecraftforge.network.NetworkRegistry/NETREGISTRY]: Channel 'friendsandfoes:networking' : Version test of '3.0.9' from client : ACCEPTED
[13Sep2025 21:55:53.237] [Netty Epoll Server IO #6/DEBUG] [net.minecraftforge.network.NetworkRegistry/NETREGISTRY]: Channel 'dark_souls_expansion:dark_souls_expansion' : Version test of '1' from client : ACCEPTED
[13Sep2025 21:55:53.237] [Netty Epoll Server IO #6/DEBUG] [net.minecraftforge.network.NetworkRegistry/NETREGISTRY]: Channel 'oceanicrealms:oceanicrealms' : Version test of '1' from client : ACCEPTED
[13Sep2025 21:55:53.237] [Netty Epoll Server IO #6/DEBUG] [net.minecraftforge.network.NetworkRegistry/NETREGISTRY]: Channel 'voicechat:set_group' : Version test of 'ALLOWVANILLA 💓💓💓' from client : ACCEPTED
[13Sep2025 21:55:53.237] [Netty Epoll Server IO #6/DEBUG] [net.minecraftforge.network.NetworkRegistry/NETREGISTRY]: Channel 'voicechat:joined_group' : Version test of 'ALLOWVANILLA 💓💓💓' from client : ACCEPTED
[13Sep2025 21:55:53.237] [Netty Epoll Server IO #6/DEBUG] [net.minecraftforge.network.NetworkRegistry/NETREGISTRY]: Channel 'minecraft:treechop-channel' : Version test of '7' from client : ACCEPTED
[13Sep2025 21:55:53.237] [Netty Epoll Server IO #6/DEBUG] [net.minecraftforge.network.NetworkRegistry/NETREGISTRY]: Channel 'voicechat:update_state' : Version test of 'ALLOWVANILLA 💓💓💓' from client : ACCEPTED
[13Sep2025 21:55:53.237] [Netty Epoll Server IO #6/DEBUG] [net.minecraftforge.network.NetworkRegistry/NETREGISTRY]: Channel 'balm:network' : Version test of '1.0' from client : ACCEPTED
[13Sep2025 21:55:53.237] [Netty Epoll Server IO #6/DEBUG] [net.minecraftforge.network.NetworkRegistry/NETREGISTRY]: Channel 'farmers_structures:farmers_structures' : Version test of '1' from client : ACCEPTED
[13Sep2025 21:55:53.237] [Netty Epoll Server IO #6/DEBUG] [net.minecraftforge.network.NetworkRegistry/NETREGISTRY]: Channel 'realisticforgingores:realisticforgingores' : Version test of '1' from client : ACCEPTED
[13Sep2025 21:55:53.237] [Netty Epoll Server IO #6/DEBUG] [net.minecraftforge.network.NetworkRegistry/NETREGISTRY]: Channel 'appleskin:sync' : Version test of '1' from client : ACCEPTED
[13Sep2025 21:55:53.237] [Netty Epoll Server IO #6/DEBUG] [net.minecraftforge.network.NetworkRegistry/NETREGISTRY]: Channel 'medievalembroidery:me_network' : Version test of '1' from client : ACCEPTED
[13Sep2025 21:55:53.237] [Netty Epoll Server IO #6/DEBUG] [net.minecraftforge.network.NetworkRegistry/NETREGISTRY]: Channel 'voicechat:add_group' : Version test of 'ALLOWVANILLA 💓💓💓' from client : ACCEPTED
[13Sep2025 21:55:53.237] [Netty Epoll Server IO #6/DEBUG] [net.minecraftforge.network.NetworkRegistry/NETREGISTRY]: Channel 'fml:loginwrapper' : Version test of 'FML3' from client : ACCEPTED
[13Sep2025 21:55:53.237] [Netty Epoll Server IO #6/DEBUG] [net.minecraftforge.network.NetworkRegistry/NETREGISTRY]: Channel 'forge:tier_sorting' : Version test of '1.0' from client : ACCEPTED
[13Sep2025 21:55:53.237] [Netty Epoll Server IO #6/DEBUG] [net.minecraftforge.network.NetworkRegistry/NETREGISTRY]: Channel 'rustic_engineer:rustic_engineer' : Version test of '1' from client : ACCEPTED
[13Sep2025 21:55:53.237] [Netty Epoll Server IO #6/DEBUG] [net.minecraftforge.network.NetworkRegistry/NETREGISTRY]: Channel 'supermartijn642configlib:sync_configs' : Version test of '1.1.8' from client : ACCEPTED
[13Sep2025 21:55:53.237] [Netty Epoll Server IO #6/DEBUG] [net.minecraftforge.network.NetworkRegistry/NETREGISTRY]: Channel 'realmrpg_skeletons:realmrpg_skeletons' : Version test of '1' from client : ACCEPTED
[13Sep2025 21:55:53.237] [Netty Epoll Server IO #6/DEBUG] [net.minecraftforge.network.NetworkRegistry/NETREGISTRY]: Channel 'glitchcore:config_sync' : Version test of '1' from client : ACCEPTED
[13Sep2025 21:55:53.237] [Netty Epoll Server IO #6/DEBUG] [net.minecraftforge.network.NetworkRegistry/NETREGISTRY]: Channel 'fml:play' : Version test of 'FML3' from client : ACCEPTED
[13Sep2025 21:55:53.237] [Netty Epoll Server IO #6/DEBUG] [net.minecraftforge.network.NetworkRegistry/NETREGISTRY]: Channel 'voicechat:request_secret' : Version test of 'ALLOWVANILLA 💓💓💓' from client : ACCEPTED
[13Sep2025 21:55:53.237] [Netty Epoll Server IO #6/DEBUG] [net.minecraftforge.network.NetworkRegistry/NETREGISTRY]: Channel 'patchouli:main' : Version test of '1' from client : ACCEPTED
[13Sep2025 21:55:53.237] [Netty Epoll Server IO #6/DEBUG] [net.minecraftforge.network.NetworkRegistry/NETREGISTRY]: Channel 'epicfight:network_manager' : Version test of '1' from client : ACCEPTED
[13Sep2025 21:55:53.237] [Netty Epoll Server IO #6/DEBUG] [net.minecraftforge.network.NetworkRegistry/NETREGISTRY]: Channel 'sereneseasons:main' : Version test of '1' from client : ACCEPTED
[13Sep2025 21:55:53.237] [Netty Epoll Server IO #6/DEBUG] [net.minecraftforge.network.NetworkRegistry/NETREGISTRY]: Channel 'fml:handshake' : Version test of 'FML3' from client : ACCEPTED
[13Sep2025 21:55:53.237] [Netty Epoll Server IO #6/DEBUG] [net.minecraftforge.network.NetworkRegistry/NETREGISTRY]: Channel 'immersive_weathering:channel' : Version test of '0' from client : ACCEPTED
[13Sep2025 21:55:53.237] [Netty Epoll Server IO #6/DEBUG] [net.minecraftforge.network.NetworkRegistry/NETREGISTRY]: Channel 'betterarcheology:messages' : Version test of '1.0' from client : ACCEPTED
[13Sep2025 21:55:53.237] [Netty Epoll Server IO #6/DEBUG] [net.minecraftforge.network.NetworkRegistry/NETREGISTRY]: Channel 'voicechat:state' : Version test of 'ALLOWVANILLA 💓💓💓' from client : ACCEPTED
[13Sep2025 21:55:53.237] [Netty Epoll Server IO #6/DEBUG] [net.minecraftforge.network.NetworkRegistry/NETREGISTRY]: Channel 'voicechat:remove_category' : Version test of 'ALLOWVANILLA 💓💓💓' from client : ACCEPTED
[13Sep2025 21:55:53.238] [Netty Epoll Server IO #6/DEBUG] [net.minecraftforge.network.NetworkRegistry/NETREGISTRY]: Channel 'voicechat:remove_group' : Version test of 'ALLOWVANILLA 💓💓💓' from client : ACCEPTED
[13Sep2025 21:55:53.238] [Netty Epoll Server IO #6/DEBUG] [net.minecraftforge.network.NetworkRegistry/NETREGISTRY]: Channel 'voicechat:add_category' : Version test of 'ALLOWVANILLA 💓💓💓' from client : ACCEPTED
[13Sep2025 21:55:53.238] [Netty Epoll Server IO #6/DEBUG] [net.minecraftforge.network.NetworkRegistry/NETREGISTRY]: Channel 'antiqueatlas:main_simple_channel' : Version test of '1' from client : ACCEPTED
[13Sep2025 21:55:53.238] [Netty Epoll Server IO #6/DEBUG] [net.minecraftforge.network.NetworkRegistry/NETREGISTRY]: Channel 'voicechat:remove_state' : Version test of 'ALLOWVANILLA 💓💓💓' from client : ACCEPTED
[13Sep2025 21:55:53.238] [Netty Epoll Server IO #6/DEBUG] [net.minecraftforge.network.NetworkRegistry/NETREGISTRY]: Channel 'minecraft:register' : Version test of 'FML3' from client : ACCEPTED
[13Sep2025 21:55:53.238] [Netty Epoll Server IO #6/DEBUG] [net.minecraftforge.network.NetworkRegistry/NETREGISTRY]: Channel 'forge:split' : Version test of '1.1' from client : ACCEPTED
[13Sep2025 21:55:53.238] [Netty Epoll Server IO #6/DEBUG] [net.minecraftforge.network.NetworkRegistry/NETREGISTRY]: Channel 'geckolib:main' : Version test of '1' from client : ACCEPTED
[13Sep2025 21:55:53.238] [Netty Epoll Server IO #6/DEBUG] [net.minecraftforge.network.NetworkRegistry/NETREGISTRY]: Channel 'waystones:network' : Version test of '1.0' from client : ACCEPTED
[13Sep2025 21:55:53.238] [Netty Epoll Server IO #6/DEBUG] [net.minecraftforge.network.NetworkRegistry/NETREGISTRY]: Channel 'moonlight:channel' : Version test of '0' from client : ACCEPTED
[13Sep2025 21:55:53.238] [Netty Epoll Server IO #6/DEBUG] [net.minecraftforge.network.NetworkRegistry/NETREGISTRY]: Accepting channel list from client
[13Sep2025 21:55:53.238] [Netty Epoll Server IO #6/DEBUG] [net.minecraftforge.network.HandshakeHandler/FMLHANDSHAKE]: Accepted client connection mod list
[13Sep2025 21:55:53.274] [Server thread/DEBUG] [net.minecraftforge.network.HandshakeHandler/FMLHANDSHAKE]: Sending ticking packet info 'Registry minecraft:recipe_serializer' to 'fml:handshake' sequence 3
[13Sep2025 21:55:53.285] [Netty Epoll Server IO #6/DEBUG] [net.minecraftforge.network.LoginWrapper/FMLHANDSHAKE]: Recieved login wrapper packet event for channel fml:handshake with index 2
[13Sep2025 21:55:53.285] [Netty Epoll Server IO #6/DEBUG] [net.minecraftforge.network.HandshakeHandler/FMLHANDSHAKE]: Received client indexed reply 2 of type net.minecraftforge.network.HandshakeMessages$C2SAcknowledge
[13Sep2025 21:55:53.285] [Netty Epoll Server IO #6/DEBUG] [net.minecraftforge.network.HandshakeHandler/FMLHANDSHAKE]: Received acknowledgement from client
[13Sep2025 21:55:53.324] [Server thread/DEBUG] [net.minecraftforge.network.HandshakeHandler/FMLHANDSHAKE]: Sending ticking packet info 'Registry minecraft:sound_event' to 'fml:handshake' sequence 4
[13Sep2025 21:55:53.332] [Netty Epoll Server IO #6/DEBUG] [net.minecraftforge.network.LoginWrapper/FMLHANDSHAKE]: Recieved login wrapper packet event for channel fml:handshake with index 3
[13Sep2025 21:55:53.332] [Netty Epoll Server IO #6/DEBUG] [net.minecraftforge.network.HandshakeHandler/FMLHANDSHAKE]: Received client indexed reply 3 of type net.minecraftforge.network.HandshakeMessages$C2SAcknowledge
[13Sep2025 21:55:53.332] [Netty Epoll Server IO #6/DEBUG] [net.minecraftforge.network.HandshakeHandler/FMLHANDSHAKE]: Received acknowledgement from client
[13Sep2025 21:55:53.374] [Server thread/DEBUG] [net.minecraftforge.network.HandshakeHandler/FMLHANDSHAKE]: Sending ticking packet info 'Registry minecraft:particle_type' to 'fml:handshake' sequence 5
[13Sep2025 21:55:53.424] [Server thread/DEBUG] [net.minecraftforge.network.HandshakeHandler/FMLHANDSHAKE]: Sending ticking packet info 'Registry minecraft:villager_profession' to 'fml:handshake' sequence 6
[13Sep2025 21:55:53.474] [Server thread/DEBUG] [net.minecraftforge.network.HandshakeHandler/FMLHANDSHAKE]: Sending ticking packet info 'Registry minecraft:item' to 'fml:handshake' sequence 7
[13Sep2025 21:55:53.502] [Netty Epoll Server IO #6/DEBUG] [net.minecraftforge.network.LoginWrapper/FMLHANDSHAKE]: Recieved login wrapper packet event for channel fml:handshake with index 4
[13Sep2025 21:55:53.503] [Netty Epoll Server IO #6/DEBUG] [net.minecraftforge.network.HandshakeHandler/FMLHANDSHAKE]: Received client indexed reply 4 of type net.minecraftforge.network.HandshakeMessages$C2SAcknowledge
[13Sep2025 21:55:53.503] [Netty Epoll Server IO #6/DEBUG] [net.minecraftforge.network.HandshakeHandler/FMLHANDSHAKE]: Received acknowledgement from client
[13Sep2025 21:55:53.503] [Netty Epoll Server IO #6/DEBUG] [net.minecraftforge.network.LoginWrapper/FMLHANDSHAKE]: Recieved login wrapper packet event for channel fml:handshake with index 5
[13Sep2025 21:55:53.503] [Netty Epoll Server IO #6/DEBUG] [net.minecraftforge.network.HandshakeHandler/FMLHANDSHAKE]: Received client indexed reply 5 of type net.minecraftforge.network.HandshakeMessages$C2SAcknowledge
[13Sep2025 21:55:53.503] [Netty Epoll Server IO #6/DEBUG] [net.minecraftforge.network.HandshakeHandler/FMLHANDSHAKE]: Received acknowledgement from client
[13Sep2025 21:55:53.503] [Netty Epoll Server IO #6/DEBUG] [net.minecraftforge.network.LoginWrapper/FMLHANDSHAKE]: Recieved login wrapper packet event for channel fml:handshake with index 6
[13Sep2025 21:55:53.503] [Netty Epoll Server IO #6/DEBUG] [net.minecraftforge.network.HandshakeHandler/FMLHANDSHAKE]: Received client indexed reply 6 of type net.minecraftforge.network.HandshakeMessages$C2SAcknowledge
[13Sep2025 21:55:53.503] [Netty Epoll Server IO #6/DEBUG] [net.minecraftforge.network.HandshakeHandler/FMLHANDSHAKE]: Received acknowledgement from client
[13Sep2025 21:55:53.524] [Server thread/DEBUG] [net.minecraftforge.network.HandshakeHandler/FMLHANDSHAKE]: Sending ticking packet info 'Registry minecraft:potion' to 'fml:handshake' sequence 8
[13Sep2025 21:55:53.574] [Server thread/DEBUG] [net.minecraftforge.network.HandshakeHandler/FMLHANDSHAKE]: Sending ticking packet info 'Registry minecraft:painting_variant' to 'fml:handshake' sequence 9
[13Sep2025 21:55:53.624] [Server thread/DEBUG] [net.minecraftforge.network.HandshakeHandler/FMLHANDSHAKE]: Sending ticking packet info 'Registry epicfight:skill_data_keys' to 'fml:handshake' sequence 10
[13Sep2025 21:55:53.674] [Server thread/DEBUG] [net.minecraftforge.network.HandshakeHandler/FMLHANDSHAKE]: Sending ticking packet info 'Registry forge:fluid_type' to 'fml:handshake' sequence 11
[13Sep2025 21:55:53.674] [Netty Epoll Server IO #6/DEBUG] [net.minecraftforge.network.LoginWrapper/FMLHANDSHAKE]: Recieved login wrapper packet event for channel fml:handshake with index 7
[13Sep2025 21:55:53.674] [Netty Epoll Server IO #6/DEBUG] [net.minecraftforge.network.HandshakeHandler/FMLHANDSHAKE]: Received client indexed reply 7 of type net.minecraftforge.network.HandshakeMessages$C2SAcknowledge
[13Sep2025 21:55:53.675] [Netty Epoll Server IO #6/DEBUG] [net.minecraftforge.network.HandshakeHandler/FMLHANDSHAKE]: Received acknowledgement from client
[13Sep2025 21:55:53.675] [Netty Epoll Server IO #6/DEBUG] [net.minecraftforge.network.LoginWrapper/FMLHANDSHAKE]: Recieved login wrapper packet event for channel fml:handshake with index 8
[13Sep2025 21:55:53.675] [Netty Epoll Server IO #6/DEBUG] [net.minecraftforge.network.HandshakeHandler/FMLHANDSHAKE]: Received client indexed reply 8 of type net.minecraftforge.network.HandshakeMessages$C2SAcknowledge
[13Sep2025 21:55:53.675] [Netty Epoll Server IO #6/DEBUG] [net.minecraftforge.network.HandshakeHandler/FMLHANDSHAKE]: Received acknowledgement from client
[13Sep2025 21:55:53.675] [Netty Epoll Server IO #6/DEBUG] [net.minecraftforge.network.LoginWrapper/FMLHANDSHAKE]: Recieved login wrapper packet event for channel fml:handshake with index 9
[13Sep2025 21:55:53.675] [Netty Epoll Server IO #6/DEBUG] [net.minecraftforge.network.HandshakeHandler/FMLHANDSHAKE]: Received client indexed reply 9 of type net.minecraftforge.network.HandshakeMessages$C2SAcknowledge
[13Sep2025 21:55:53.675] [Netty Epoll Server IO #6/DEBUG] [net.minecraftforge.network.HandshakeHandler/FMLHANDSHAKE]: Received acknowledgement from client
[13Sep2025 21:55:53.681] [Netty Epoll Server IO #6/DEBUG] [net.minecraftforge.network.LoginWrapper/FMLHANDSHAKE]: Recieved login wrapper packet event for channel fml:handshake with index 10
[13Sep2025 21:55:53.681] [Netty Epoll Server IO #6/DEBUG] [net.minecraftforge.network.HandshakeHandler/FMLHANDSHAKE]: Received client indexed reply 10 of type net.minecraftforge.network.HandshakeMessages$C2SAcknowledge
[13Sep2025 21:55:53.681] [Netty Epoll Server IO #6/DEBUG] [net.minecraftforge.network.HandshakeHandler/FMLHANDSHAKE]: Received acknowledgement from client
[13Sep2025 21:55:53.724] [Server thread/DEBUG] [net.minecraftforge.network.HandshakeHandler/FMLHANDSHAKE]: Sending ticking packet info 'Registry minecraft:block_entity_type' to 'fml:handshake' sequence 12
[13Sep2025 21:55:53.734] [Netty Epoll Server IO #6/DEBUG] [net.minecraftforge.network.LoginWrapper/FMLHANDSHAKE]: Recieved login wrapper packet event for channel fml:handshake with index 11
[13Sep2025 21:55:53.735] [Netty Epoll Server IO #6/DEBUG] [net.minecraftforge.network.HandshakeHandler/FMLHANDSHAKE]: Received client indexed reply 11 of type net.minecraftforge.network.HandshakeMessages$C2SAcknowledge
[13Sep2025 21:55:53.735] [Netty Epoll Server IO #6/DEBUG] [net.minecraftforge.network.HandshakeHandler/FMLHANDSHAKE]: Received acknowledgement from client
[13Sep2025 21:55:53.774] [Server thread/DEBUG] [net.minecraftforge.network.HandshakeHandler/FMLHANDSHAKE]: Sending ticking packet info 'Registry forge:display_contexts' to 'fml:handshake' sequence 13
[13Sep2025 21:55:53.783] [Netty Epoll Server IO #6/DEBUG] [net.minecraftforge.network.LoginWrapper/FMLHANDSHAKE]: Recieved login wrapper packet event for channel fml:handshake with index 12
[13Sep2025 21:55:53.783] [Netty Epoll Server IO #6/DEBUG] [net.minecraftforge.network.HandshakeHandler/FMLHANDSHAKE]: Received client indexed reply 12 of type net.minecraftforge.network.HandshakeMessages$C2SAcknowledge
[13Sep2025 21:55:53.783] [Netty Epoll Server IO #6/DEBUG] [net.minecraftforge.network.HandshakeHandler/FMLHANDSHAKE]: Received acknowledgement from client
[13Sep2025 21:55:53.824] [Server thread/DEBUG] [net.minecraftforge.network.HandshakeHandler/FMLHANDSHAKE]: Sending ticking packet info 'Registry minecraft:block' to 'fml:handshake' sequence 14
[13Sep2025 21:55:53.831] [Netty Epoll Server IO #6/DEBUG] [net.minecraftforge.network.LoginWrapper/FMLHANDSHAKE]: Recieved login wrapper packet event for channel fml:handshake with index 13
[13Sep2025 21:55:53.831] [Netty Epoll Server IO #6/DEBUG] [net.minecraftforge.network.HandshakeHandler/FMLHANDSHAKE]: Received client indexed reply 13 of type net.minecraftforge.network.HandshakeMessages$C2SAcknowledge
[13Sep2025 21:55:53.831] [Netty Epoll Server IO #6/DEBUG] [net.minecraftforge.network.HandshakeHandler/FMLHANDSHAKE]: Received acknowledgement from client
[13Sep2025 21:55:53.874] [Server thread/DEBUG] [net.minecraftforge.network.HandshakeHandler/FMLHANDSHAKE]: Sending ticking packet info 'Registry forge:entity_data_serializers' to 'fml:handshake' sequence 15
[13Sep2025 21:55:53.924] [Server thread/DEBUG] [net.minecraftforge.network.HandshakeHandler/FMLHANDSHAKE]: Sending ticking packet info 'Registry minecraft:mob_effect' to 'fml:handshake' sequence 16
[13Sep2025 21:55:53.942] [Netty Epoll Server IO #6/DEBUG] [net.minecraftforge.network.LoginWrapper/FMLHANDSHAKE]: Recieved login wrapper packet event for channel fml:handshake with index 14
[13Sep2025 21:55:53.943] [Netty Epoll Server IO #6/DEBUG] [net.minecraftforge.network.HandshakeHandler/FMLHANDSHAKE]: Received client indexed reply 14 of type net.minecraftforge.network.HandshakeMessages$C2SAcknowledge
[13Sep2025 21:55:53.943] [Netty Epoll Server IO #6/DEBUG] [net.minecraftforge.network.HandshakeHandler/FMLHANDSHAKE]: Received acknowledgement from client
[13Sep2025 21:55:53.943] [Netty Epoll Server IO #6/DEBUG] [net.minecraftforge.network.LoginWrapper/FMLHANDSHAKE]: Recieved login wrapper packet event for channel fml:handshake with index 15
[13Sep2025 21:55:53.943] [Netty Epoll Server IO #6/DEBUG] [net.minecraftforge.network.HandshakeHandler/FMLHANDSHAKE]: Received client indexed reply 15 of type net.minecraftforge.network.HandshakeMessages$C2SAcknowledge
[13Sep2025 21:55:53.943] [Netty Epoll Server IO #6/DEBUG] [net.minecraftforge.network.HandshakeHandler/FMLHANDSHAKE]: Received acknowledgement from client
[13Sep2025 21:55:53.974] [Server thread/DEBUG] [net.minecraftforge.network.HandshakeHandler/FMLHANDSHAKE]: Sending ticking packet info 'Registry minecraft:stat_type' to 'fml:handshake' sequence 17
[13Sep2025 21:55:53.980] [Netty Epoll Server IO #6/DEBUG] [net.minecraftforge.network.LoginWrapper/FMLHANDSHAKE]: Recieved login wrapper packet event for channel fml:handshake with index 16
[13Sep2025 21:55:53.980] [Netty Epoll Server IO #6/DEBUG] [net.minecraftforge.network.HandshakeHandler/FMLHANDSHAKE]: Received client indexed reply 16 of type net.minecraftforge.network.HandshakeMessages$C2SAcknowledge
[13Sep2025 21:55:53.980] [Netty Epoll Server IO #6/DEBUG] [net.minecraftforge.network.HandshakeHandler/FMLHANDSHAKE]: Received acknowledgement from client
[13Sep2025 21:55:54.024] [Server thread/DEBUG] [net.minecraftforge.network.HandshakeHandler/FMLHANDSHAKE]: Sending ticking packet info 'Registry epicfight:synched_animation_variable_keys' to 'fml:handshake' sequence 18
[13Sep2025 21:55:54.032] [Netty Epoll Server IO #6/DEBUG] [net.minecraftforge.network.LoginWrapper/FMLHANDSHAKE]: Recieved login wrapper packet event for channel fml:handshake with index 17
[13Sep2025 21:55:54.032] [Netty Epoll Server IO #6/DEBUG] [net.minecraftforge.network.HandshakeHandler/FMLHANDSHAKE]: Received client indexed reply 17 of type net.minecraftforge.network.HandshakeMessages$C2SAcknowledge
[13Sep2025 21:55:54.032] [Netty Epoll Server IO #6/DEBUG] [net.minecraftforge.network.HandshakeHandler/FMLHANDSHAKE]: Received acknowledgement from client
[13Sep2025 21:55:54.074] [Server thread/DEBUG] [net.minecraftforge.network.HandshakeHandler/FMLHANDSHAKE]: Sending ticking packet info 'Registry epicfight:conditions' to 'fml:handshake' sequence 19
[13Sep2025 21:55:54.080] [Netty Epoll Server IO #6/DEBUG] [net.minecraftforge.network.LoginWrapper/FMLHANDSHAKE]: Recieved login wrapper packet event for channel fml:handshake with index 18
[13Sep2025 21:55:54.080] [Netty Epoll Server IO #6/DEBUG] [net.minecraftforge.network.HandshakeHandler/FMLHANDSHAKE]: Received client indexed reply 18 of type net.minecraftforge.network.HandshakeMessages$C2SAcknowledge
[13Sep2025 21:55:54.080] [Netty Epoll Server IO #6/DEBUG] [net.minecraftforge.network.HandshakeHandler/FMLHANDSHAKE]: Received acknowledgement from client
[13Sep2025 21:55:54.124] [Server thread/DEBUG] [net.minecraftforge.network.HandshakeHandler/FMLHANDSHAKE]: Sending ticking packet info 'Registry minecraft:menu' to 'fml:handshake' sequence 20
[13Sep2025 21:55:54.131] [Netty Epoll Server IO #6/DEBUG] [net.minecraftforge.network.LoginWrapper/FMLHANDSHAKE]: Recieved login wrapper packet event for channel fml:handshake with index 19
[13Sep2025 21:55:54.131] [Netty Epoll Server IO #6/DEBUG] [net.minecraftforge.network.HandshakeHandler/FMLHANDSHAKE]: Received client indexed reply 19 of type net.minecraftforge.network.HandshakeMessages$C2SAcknowledge
[13Sep2025 21:55:54.132] [Netty Epoll Server IO #6/DEBUG] [net.minecraftforge.network.HandshakeHandler/FMLHANDSHAKE]: Received acknowledgement from client
[13Sep2025 21:55:54.174] [Server thread/DEBUG] [net.minecraftforge.network.HandshakeHandler/FMLHANDSHAKE]: Sending ticking packet info 'Registry minecraft:enchantment' to 'fml:handshake' sequence 21
[13Sep2025 21:55:54.214] [Netty Epoll Server IO #6/DEBUG] [net.minecraftforge.network.LoginWrapper/FMLHANDSHAKE]: Recieved login wrapper packet event for channel fml:handshake with index 20
[13Sep2025 21:55:54.214] [Netty Epoll Server IO #6/DEBUG] [net.minecraftforge.network.HandshakeHandler/FMLHANDSHAKE]: Received client indexed reply 20 of type net.minecraftforge.network.HandshakeMessages$C2SAcknowledge
[13Sep2025 21:55:54.214] [Netty Epoll Server IO #6/DEBUG] [net.minecraftforge.network.HandshakeHandler/FMLHANDSHAKE]: Received acknowledgement from client
[13Sep2025 21:55:54.224] [Server thread/DEBUG] [net.minecraftforge.network.HandshakeHandler/FMLHANDSHAKE]: Sending ticking packet info 'Registry minecraft:fluid' to 'fml:handshake' sequence 22
[13Sep2025 21:55:54.230] [Netty Epoll Server IO #6/DEBUG] [net.minecraftforge.network.LoginWrapper/FMLHANDSHAKE]: Recieved login wrapper packet event for channel fml:handshake with index 21
[13Sep2025 21:55:54.230] [Netty Epoll Server IO #6/DEBUG] [net.minecraftforge.network.HandshakeHandler/FMLHANDSHAKE]: Received client indexed reply 21 of type net.minecraftforge.network.HandshakeMessages$C2SAcknowledge
[13Sep2025 21:55:54.230] [Netty Epoll Server IO #6/DEBUG] [net.minecraftforge.network.HandshakeHandler/FMLHANDSHAKE]: Received acknowledgement from client
[13Sep2025 21:55:54.274] [Server thread/DEBUG] [net.minecraftforge.network.HandshakeHandler/FMLHANDSHAKE]: Sending ticking packet info 'Registry epicfight:skill' to 'fml:handshake' sequence 23
[13Sep2025 21:55:54.282] [Netty Epoll Server IO #6/DEBUG] [net.minecraftforge.network.LoginWrapper/FMLHANDSHAKE]: Recieved login wrapper packet event for channel fml:handshake with index 22
[13Sep2025 21:55:54.282] [Netty Epoll Server IO #6/DEBUG] [net.minecraftforge.network.HandshakeHandler/FMLHANDSHAKE]: Received client indexed reply 22 of type net.minecraftforge.network.HandshakeMessages$C2SAcknowledge
[13Sep2025 21:55:54.282] [Netty Epoll Server IO #6/DEBUG] [net.minecraftforge.network.HandshakeHandler/FMLHANDSHAKE]: Received acknowledgement from client
[13Sep2025 21:55:54.324] [Server thread/DEBUG] [net.minecraftforge.network.HandshakeHandler/FMLHANDSHAKE]: Sending ticking packet info 'Registry minecraft:entity_type' to 'fml:handshake' sequence 24
[13Sep2025 21:55:54.330] [Netty Epoll Server IO #6/DEBUG] [net.minecraftforge.network.LoginWrapper/FMLHANDSHAKE]: Recieved login wrapper packet event for channel fml:handshake with index 23
[13Sep2025 21:55:54.330] [Netty Epoll Server IO #6/DEBUG] [net.minecraftforge.network.HandshakeHandler/FMLHANDSHAKE]: Received client indexed reply 23 of type net.minecraftforge.network.HandshakeMessages$C2SAcknowledge
[13Sep2025 21:55:54.331] [Netty Epoll Server IO #6/DEBUG] [net.minecraftforge.network.HandshakeHandler/FMLHANDSHAKE]: Received acknowledgement from client
[13Sep2025 21:55:54.374] [Server thread/DEBUG] [net.minecraftforge.network.HandshakeHandler/FMLHANDSHAKE]: Sending ticking packet info 'Config epicfight-server.toml' to 'fml:handshake' sequence 25
[13Sep2025 21:55:54.424] [Server thread/DEBUG] [net.minecraftforge.network.HandshakeHandler/FMLHANDSHAKE]: Sending ticking packet info 'Config jei-server.toml' to 'fml:handshake' sequence 26
[13Sep2025 21:55:54.474] [Server thread/DEBUG] [net.minecraftforge.network.HandshakeHandler/FMLHANDSHAKE]: Sending ticking packet info 'Config forge-server.toml' to 'fml:handshake' sequence 27
[13Sep2025 21:55:54.499] [Netty Epoll Server IO #6/DEBUG] [net.minecraftforge.network.LoginWrapper/FMLHANDSHAKE]: Recieved login wrapper packet event for channel fml:handshake with index 24
[13Sep2025 21:55:54.499] [Netty Epoll Server IO #6/DEBUG] [net.minecraftforge.network.HandshakeHandler/FMLHANDSHAKE]: Received client indexed reply 24 of type net.minecraftforge.network.HandshakeMessages$C2SAcknowledge
[13Sep2025 21:55:54.499] [Netty Epoll Server IO #6/DEBUG] [net.minecraftforge.network.HandshakeHandler/FMLHANDSHAKE]: Received acknowledgement from client
[13Sep2025 21:55:54.499] [Netty Epoll Server IO #6/DEBUG] [net.minecraftforge.network.LoginWrapper/FMLHANDSHAKE]: Recieved login wrapper packet event for channel fml:handshake with index 25
[13Sep2025 21:55:54.499] [Netty Epoll Server IO #6/DEBUG] [net.minecraftforge.network.HandshakeHandler/FMLHANDSHAKE]: Received client indexed reply 25 of type net.minecraftforge.network.HandshakeMessages$C2SAcknowledge
[13Sep2025 21:55:54.499] [Netty Epoll Server IO #6/DEBUG] [net.minecraftforge.network.HandshakeHandler/FMLHANDSHAKE]: Received acknowledgement from client
[13Sep2025 21:55:54.502] [Netty Epoll Server IO #6/DEBUG] [net.minecraftforge.network.LoginWrapper/FMLHANDSHAKE]: Recieved login wrapper packet event for channel fml:handshake with index 26
[13Sep2025 21:55:54.502] [Netty Epoll Server IO #6/DEBUG] [net.minecraftforge.network.HandshakeHandler/FMLHANDSHAKE]: Received client indexed reply 26 of type net.minecraftforge.network.HandshakeMessages$C2SAcknowledge
[13Sep2025 21:55:54.502] [Netty Epoll Server IO #6/DEBUG] [net.minecraftforge.network.HandshakeHandler/FMLHANDSHAKE]: Received acknowledgement from client
[13Sep2025 21:55:54.530] [Netty Epoll Server IO #6/DEBUG] [net.minecraftforge.network.LoginWrapper/FMLHANDSHAKE]: Recieved login wrapper packet event for channel fml:handshake with index 27
[13Sep2025 21:55:54.530] [Netty Epoll Server IO #6/DEBUG] [net.minecraftforge.network.HandshakeHandler/FMLHANDSHAKE]: Received client indexed reply 27 of type net.minecraftforge.network.HandshakeMessages$C2SAcknowledge
[13Sep2025 21:55:54.530] [Netty Epoll Server IO #6/DEBUG] [net.minecraftforge.network.HandshakeHandler/FMLHANDSHAKE]: Received acknowledgement from client
[13Sep2025 21:55:54.574] [Server thread/DEBUG] [net.minecraftforge.network.HandshakeHandler/FMLHANDSHAKE]: Handshake complete!
[13Sep2025 21:55:54.637] [Server thread/INFO] [net.minecraft.server.players.PlayerList/]: Dwiss3[/127.150.44.39:56307] logged in with entity id 1722 at (-146.4795854685832, 89.0, -277.9199791243568)
[13Sep2025 21:55:54.638] [Server thread/DEBUG] [net.minecraftforge.network.filters.NetworkFilters/]: Injected net.minecraftforge.network.filters.ForgeConnectionNetworkFilter@1d485935 into net.minecraft.network.Connection@701d49a3
[13Sep2025 21:55:54.658] [Server thread/INFO] [net.minecraft.server.MinecraftServer/]: Dwiss3 joined the game
[13Sep2025 21:55:54.728] [Server thread/INFO] [antiqueatlas/]: Sent markers data #-1 to player Dwiss3
[13Sep2025 21:55:54.728] [Server thread/INFO] [antiqueatlas/]: Sent custom biome data to player Dwiss3
[13Sep2025 21:55:54.729] [Server thread/INFO] [antiqueatlas/]: Sent custom biome data to player Dwiss3
[13Sep2025 21:55:54.729] [Server thread/INFO] [antiqueatlas/]: Sent custom biome data to player Dwiss3
[13Sep2025 21:55:54.730] [Server thread/INFO] [antiqueatlas/]: Sent custom biome data to player Dwiss3
[13Sep2025 21:55:54.730] [Server thread/DEBUG] [voicechat/]: [voicechat] Setting default state of Dwiss3: {disabled=false, disconnected=true, uuid=c46fadd7-0f1b-301b-9ff2-ee2aa61b8bc7, name=Dwiss3, group=null}
[13Sep2025 21:55:55.697] [Server thread/INFO] [voicechat/]: [voicechat] Received secret request of Dwiss3 (20)
[13Sep2025 21:55:55.698] [Server thread/DEBUG] [voicechat/]: [voicechat] Sending initial states to Dwiss3
[13Sep2025 21:55:55.698] [Server thread/DEBUG] [voicechat/]: [voicechat] Synchronizing 0 groups with Dwiss3
[13Sep2025 21:55:55.698] [Server thread/DEBUG] [voicechat/]: [voicechat] Synchronizing 0 volume categories with Dwiss3
[13Sep2025 21:55:55.698] [Server thread/INFO] [voicechat/]: [voicechat] Sent secret to Dwiss3
[13Sep2025 21:55:57.080] [Server thread/INFO] [net.minecraft.server.MinecraftServer/]: Thank you so much for playing Dark Souls Expansion! If you'd like to create a server with your friends, you can do so at
[13Sep2025 21:58:45.186] [Server thread/INFO] [net.minecraft.server.MinecraftServer/]: [Dwiss3: Executed 0 command(s) from 0 functions]
[13Sep2025 21:59:58.248] [Server thread/DEBUG] [net.minecraftforge.common.ForgeHooks/WP]: Gathering id map for writing to world save world
[13Sep2025 21:59:58.257] [Server thread/DEBUG] [net.minecraftforge.common.ForgeHooks/WP]: ID Map collection complete world
[13Sep2025 22:04:58.249] [Server thread/DEBUG] [net.minecraftforge.common.ForgeHooks/WP]: Gathering id map for writing to world save world
[13Sep2025 22:04:58.257] [Server thread/DEBUG] [net.minecraftforge.common.ForgeHooks/WP]: ID Map collection complete world
[13Sep2025 22:08:20.529] [Server thread/INFO] [net.minecraft.server.MinecraftServer/]: Dwiss3 has made the advancement [Monster Hunter]
[13Sep2025 22:09:36.578] [Worker-Main-27/DEBUG] [mixin/]: Mixing gen.chunk_region.WorldGenRegionMixin from canary.mixins.json into net.minecraft.server.level.WorldGenRegion
[13Sep2025 22:09:36.856] [Worker-Main-28/DEBUG] [mixin/]: Mixing BeardifierMixin from yungsapi.mixins.json into net.minecraft.world.level.levelgen.Beardifier
[13Sep2025 22:09:36.858] [Worker-Main-28/DEBUG] [mixin/]: Mixing accessor.BeardifierAccessor from yungsapi.mixins.json into net.minecraft.world.level.levelgen.Beardifier
[13Sep2025 22:09:58.245] [Server thread/DEBUG] [net.minecraftforge.common.ForgeHooks/WP]: Gathering id map for writing to world save world
[13Sep2025 22:09:58.254] [Server thread/DEBUG] [net.minecraftforge.common.ForgeHooks/WP]: ID Map collection complete world
[13Sep2025 22:11:25.647] [Worker-Main-28/DEBUG] [mixin/]: Mixing JigsawPlacementPlacerMixin from waystones.mixins.json into net.minecraft.world.level.levelgen.structure.pools.JigsawPlacement$Placer
[13Sep2025 22:12:06.479] [Server thread/DEBUG] [mixin/]: Mixing world.explosions.ExplosionMixin from canary.mixins.json into net.minecraft.world.level.Explosion
[13Sep2025 22:12:06.490] [Server thread/DEBUG] [mixin/]: Mixing alloc.explosion_behavior.EntityBasedExplosionDamageCalculatorMixin from canary.mixins.json into net.minecraft.world.level.EntityBasedExplosionDamageCalculator
[13Sep2025 22:14:58.248] [Server thread/DEBUG] [net.minecraftforge.common.ForgeHooks/WP]: Gathering id map for writing to world save world
[13Sep2025 22:14:58.258] [Server thread/DEBUG] [net.minecraftforge.common.ForgeHooks/WP]: ID Map collection complete world
[13Sep2025 22:17:17.435] [Server thread/INFO] [net.minecraft.server.MinecraftServer/]: Dwiss3 has made the advancement [Stone Age]
[13Sep2025 22:18:36.802] [Server thread/INFO] [net.minecraft.server.MinecraftServer/]: Dwiss3 has made the advancement [Bark Off]
[13Sep2025 22:19:12.456] [Server thread/INFO] [net.minecraft.server.MinecraftServer/]: Dwiss3 has made the advancement [Bonfire Lit]
[13Sep2025 22:19:58.248] [Server thread/DEBUG] [net.minecraftforge.common.ForgeHooks/WP]: Gathering id map for writing to world save world
[13Sep2025 22:19:58.257] [Server thread/DEBUG] [net.minecraftforge.common.ForgeHooks/WP]: ID Map collection complete world
[13Sep2025 22:24:58.245] [Server thread/DEBUG] [net.minecraftforge.common.ForgeHooks/WP]: Gathering id map for writing to world save world
[13Sep2025 22:24:58.254] [Server thread/DEBUG] [net.minecraftforge.common.ForgeHooks/WP]: ID Map collection complete world
[13Sep2025 22:29:58.245] [Server thread/DEBUG] [net.minecraftforge.common.ForgeHooks/WP]: Gathering id map for writing to world save world
[13Sep2025 22:29:58.254] [Server thread/DEBUG] [net.minecraftforge.common.ForgeHooks/WP]: ID Map collection complete world
[13Sep2025 22:30:07.733] [Server thread/INFO] [net.minecraft.server.network.ServerGamePacketListenerImpl/]: Dwiss3 lost connection: Disconnected
[13Sep2025 22:30:07.733] [Server thread/INFO] [net.minecraft.server.MinecraftServer/]: Dwiss3 left the game
[13Sep2025 22:30:07.733] [Server thread/DEBUG] [voicechat/]: [voicechat] Removing state of Dwiss3
[13Sep2025 22:30:07.733] [Server thread/INFO] [voicechat/]: [voicechat] Disconnecting client Dwiss3
[13Sep2025 22:30:11.999] [Netty Epoll Server IO #7/DEBUG] [net.minecraftforge.network.HandshakeHandler/FMLHANDSHAKE]: Starting new modded impl connection. Found 28 messages to dispatch.
[13Sep2025 22:30:12.025] [Server thread/DEBUG] [net.minecraftforge.network.HandshakeHandler/FMLHANDSHAKE]: Sending ticking packet info 'net.minecraftforge.network.HandshakeMessages$S2CModData' to 'fml:handshake' sequence 0
[13Sep2025 22:30:12.075] [Server thread/DEBUG] [net.minecraftforge.network.HandshakeHandler/FMLHANDSHAKE]: Sending ticking packet info 'net.minecraftforge.network.HandshakeMessages$S2CModList' to 'fml:handshake' sequence 1
[13Sep2025 22:30:12.125] [Server thread/DEBUG] [net.minecraftforge.network.HandshakeHandler/FMLHANDSHAKE]: Sending ticking packet info 'Registry minecraft:command_argument_type' to 'fml:handshake' sequence 2
[13Sep2025 22:30:12.132] [Netty Epoll Server IO #7/DEBUG] [net.minecraftforge.network.LoginWrapper/FMLHANDSHAKE]: Recieved login wrapper packet event for channel fml:handshake with index 1
[13Sep2025 22:30:12.132] [Netty Epoll Server IO #7/DEBUG] [net.minecraftforge.network.HandshakeHandler/FMLHANDSHAKE]: Received client indexed reply 1 of type net.minecraftforge.network.HandshakeMessages$C2SModListReply
[13Sep2025 22:30:12.132] [Netty Epoll Server IO #7/DEBUG] [net.minecraftforge.network.HandshakeHandler/FMLHANDSHAKE]: Received client connection with modlist [treechop, kuma_api, supermartijn642configlib, geckolib, playeranimator, customskinloader, jei, libraryferret, trender, dynamiclights, companions, immersive_weathering, waystones, fallingleaves, epicfight, yyzsbackpack, modernfix, yungsapi, mixinextras, knightlib, glitchcore, sereneseasons, midnightlib, takesapillage, balm, fusion, forge, embeddium, rubidium, friendsandfoes, antiqueatlas, unionlib, unionlib_potionfluid, minecraft, rustic_engineer, realmrpg_skeletons, dark_souls_expansion, unusual_furniture, realisticforgingores, farmersdelight, entity_model_features, entity_texture_features, voicechat, voicechat_api, sound_physics_remastered, moonlight, endrem, medievalembroidery, philipsruins, patchouli, oculus, entityculling, bettervillage, betterthirdperson, canary, dawnoftimebuilder, betterarcheology, farmers_structures, appleskin, ferritecore, yet_another_config_lib_v3, chimes, transition, oceanicrealms, presencefootsteps]
[13Sep2025 22:30:12.132] [Netty Epoll Server IO #7/DEBUG] [net.minecraftforge.network.NetworkRegistry/NETREGISTRY]: Channel 'voicechat:secret' : Version test of 'ALLOWVANILLA 💓💓💓' from client : ACCEPTED
[13Sep2025 22:30:12.132] [Netty Epoll Server IO #7/DEBUG] [net.minecraftforge.network.NetworkRegistry/NETREGISTRY]: Channel 'voicechat:leave_group' : Version test of 'ALLOWVANILLA 💓💓💓' from client : ACCEPTED
[13Sep2025 22:30:12.132] [Netty Epoll Server IO #7/DEBUG] [net.minecraftforge.network.NetworkRegistry/NETREGISTRY]: Channel 'unionlib:main_simple_channel' : Version test of '1' from client : ACCEPTED
[13Sep2025 22:30:12.132] [Netty Epoll Server IO #7/DEBUG] [net.minecraftforge.network.NetworkRegistry/NETREGISTRY]: Channel 'voicechat:create_group' : Version test of 'ALLOWVANILLA 💓💓💓' from client : ACCEPTED
[13Sep2025 22:30:12.132] [Netty Epoll Server IO #7/DEBUG] [net.minecraftforge.network.NetworkRegistry/NETREGISTRY]: Channel 'jei:channel' : Version test of '1.0.0' from client : ACCEPTED
[13Sep2025 22:30:12.132] [Netty Epoll Server IO #7/DEBUG] [net.minecraftforge.network.NetworkRegistry/NETREGISTRY]: Channel 'unusual_furniture:unusual_furniture' : Version test of '1' from client : ACCEPTED
[13Sep2025 22:30:12.132] [Netty Epoll Server IO #7/DEBUG] [net.minecraftforge.network.NetworkRegistry/NETREGISTRY]: Channel 'minecraft:unregister' : Version test of 'FML3' from client : ACCEPTED
[13Sep2025 22:30:12.132] [Netty Epoll Server IO #7/DEBUG] [net.minecraftforge.network.NetworkRegistry/NETREGISTRY]: Channel 'voicechat:states' : Version test of 'ALLOWVANILLA 💓💓💓' from client : ACCEPTED
[13Sep2025 22:30:12.132] [Netty Epoll Server IO #7/DEBUG] [net.minecraftforge.network.NetworkRegistry/NETREGISTRY]: Channel 'friendsandfoes:networking' : Version test of '3.0.9' from client : ACCEPTED
[13Sep2025 22:30:12.132] [Netty Epoll Server IO #7/DEBUG] [net.minecraftforge.network.NetworkRegistry/NETREGISTRY]: Channel 'dark_souls_expansion:dark_souls_expansion' : Version test of '1' from client : ACCEPTED
[13Sep2025 22:30:12.132] [Netty Epoll Server IO #7/DEBUG] [net.minecraftforge.network.NetworkRegistry/NETREGISTRY]: Channel 'oceanicrealms:oceanicrealms' : Version test of '1' from client : ACCEPTED
[13Sep2025 22:30:12.132] [Netty Epoll Server IO #7/DEBUG] [net.minecraftforge.network.NetworkRegistry/NETREGISTRY]: Channel 'voicechat:set_group' : Version test of 'ALLOWVANILLA 💓💓💓' from client : ACCEPTED
[13Sep2025 22:30:12.132] [Netty Epoll Server IO #7/DEBUG] [net.minecraftforge.network.NetworkRegistry/NETREGISTRY]: Channel 'voicechat:joined_group' : Version test of 'ALLOWVANILLA 💓💓💓' from client : ACCEPTED
[13Sep2025 22:30:12.133] [Netty Epoll Server IO #7/DEBUG] [net.minecraftforge.network.NetworkRegistry/NETREGISTRY]: Channel 'minecraft:treechop-channel' : Version test of '7' from client : ACCEPTED
[13Sep2025 22:30:12.133] [Netty Epoll Server IO #7/DEBUG] [net.minecraftforge.network.NetworkRegistry/NETREGISTRY]: Channel 'voicechat:update_state' : Version test of 'ALLOWVANILLA 💓💓💓' from client : ACCEPTED
[13Sep2025 22:30:12.133] [Netty Epoll Server IO #7/DEBUG] [net.minecraftforge.network.NetworkRegistry/NETREGISTRY]: Channel 'balm:network' : Version test of '1.0' from client : ACCEPTED
[13Sep2025 22:30:12.133] [Netty Epoll Server IO #7/DEBUG] [net.minecraftforge.network.NetworkRegistry/NETREGISTRY]: Channel 'farmers_structures:farmers_structures' : Version test of '1' from client : ACCEPTED
[13Sep2025 22:30:12.133] [Netty Epoll Server IO #7/DEBUG] [net.minecraftforge.network.NetworkRegistry/NETREGISTRY]: Channel 'realisticforgingores:realisticforgingores' : Version test of '1' from client : ACCEPTED
[13Sep2025 22:30:12.133] [Netty Epoll Server IO #7/DEBUG] [net.minecraftforge.network.NetworkRegistry/NETREGISTRY]: Channel 'appleskin:sync' : Version test of '1' from client : ACCEPTED
[13Sep2025 22:30:12.133] [Netty Epoll Server IO #7/DEBUG] [net.minecraftforge.network.NetworkRegistry/NETREGISTRY]: Channel 'medievalembroidery:me_network' : Version test of '1' from client : ACCEPTED
[13Sep2025 22:30:12.133] [Netty Epoll Server IO #7/DEBUG] [net.minecraftforge.network.NetworkRegistry/NETREGISTRY]: Channel 'voicechat:add_group' : Version test of 'ALLOWVANILLA 💓💓💓' from client : ACCEPTED
[13Sep2025 22:30:12.133] [Netty Epoll Server IO #7/DEBUG] [net.minecraftforge.network.NetworkRegistry/NETREGISTRY]: Channel 'fml:loginwrapper' : Version test of 'FML3' from client : ACCEPTED
[13Sep2025 22:30:12.133] [Netty Epoll Server IO #7/DEBUG] [net.minecraftforge.network.NetworkRegistry/NETREGISTRY]: Channel 'forge:tier_sorting' : Version test of '1.0' from client : ACCEPTED
[13Sep2025 22:30:12.133] [Netty Epoll Server IO #7/DEBUG] [net.minecraftforge.network.NetworkRegistry/NETREGISTRY]: Channel 'rustic_engineer:rustic_engineer' : Version test of '1' from client : ACCEPTED
[13Sep2025 22:30:12.133] [Netty Epoll Server IO #7/DEBUG] [net.minecraftforge.network.NetworkRegistry/NETREGISTRY]: Channel 'supermartijn642configlib:sync_configs' : Version test of '1.1.8' from client : ACCEPTED
[13Sep2025 22:30:12.133] [Netty Epoll Server IO #7/DEBUG] [net.minecraftforge.network.NetworkRegistry/NETREGISTRY]: Channel 'realmrpg_skeletons:realmrpg_skeletons' : Version test of '1' from client : ACCEPTED
[13Sep2025 22:30:12.133] [Netty Epoll Server IO #7/DEBUG] [net.minecraftforge.network.NetworkRegistry/NETREGISTRY]: Channel 'glitchcore:config_sync' : Version test of '1' from client : ACCEPTED
[13Sep2025 22:30:12.133] [Netty Epoll Server IO #7/DEBUG] [net.minecraftforge.network.NetworkRegistry/NETREGISTRY]: Channel 'fml:play' : Version test of 'FML3' from client : ACCEPTED
[13Sep2025 22:30:12.133] [Netty Epoll Server IO #7/DEBUG] [net.minecraftforge.network.NetworkRegistry/NETREGISTRY]: Channel 'voicechat:request_secret' : Version test of 'ALLOWVANILLA 💓💓💓' from client : ACCEPTED
[13Sep2025 22:30:12.133] [Netty Epoll Server IO #7/DEBUG] [net.minecraftforge.network.NetworkRegistry/NETREGISTRY]: Channel 'patchouli:main' : Version test of '1' from client : ACCEPTED
[13Sep2025 22:30:12.133] [Netty Epoll Server IO #7/DEBUG] [net.minecraftforge.network.NetworkRegistry/NETREGISTRY]: Channel 'epicfight:network_manager' : Version test of '1' from client : ACCEPTED
[13Sep2025 22:30:12.133] [Netty Epoll Server IO #7/DEBUG] [net.minecraftforge.network.NetworkRegistry/NETREGISTRY]: Channel 'sereneseasons:main' : Version test of '1' from client : ACCEPTED
[13Sep2025 22:30:12.133] [Netty Epoll Server IO #7/DEBUG] [net.minecraftforge.network.NetworkRegistry/NETREGISTRY]: Channel 'fml:handshake' : Version test of 'FML3' from client : ACCEPTED
[13Sep2025 22:30:12.133] [Netty Epoll Server IO #7/DEBUG] [net.minecraftforge.network.NetworkRegistry/NETREGISTRY]: Channel 'immersive_weathering:channel' : Version test of '0' from client : ACCEPTED
[13Sep2025 22:30:12.133] [Netty Epoll Server IO #7/DEBUG] [net.minecraftforge.network.NetworkRegistry/NETREGISTRY]: Channel 'betterarcheology:messages' : Version test of '1.0' from client : ACCEPTED
[13Sep2025 22:30:12.133] [Netty Epoll Server IO #7/DEBUG] [net.minecraftforge.network.NetworkRegistry/NETREGISTRY]: Channel 'voicechat:state' : Version test of 'ALLOWVANILLA 💓💓💓' from client : ACCEPTED
[13Sep2025 22:30:12.133] [Netty Epoll Server IO #7/DEBUG] [net.minecraftforge.network.NetworkRegistry/NETREGISTRY]: Channel 'voicechat:remove_category' : Version test of 'ALLOWVANILLA 💓💓💓' from client : ACCEPTED
[13Sep2025 22:30:12.133] [Netty Epoll Server IO #7/DEBUG] [net.minecraftforge.network.NetworkRegistry/NETREGISTRY]: Channel 'voicechat:remove_group' : Version test of 'ALLOWVANILLA 💓💓💓' from client : ACCEPTED
[13Sep2025 22:30:12.133] [Netty Epoll Server IO #7/DEBUG] [net.minecraftforge.network.NetworkRegistry/NETREGISTRY]: Channel 'voicechat:add_category' : Version test of 'ALLOWVANILLA 💓💓💓' from client : ACCEPTED
[13Sep2025 22:30:12.133] [Netty Epoll Server IO #7/DEBUG] [net.minecraftforge.network.NetworkRegistry/NETREGISTRY]: Channel 'antiqueatlas:main_simple_channel' : Version test of '1' from client : ACCEPTED
[13Sep2025 22:30:12.133] [Netty Epoll Server IO #7/DEBUG] [net.minecraftforge.network.NetworkRegistry/NETREGISTRY]: Channel 'voicechat:remove_state' : Version test of 'ALLOWVANILLA 💓💓💓' from client : ACCEPTED
[13Sep2025 22:30:12.133] [Netty Epoll Server IO #7/DEBUG] [net.minecraftforge.network.NetworkRegistry/NETREGISTRY]: Channel 'minecraft:register' : Version test of 'FML3' from client : ACCEPTED
[13Sep2025 22:30:12.133] [Netty Epoll Server IO #7/DEBUG] [net.minecraftforge.network.NetworkRegistry/NETREGISTRY]: Channel 'forge:split' : Version test of '1.1' from client : ACCEPTED
[13Sep2025 22:30:12.134] [Netty Epoll Server IO #7/DEBUG] [net.minecraftforge.network.NetworkRegistry/NETREGISTRY]: Channel 'geckolib:main' : Version test of '1' from client : ACCEPTED
[13Sep2025 22:30:12.134] [Netty Epoll Server IO #7/DEBUG] [net.minecraftforge.network.NetworkRegistry/NETREGISTRY]: Channel 'waystones:network' : Version test of '1.0' from client : ACCEPTED
[13Sep2025 22:30:12.134] [Netty Epoll Server IO #7/DEBUG] [net.minecraftforge.network.NetworkRegistry/NETREGISTRY]: Channel 'moonlight:channel' : Version test of '0' from client : ACCEPTED
[13Sep2025 22:30:12.134] [Netty Epoll Server IO #7/DEBUG] [net.minecraftforge.network.NetworkRegistry/NETREGISTRY]: Accepting channel list from client
[13Sep2025 22:30:12.134] [Netty Epoll Server IO #7/DEBUG] [net.minecraftforge.network.HandshakeHandler/FMLHANDSHAKE]: Accepted client connection mod list
[13Sep2025 22:30:12.175] [Server thread/DEBUG] [net.minecraftforge.network.HandshakeHandler/FMLHANDSHAKE]: Sending ticking packet info 'Registry minecraft:recipe_serializer' to 'fml:handshake' sequence 3
[13Sep2025 22:30:12.205] [Netty Epoll Server IO #7/DEBUG] [net.minecraftforge.network.LoginWrapper/FMLHANDSHAKE]: Recieved login wrapper packet event for channel fml:handshake with index 2
[13Sep2025 22:30:12.205] [Netty Epoll Server IO #7/DEBUG] [net.minecraftforge.network.HandshakeHandler/FMLHANDSHAKE]: Received client indexed reply 2 of type net.minecraftforge.network.HandshakeMessages$C2SAcknowledge
[13Sep2025 22:30:12.205] [Netty Epoll Server IO #7/DEBUG] [net.minecraftforge.network.HandshakeHandler/FMLHANDSHAKE]: Received acknowledgement from client
[13Sep2025 22:30:12.225] [Server thread/DEBUG] [net.minecraftforge.network.HandshakeHandler/FMLHANDSHAKE]: Sending ticking packet info 'Registry minecraft:sound_event' to 'fml:handshake' sequence 4
[13Sep2025 22:30:12.233] [Netty Epoll Server IO #7/DEBUG] [net.minecraftforge.network.LoginWrapper/FMLHANDSHAKE]: Recieved login wrapper packet event for channel fml:handshake with index 3
[13Sep2025 22:30:12.234] [Netty Epoll Server IO #7/DEBUG] [net.minecraftforge.network.HandshakeHandler/FMLHANDSHAKE]: Received client indexed reply 3 of type net.minecraftforge.network.HandshakeMessages$C2SAcknowledge
[13Sep2025 22:30:12.234] [Netty Epoll Server IO #7/DEBUG] [net.minecraftforge.network.HandshakeHandler/FMLHANDSHAKE]: Received acknowledgement from client
[13Sep2025 22:30:12.275] [Server thread/DEBUG] [net.minecraftforge.network.HandshakeHandler/FMLHANDSHAKE]: Sending ticking packet info 'Registry minecraft:particle_type' to 'fml:handshake' sequence 5
[13Sep2025 22:30:12.325] [Server thread/DEBUG] [net.minecraftforge.network.HandshakeHandler/FMLHANDSHAKE]: Sending ticking packet info 'Registry minecraft:villager_profession' to 'fml:handshake' sequence 6
[13Sep2025 22:30:12.374] [Server thread/DEBUG] [net.minecraftforge.network.HandshakeHandler/FMLHANDSHAKE]: Sending ticking packet info 'Registry minecraft:item' to 'fml:handshake' sequence 7
[13Sep2025 22:30:12.401] [Netty Epoll Server IO #7/DEBUG] [net.minecraftforge.network.LoginWrapper/FMLHANDSHAKE]: Recieved login wrapper packet event for channel fml:handshake with index 4
[13Sep2025 22:30:12.401] [Netty Epoll Server IO #7/DEBUG] [net.minecraftforge.network.HandshakeHandler/FMLHANDSHAKE]: Received client indexed reply 4 of type net.minecraftforge.network.HandshakeMessages$C2SAcknowledge
[13Sep2025 22:30:12.401] [Netty Epoll Server IO #7/DEBUG] [net.minecraftforge.network.HandshakeHandler/FMLHANDSHAKE]: Received acknowledgement from client
[13Sep2025 22:30:12.401] [Netty Epoll Server IO #7/DEBUG] [net.minecraftforge.network.LoginWrapper/FMLHANDSHAKE]: Recieved login wrapper packet event for channel fml:handshake with index 5
[13Sep2025 22:30:12.401] [Netty Epoll Server IO #7/DEBUG] [net.minecraftforge.network.HandshakeHandler/FMLHANDSHAKE]: Received client indexed reply 5 of type net.minecraftforge.network.HandshakeMessages$C2SAcknowledge
[13Sep2025 22:30:12.401] [Netty Epoll Server IO #7/DEBUG] [net.minecraftforge.network.HandshakeHandler/FMLHANDSHAKE]: Received acknowledgement from client
[13Sep2025 22:30:12.401] [Netty Epoll Server IO #7/DEBUG] [net.minecraftforge.network.LoginWrapper/FMLHANDSHAKE]: Recieved login wrapper packet event for channel fml:handshake with index 6
[13Sep2025 22:30:12.401] [Netty Epoll Server IO #7/DEBUG] [net.minecraftforge.network.HandshakeHandler/FMLHANDSHAKE]: Received client indexed reply 6 of type net.minecraftforge.network.HandshakeMessages$C2SAcknowledge
[13Sep2025 22:30:12.401] [Netty Epoll Server IO #7/DEBUG] [net.minecraftforge.network.HandshakeHandler/FMLHANDSHAKE]: Received acknowledgement from client
[13Sep2025 22:30:12.424] [Server thread/DEBUG] [net.minecraftforge.network.HandshakeHandler/FMLHANDSHAKE]: Sending ticking packet info 'Registry minecraft:potion' to 'fml:handshake' sequence 8
[13Sep2025 22:30:12.474] [Server thread/DEBUG] [net.minecraftforge.network.HandshakeHandler/FMLHANDSHAKE]: Sending ticking packet info 'Registry minecraft:painting_variant' to 'fml:handshake' sequence 9
[13Sep2025 22:30:12.513] [Netty Epoll Server IO #7/DEBUG] [net.minecraftforge.network.LoginWrapper/FMLHANDSHAKE]: Recieved login wrapper packet event for channel fml:handshake with index 7
[13Sep2025 22:30:12.513] [Netty Epoll Server IO #7/DEBUG] [net.minecraftforge.network.HandshakeHandler/FMLHANDSHAKE]: Received client indexed reply 7 of type net.minecraftforge.network.HandshakeMessages$C2SAcknowledge
[13Sep2025 22:30:12.513] [Netty Epoll Server IO #7/DEBUG] [net.minecraftforge.network.HandshakeHandler/FMLHANDSHAKE]: Received acknowledgement from client
[13Sep2025 22:30:12.513] [Netty Epoll Server IO #7/DEBUG] [net.minecraftforge.network.LoginWrapper/FMLHANDSHAKE]: Recieved login wrapper packet event for channel fml:handshake with index 8
[13Sep2025 22:30:12.513] [Netty Epoll Server IO #7/DEBUG] [net.minecraftforge.network.HandshakeHandler/FMLHANDSHAKE]: Received client indexed reply 8 of type net.minecraftforge.network.HandshakeMessages$C2SAcknowledge
[13Sep2025 22:30:12.513] [Netty Epoll Server IO #7/DEBUG] [net.minecraftforge.network.HandshakeHandler/FMLHANDSHAKE]: Received acknowledgement from client
[13Sep2025 22:30:12.525] [Server thread/DEBUG] [net.minecraftforge.network.HandshakeHandler/FMLHANDSHAKE]: Sending ticking packet info 'Registry epicfight:skill_data_keys' to 'fml:handshake' sequence 10
[13Sep2025 22:30:12.533] [Netty Epoll Server IO #7/DEBUG] [net.minecraftforge.network.LoginWrapper/FMLHANDSHAKE]: Recieved login wrapper packet event for channel fml:handshake with index 9
[13Sep2025 22:30:12.533] [Netty Epoll Server IO #7/DEBUG] [net.minecraftforge.network.HandshakeHandler/FMLHANDSHAKE]: Received client indexed reply 9 of type net.minecraftforge.network.HandshakeMessages$C2SAcknowledge
[13Sep2025 22:30:12.533] [Netty Epoll Server IO #7/DEBUG] [net.minecraftforge.network.HandshakeHandler/FMLHANDSHAKE]: Received acknowledgement from client
[13Sep2025 22:30:12.574] [Server thread/DEBUG] [net.minecraftforge.network.HandshakeHandler/FMLHANDSHAKE]: Sending ticking packet info 'Registry forge:fluid_type' to 'fml:handshake' sequence 11
[13Sep2025 22:30:12.584] [Netty Epoll Server IO #7/DEBUG] [net.minecraftforge.network.LoginWrapper/FMLHANDSHAKE]: Recieved login wrapper packet event for channel fml:handshake with index 10
[13Sep2025 22:30:12.584] [Netty Epoll Server IO #7/DEBUG] [net.minecraftforge.network.HandshakeHandler/FMLHANDSHAKE]: Received client indexed reply 10 of type net.minecraftforge.network.HandshakeMessages$C2SAcknowledge
[13Sep2025 22:30:12.584] [Netty Epoll Server IO #7/DEBUG] [net.minecraftforge.network.HandshakeHandler/FMLHANDSHAKE]: Received acknowledgement from client
[13Sep2025 22:30:12.625] [Server thread/DEBUG] [net.minecraftforge.network.HandshakeHandler/FMLHANDSHAKE]: Sending ticking packet info 'Registry minecraft:block_entity_type' to 'fml:handshake' sequence 12
[13Sep2025 22:30:12.632] [Netty Epoll Server IO #7/DEBUG] [net.minecraftforge.network.LoginWrapper/FMLHANDSHAKE]: Recieved login wrapper packet event for channel fml:handshake with index 11
[13Sep2025 22:30:12.632] [Netty Epoll Server IO #7/DEBUG] [net.minecraftforge.network.HandshakeHandler/FMLHANDSHAKE]: Received client indexed reply 11 of type net.minecraftforge.network.HandshakeMessages$C2SAcknowledge
[13Sep2025 22:30:12.632] [Netty Epoll Server IO #7/DEBUG] [net.minecraftforge.network.HandshakeHandler/FMLHANDSHAKE]: Received acknowledgement from client
[13Sep2025 22:30:12.675] [Server thread/DEBUG] [net.minecraftforge.network.HandshakeHandler/FMLHANDSHAKE]: Sending ticking packet info 'Registry forge:display_contexts' to 'fml:handshake' sequence 13
[13Sep2025 22:30:12.681] [Netty Epoll Server IO #7/DEBUG] [net.minecraftforge.network.LoginWrapper/FMLHANDSHAKE]: Recieved login wrapper packet event for channel fml:handshake with index 12
[13Sep2025 22:30:12.681] [Netty Epoll Server IO #7/DEBUG] [net.minecraftforge.network.HandshakeHandler/FMLHANDSHAKE]: Received client indexed reply 12 of type net.minecraftforge.network.HandshakeMessages$C2SAcknowledge
[13Sep2025 22:30:12.681] [Netty Epoll Server IO #7/DEBUG] [net.minecraftforge.network.HandshakeHandler/FMLHANDSHAKE]: Received acknowledgement from client
[13Sep2025 22:30:12.726] [Server thread/DEBUG] [net.minecraftforge.network.HandshakeHandler/FMLHANDSHAKE]: Sending ticking packet info 'Registry minecraft:block' to 'fml:handshake' sequence 14
[13Sep2025 22:30:12.737] [Netty Epoll Server IO #7/DEBUG] [net.minecraftforge.network.LoginWrapper/FMLHANDSHAKE]: Recieved login wrapper packet event for channel fml:handshake with index 13
[13Sep2025 22:30:12.738] [Netty Epoll Server IO #7/DEBUG] [net.minecraftforge.network.HandshakeHandler/FMLHANDSHAKE]: Received client indexed reply 13 of type net.minecraftforge.network.HandshakeMessages$C2SAcknowledge
[13Sep2025 22:30:12.738] [Netty Epoll Server IO #7/DEBUG] [net.minecraftforge.network.HandshakeHandler/FMLHANDSHAKE]: Received acknowledgement from client
[13Sep2025 22:30:12.775] [Server thread/DEBUG] [net.minecraftforge.network.HandshakeHandler/FMLHANDSHAKE]: Sending ticking packet info 'Registry forge:entity_data_serializers' to 'fml:handshake' sequence 15
[13Sep2025 22:30:12.825] [Server thread/DEBUG] [net.minecraftforge.network.HandshakeHandler/FMLHANDSHAKE]: Sending ticking packet info 'Registry minecraft:mob_effect' to 'fml:handshake' sequence 16
[13Sep2025 22:30:12.842] [Netty Epoll Server IO #7/DEBUG] [net.minecraftforge.network.LoginWrapper/FMLHANDSHAKE]: Recieved login wrapper packet event for channel fml:handshake with index 14
[13Sep2025 22:30:12.842] [Netty Epoll Server IO #7/DEBUG] [net.minecraftforge.network.HandshakeHandler/FMLHANDSHAKE]: Received client indexed reply 14 of type net.minecraftforge.network.HandshakeMessages$C2SAcknowledge
[13Sep2025 22:30:12.842] [Netty Epoll Server IO #7/DEBUG] [net.minecraftforge.network.HandshakeHandler/FMLHANDSHAKE]: Received acknowledgement from client
[13Sep2025 22:30:12.842] [Netty Epoll Server IO #7/DEBUG] [net.minecraftforge.network.LoginWrapper/FMLHANDSHAKE]: Recieved login wrapper packet event for channel fml:handshake with index 15
[13Sep2025 22:30:12.842] [Netty Epoll Server IO #7/DEBUG] [net.minecraftforge.network.HandshakeHandler/FMLHANDSHAKE]: Received client indexed reply 15 of type net.minecraftforge.network.HandshakeMessages$C2SAcknowledge
[13Sep2025 22:30:12.842] [Netty Epoll Server IO #7/DEBUG] [net.minecraftforge.network.HandshakeHandler/FMLHANDSHAKE]: Received acknowledgement from client
[13Sep2025 22:30:12.875] [Server thread/DEBUG] [net.minecraftforge.network.HandshakeHandler/FMLHANDSHAKE]: Sending ticking packet info 'Registry minecraft:stat_type' to 'fml:handshake' sequence 17
[13Sep2025 22:30:12.882] [Netty Epoll Server IO #7/DEBUG] [net.minecraftforge.network.LoginWrapper/FMLHANDSHAKE]: Recieved login wrapper packet event for channel fml:handshake with index 16
[13Sep2025 22:30:12.882] [Netty Epoll Server IO #7/DEBUG] [net.minecraftforge.network.HandshakeHandler/FMLHANDSHAKE]: Received client indexed reply 16 of type net.minecraftforge.network.HandshakeMessages$C2SAcknowledge
[13Sep2025 22:30:12.882] [Netty Epoll Server IO #7/DEBUG] [net.minecraftforge.network.HandshakeHandler/FMLHANDSHAKE]: Received acknowledgement from client
[13Sep2025 22:30:12.925] [Server thread/DEBUG] [net.minecraftforge.network.HandshakeHandler/FMLHANDSHAKE]: Sending ticking packet info 'Registry epicfight:synched_animation_variable_keys' to 'fml:handshake' sequence 18
[13Sep2025 22:30:12.932] [Netty Epoll Server IO #7/DEBUG] [net.minecraftforge.network.LoginWrapper/FMLHANDSHAKE]: Recieved login wrapper packet event for channel fml:handshake with index 17
[13Sep2025 22:30:12.932] [Netty Epoll Server IO #7/DEBUG] [net.minecraftforge.network.HandshakeHandler/FMLHANDSHAKE]: Received client indexed reply 17 of type net.minecraftforge.network.HandshakeMessages$C2SAcknowledge
[13Sep2025 22:30:12.932] [Netty Epoll Server IO #7/DEBUG] [net.minecraftforge.network.HandshakeHandler/FMLHANDSHAKE]: Received acknowledgement from client
[13Sep2025 22:30:12.975] [Server thread/DEBUG] [net.minecraftforge.network.HandshakeHandler/FMLHANDSHAKE]: Sending ticking packet info 'Registry epicfight:conditions' to 'fml:handshake' sequence 19
[13Sep2025 22:30:12.982] [Netty Epoll Server IO #7/DEBUG] [net.minecraftforge.network.LoginWrapper/FMLHANDSHAKE]: Recieved login wrapper packet event for channel fml:handshake with index 18
[13Sep2025 22:30:12.982] [Netty Epoll Server IO #7/DEBUG] [net.minecraftforge.network.HandshakeHandler/FMLHANDSHAKE]: Received client indexed reply 18 of type net.minecraftforge.network.HandshakeMessages$C2SAcknowledge
[13Sep2025 22:30:12.982] [Netty Epoll Server IO #7/DEBUG] [net.minecraftforge.network.HandshakeHandler/FMLHANDSHAKE]: Received acknowledgement from client
[13Sep2025 22:30:13.025] [Server thread/DEBUG] [net.minecraftforge.network.HandshakeHandler/FMLHANDSHAKE]: Sending ticking packet info 'Registry minecraft:menu' to 'fml:handshake' sequence 20
[13Sep2025 22:30:13.032] [Netty Epoll Server IO #7/DEBUG] [net.minecraftforge.network.LoginWrapper/FMLHANDSHAKE]: Recieved login wrapper packet event for channel fml:handshake with index 19
[13Sep2025 22:30:13.032] [Netty Epoll Server IO #7/DEBUG] [net.minecraftforge.network.HandshakeHandler/FMLHANDSHAKE]: Received client indexed reply 19 of type net.minecraftforge.network.HandshakeMessages$C2SAcknowledge
[13Sep2025 22:30:13.032] [Netty Epoll Server IO #7/DEBUG] [net.minecraftforge.network.HandshakeHandler/FMLHANDSHAKE]: Received acknowledgement from client
[13Sep2025 22:30:13.075] [Server thread/DEBUG] [net.minecraftforge.network.HandshakeHandler/FMLHANDSHAKE]: Sending ticking packet info 'Registry minecraft:enchantment' to 'fml:handshake' sequence 21
[13Sep2025 22:30:13.082] [Netty Epoll Server IO #7/DEBUG] [net.minecraftforge.network.LoginWrapper/FMLHANDSHAKE]: Recieved login wrapper packet event for channel fml:handshake with index 20
[13Sep2025 22:30:13.082] [Netty Epoll Server IO #7/DEBUG] [net.minecraftforge.network.HandshakeHandler/FMLHANDSHAKE]: Received client indexed reply 20 of type net.minecraftforge.network.HandshakeMessages$C2SAcknowledge
[13Sep2025 22:30:13.082] [Netty Epoll Server IO #7/DEBUG] [net.minecraftforge.network.HandshakeHandler/FMLHANDSHAKE]: Received acknowledgement from client
[13Sep2025 22:30:13.125] [Server thread/DEBUG] [net.minecraftforge.network.HandshakeHandler/FMLHANDSHAKE]: Sending ticking packet info 'Registry minecraft:fluid' to 'fml:handshake' sequence 22
[13Sep2025 22:30:13.133] [Netty Epoll Server IO #7/DEBUG] [net.minecraftforge.network.LoginWrapper/FMLHANDSHAKE]: Recieved login wrapper packet event for channel fml:handshake with index 21
[13Sep2025 22:30:13.133] [Netty Epoll Server IO #7/DEBUG] [net.minecraftforge.network.HandshakeHandler/FMLHANDSHAKE]: Received client indexed reply 21 of type net.minecraftforge.network.HandshakeMessages$C2SAcknowledge
[13Sep2025 22:30:13.133] [Netty Epoll Server IO #7/DEBUG] [net.minecraftforge.network.HandshakeHandler/FMLHANDSHAKE]: Received acknowledgement from client
[13Sep2025 22:30:13.175] [Server thread/DEBUG] [net.minecraftforge.network.HandshakeHandler/FMLHANDSHAKE]: Sending ticking packet info 'Registry epicfight:skill' to 'fml:handshake' sequence 23
[13Sep2025 22:30:13.183] [Netty Epoll Server IO #7/DEBUG] [net.minecraftforge.network.LoginWrapper/FMLHANDSHAKE]: Recieved login wrapper packet event for channel fml:handshake with index 22
[13Sep2025 22:30:13.183] [Netty Epoll Server IO #7/DEBUG] [net.minecraftforge.network.HandshakeHandler/FMLHANDSHAKE]: Received client indexed reply 22 of type net.minecraftforge.network.HandshakeMessages$C2SAcknowledge
[13Sep2025 22:30:13.183] [Netty Epoll Server IO #7/DEBUG] [net.minecraftforge.network.HandshakeHandler/FMLHANDSHAKE]: Received acknowledgement from client
[13Sep2025 22:30:13.225] [Server thread/DEBUG] [net.minecraftforge.network.HandshakeHandler/FMLHANDSHAKE]: Sending ticking packet info 'Registry minecraft:entity_type' to 'fml:handshake' sequence 24
[13Sep2025 22:30:13.233] [Netty Epoll Server IO #7/DEBUG] [net.minecraftforge.network.LoginWrapper/FMLHANDSHAKE]: Recieved login wrapper packet event for channel fml:handshake with index 23
[13Sep2025 22:30:13.233] [Netty Epoll Server IO #7/DEBUG] [net.minecraftforge.network.HandshakeHandler/FMLHANDSHAKE]: Received client indexed reply 23 of type net.minecraftforge.network.HandshakeMessages$C2SAcknowledge
[13Sep2025 22:30:13.233] [Netty Epoll Server IO #7/DEBUG] [net.minecraftforge.network.HandshakeHandler/FMLHANDSHAKE]: Received acknowledgement from client
[13Sep2025 22:30:13.275] [Server thread/DEBUG] [net.minecraftforge.network.HandshakeHandler/FMLHANDSHAKE]: Sending ticking packet info 'Config epicfight-server.toml' to 'fml:handshake' sequence 25
[13Sep2025 22:30:13.325] [Server thread/DEBUG] [net.minecraftforge.network.HandshakeHandler/FMLHANDSHAKE]: Sending ticking packet info 'Config jei-server.toml' to 'fml:handshake' sequence 26
[13Sep2025 22:30:13.365] [Netty Epoll Server IO #7/DEBUG] [net.minecraftforge.network.LoginWrapper/FMLHANDSHAKE]: Recieved login wrapper packet event for channel fml:handshake with index 24
[13Sep2025 22:30:13.365] [Netty Epoll Server IO #7/DEBUG] [net.minecraftforge.network.HandshakeHandler/FMLHANDSHAKE]: Received client indexed reply 24 of type net.minecraftforge.network.HandshakeMessages$C2SAcknowledge
[13Sep2025 22:30:13.365] [Netty Epoll Server IO #7/DEBUG] [net.minecraftforge.network.HandshakeHandler/FMLHANDSHAKE]: Received acknowledgement from client
[13Sep2025 22:30:13.365] [Netty Epoll Server IO #7/DEBUG] [net.minecraftforge.network.LoginWrapper/FMLHANDSHAKE]: Recieved login wrapper packet event for channel fml:handshake with index 25
[13Sep2025 22:30:13.365] [Netty Epoll Server IO #7/DEBUG] [net.minecraftforge.network.HandshakeHandler/FMLHANDSHAKE]: Received client indexed reply 25 of type net.minecraftforge.network.HandshakeMessages$C2SAcknowledge
[13Sep2025 22:30:13.365] [Netty Epoll Server IO #7/DEBUG] [net.minecraftforge.network.HandshakeHandler/FMLHANDSHAKE]: Received acknowledgement from client
[13Sep2025 22:30:13.374] [Server thread/DEBUG] [net.minecraftforge.network.HandshakeHandler/FMLHANDSHAKE]: Sending ticking packet info 'Config forge-server.toml' to 'fml:handshake' sequence 27
[13Sep2025 22:30:13.381] [Netty Epoll Server IO #7/DEBUG] [net.minecraftforge.network.LoginWrapper/FMLHANDSHAKE]: Recieved login wrapper packet event for channel fml:handshake with index 26
[13Sep2025 22:30:13.381] [Netty Epoll Server IO #7/DEBUG] [net.minecraftforge.network.HandshakeHandler/FMLHANDSHAKE]: Received client indexed reply 26 of type net.minecraftforge.network.HandshakeMessages$C2SAcknowledge
[13Sep2025 22:30:13.381] [Netty Epoll Server IO #7/DEBUG] [net.minecraftforge.network.HandshakeHandler/FMLHANDSHAKE]: Received acknowledgement from client
[13Sep2025 22:30:13.430] [Netty Epoll Server IO #7/DEBUG] [net.minecraftforge.network.LoginWrapper/FMLHANDSHAKE]: Recieved login wrapper packet event for channel fml:handshake with index 27
[13Sep2025 22:30:13.431] [Netty Epoll Server IO #7/DEBUG] [net.minecraftforge.network.HandshakeHandler/FMLHANDSHAKE]: Received client indexed reply 27 of type net.minecraftforge.network.HandshakeMessages$C2SAcknowledge
[13Sep2025 22:30:13.431] [Netty Epoll Server IO #7/DEBUG] [net.minecraftforge.network.HandshakeHandler/FMLHANDSHAKE]: Received acknowledgement from client
[13Sep2025 22:30:13.475] [Server thread/DEBUG] [net.minecraftforge.network.HandshakeHandler/FMLHANDSHAKE]: Handshake complete!
[13Sep2025 22:30:13.536] [Server thread/INFO] [net.minecraft.server.players.PlayerList/]: Dwiss3[/127.150.44.39:60195] logged in with entity id 8175 at (-147.4140983584989, 89.0, -278.06285649951633)
[13Sep2025 22:30:13.537] [Server thread/DEBUG] [net.minecraftforge.network.filters.NetworkFilters/]: Injected net.minecraftforge.network.filters.ForgeConnectionNetworkFilter@e653829 into net.minecraft.network.Connection@511b5396
[13Sep2025 22:30:13.552] [Server thread/INFO] [net.minecraft.server.MinecraftServer/]: Dwiss3 joined the game
[13Sep2025 22:30:13.609] [Server thread/INFO] [antiqueatlas/]: Sent markers data #-1 to player Dwiss3
[13Sep2025 22:30:13.610] [Server thread/INFO] [antiqueatlas/]: Sent custom biome data to player Dwiss3
[13Sep2025 22:30:13.610] [Server thread/INFO] [antiqueatlas/]: Sent custom biome data to player Dwiss3
[13Sep2025 22:30:13.611] [Server thread/INFO] [antiqueatlas/]: Sent custom biome data to player Dwiss3
[13Sep2025 22:30:13.611] [Server thread/INFO] [antiqueatlas/]: Sent custom biome data to player Dwiss3
[13Sep2025 22:30:13.612] [Server thread/DEBUG] [voicechat/]: [voicechat] Setting default state of Dwiss3: {disabled=false, disconnected=true, uuid=c46fadd7-0f1b-301b-9ff2-ee2aa61b8bc7, name=Dwiss3, group=null}
[13Sep2025 22:30:14.204] [Server thread/INFO] [voicechat/]: [voicechat] Received secret request of Dwiss3 (20)
[13Sep2025 22:30:14.204] [Server thread/DEBUG] [voicechat/]: [voicechat] Sending initial states to Dwiss3
[13Sep2025 22:30:14.204] [Server thread/DEBUG] [voicechat/]: [voicechat] Synchronizing 0 groups with Dwiss3
[13Sep2025 22:30:14.204] [Server thread/DEBUG] [voicechat/]: [voicechat] Synchronizing 0 volume categories with Dwiss3
[13Sep2025 22:30:14.204] [Server thread/INFO] [voicechat/]: [voicechat] Sent secret to Dwiss3
[13Sep2025 22:30:15.980] [Server thread/INFO] [net.minecraft.server.MinecraftServer/]: Thank you so much for playing Dark Souls Expansion! If you'd like to create a server with your friends, you can do so at
[13Sep2025 22:34:54.029] [Server thread/INFO] [net.minecraft.server.network.ServerGamePacketListenerImpl/]: Dwiss3 lost connection: Disconnected
[13Sep2025 22:34:54.030] [Server thread/INFO] [net.minecraft.server.MinecraftServer/]: Dwiss3 left the game
[13Sep2025 22:34:54.030] [Server thread/DEBUG] [voicechat/]: [voicechat] Removing state of Dwiss3
[13Sep2025 22:34:54.030] [Server thread/INFO] [voicechat/]: [voicechat] Disconnecting client Dwiss3
[13Sep2025 22:34:58.231] [Server thread/DEBUG] [net.minecraftforge.common.ForgeHooks/WP]: Gathering id map for writing to world save world
[13Sep2025 22:34:58.239] [Server thread/DEBUG] [net.minecraftforge.common.ForgeHooks/WP]: ID Map collection complete world
[13Sep2025 22:36:27.738] [Netty Epoll Server IO #5/DEBUG] [net.minecraftforge.network.HandshakeHandler/FMLHANDSHAKE]: Starting new modded impl connection. Found 28 messages to dispatch.
[13Sep2025 22:36:27.774] [Server thread/DEBUG] [net.minecraftforge.network.HandshakeHandler/FMLHANDSHAKE]: Sending ticking packet info 'net.minecraftforge.network.HandshakeMessages$S2CModData' to 'fml:handshake' sequence 0
[13Sep2025 22:36:27.824] [Server thread/DEBUG] [net.minecraftforge.network.HandshakeHandler/FMLHANDSHAKE]: Sending ticking packet info 'net.minecraftforge.network.HandshakeMessages$S2CModList' to 'fml:handshake' sequence 1
[13Sep2025 22:36:27.874] [Server thread/DEBUG] [net.minecraftforge.network.HandshakeHandler/FMLHANDSHAKE]: Sending ticking packet info 'Registry minecraft:command_argument_type' to 'fml:handshake' sequence 2
[13Sep2025 22:36:27.886] [Netty Epoll Server IO #5/DEBUG] [net.minecraftforge.network.LoginWrapper/FMLHANDSHAKE]: Recieved login wrapper packet event for channel fml:handshake with index 1
[13Sep2025 22:36:27.887] [Netty Epoll Server IO #5/DEBUG] [net.minecraftforge.network.HandshakeHandler/FMLHANDSHAKE]: Received client indexed reply 1 of type net.minecraftforge.network.HandshakeMessages$C2SModListReply
[13Sep2025 22:36:27.887] [Netty Epoll Server IO #5/DEBUG] [net.minecraftforge.network.HandshakeHandler/FMLHANDSHAKE]: Received client connection with modlist [treechop, kuma_api, supermartijn642configlib, geckolib, playeranimator, customskinloader, jei, libraryferret, trender, dynamiclights, companions, immersive_weathering, waystones, fallingleaves, epicfight, yyzsbackpack, modernfix, yungsapi, mixinextras, knightlib, glitchcore, sereneseasons, midnightlib, takesapillage, balm, fusion, forge, embeddium, rubidium, friendsandfoes, antiqueatlas, unionlib, unionlib_potionfluid, minecraft, rustic_engineer, realmrpg_skeletons, dark_souls_expansion, unusual_furniture, realisticforgingores, farmersdelight, entity_model_features, entity_texture_features, voicechat, voicechat_api, sound_physics_remastered, moonlight, endrem, medievalembroidery, philipsruins, patchouli, oculus, entityculling, bettervillage, betterthirdperson, canary, dawnoftimebuilder, betterarcheology, farmers_structures, appleskin, ferritecore, yet_another_config_lib_v3, chimes, transition, oceanicrealms, presencefootsteps]
[13Sep2025 22:36:27.887] [Netty Epoll Server IO #5/DEBUG] [net.minecraftforge.network.NetworkRegistry/NETREGISTRY]: Channel 'voicechat:secret' : Version test of 'ALLOWVANILLA 💓💓💓' from client : ACCEPTED
[13Sep2025 22:36:27.887] [Netty Epoll Server IO #5/DEBUG] [net.minecraftforge.network.NetworkRegistry/NETREGISTRY]: Channel 'voicechat:leave_group' : Version test of 'ALLOWVANILLA 💓💓💓' from client : ACCEPTED
[13Sep2025 22:36:27.887] [Netty Epoll Server IO #5/DEBUG] [net.minecraftforge.network.NetworkRegistry/NETREGISTRY]: Channel 'unionlib:main_simple_channel' : Version test of '1' from client : ACCEPTED
[13Sep2025 22:36:27.887] [Netty Epoll Server IO #5/DEBUG] [net.minecraftforge.network.NetworkRegistry/NETREGISTRY]: Channel 'voicechat:create_group' : Version test of 'ALLOWVANILLA 💓💓💓' from client : ACCEPTED
[13Sep2025 22:36:27.887] [Netty Epoll Server IO #5/DEBUG] [net.minecraftforge.network.NetworkRegistry/NETREGISTRY]: Channel 'jei:channel' : Version test of '1.0.0' from client : ACCEPTED
[13Sep2025 22:36:27.887] [Netty Epoll Server IO #5/DEBUG] [net.minecraftforge.network.NetworkRegistry/NETREGISTRY]: Channel 'unusual_furniture:unusual_furniture' : Version test of '1' from client : ACCEPTED
[13Sep2025 22:36:27.887] [Netty Epoll Server IO #5/DEBUG] [net.minecraftforge.network.NetworkRegistry/NETREGISTRY]: Channel 'minecraft:unregister' : Version test of 'FML3' from client : ACCEPTED
[13Sep2025 22:36:27.887] [Netty Epoll Server IO #5/DEBUG] [net.minecraftforge.network.NetworkRegistry/NETREGISTRY]: Channel 'voicechat:states' : Version test of 'ALLOWVANILLA 💓💓💓' from client : ACCEPTED
[13Sep2025 22:36:27.887] [Netty Epoll Server IO #5/DEBUG] [net.minecraftforge.network.NetworkRegistry/NETREGISTRY]: Channel 'friendsandfoes:networking' : Version test of '3.0.9' from client : ACCEPTED
[13Sep2025 22:36:27.887] [Netty Epoll Server IO #5/DEBUG] [net.minecraftforge.network.NetworkRegistry/NETREGISTRY]: Channel 'dark_souls_expansion:dark_souls_expansion' : Version test of '1' from client : ACCEPTED
[13Sep2025 22:36:27.887] [Netty Epoll Server IO #5/DEBUG] [net.minecraftforge.network.NetworkRegistry/NETREGISTRY]: Channel 'oceanicrealms:oceanicrealms' : Version test of '1' from client : ACCEPTED
[13Sep2025 22:36:27.887] [Netty Epoll Server IO #5/DEBUG] [net.minecraftforge.network.NetworkRegistry/NETREGISTRY]: Channel 'voicechat:set_group' : Version test of 'ALLOWVANILLA 💓💓💓' from client : ACCEPTED
[13Sep2025 22:36:27.887] [Netty Epoll Server IO #5/DEBUG] [net.minecraftforge.network.NetworkRegistry/NETREGISTRY]: Channel 'voicechat:joined_group' : Version test of 'ALLOWVANILLA 💓💓💓' from client : ACCEPTED
[13Sep2025 22:36:27.887] [Netty Epoll Server IO #5/DEBUG] [net.minecraftforge.network.NetworkRegistry/NETREGISTRY]: Channel 'minecraft:treechop-channel' : Version test of '7' from client : ACCEPTED
[13Sep2025 22:36:27.887] [Netty Epoll Server IO #5/DEBUG] [net.minecraftforge.network.NetworkRegistry/NETREGISTRY]: Channel 'voicechat:update_state' : Version test of 'ALLOWVANILLA 💓💓💓' from client : ACCEPTED
[13Sep2025 22:36:27.887] [Netty Epoll Server IO #5/DEBUG] [net.minecraftforge.network.NetworkRegistry/NETREGISTRY]: Channel 'balm:network' : Version test of '1.0' from client : ACCEPTED
[13Sep2025 22:36:27.887] [Netty Epoll Server IO #5/DEBUG] [net.minecraftforge.network.NetworkRegistry/NETREGISTRY]: Channel 'farmers_structures:farmers_structures' : Version test of '1' from client : ACCEPTED
[13Sep2025 22:36:27.887] [Netty Epoll Server IO #5/DEBUG] [net.minecraftforge.network.NetworkRegistry/NETREGISTRY]: Channel 'realisticforgingores:realisticforgingores' : Version test of '1' from client : ACCEPTED
[13Sep2025 22:36:27.887] [Netty Epoll Server IO #5/DEBUG] [net.minecraftforge.network.NetworkRegistry/NETREGISTRY]: Channel 'appleskin:sync' : Version test of '1' from client : ACCEPTED
[13Sep2025 22:36:27.887] [Netty Epoll Server IO #5/DEBUG] [net.minecraftforge.network.NetworkRegistry/NETREGISTRY]: Channel 'medievalembroidery:me_network' : Version test of '1' from client : ACCEPTED
[13Sep2025 22:36:27.887] [Netty Epoll Server IO #5/DEBUG] [net.minecraftforge.network.NetworkRegistry/NETREGISTRY]: Channel 'voicechat:add_group' : Version test of 'ALLOWVANILLA 💓💓💓' from client : ACCEPTED
[13Sep2025 22:36:27.887] [Netty Epoll Server IO #5/DEBUG] [net.minecraftforge.network.NetworkRegistry/NETREGISTRY]: Channel 'fml:loginwrapper' : Version test of 'FML3' from client : ACCEPTED
[13Sep2025 22:36:27.887] [Netty Epoll Server IO #5/DEBUG] [net.minecraftforge.network.NetworkRegistry/NETREGISTRY]: Channel 'forge:tier_sorting' : Version test of '1.0' from client : ACCEPTED
[13Sep2025 22:36:27.888] [Netty Epoll Server IO #5/DEBUG] [net.minecraftforge.network.NetworkRegistry/NETREGISTRY]: Channel 'rustic_engineer:rustic_engineer' : Version test of '1' from client : ACCEPTED
[13Sep2025 22:36:27.888] [Netty Epoll Server IO #5/DEBUG] [net.minecraftforge.network.NetworkRegistry/NETREGISTRY]: Channel 'supermartijn642configlib:sync_configs' : Version test of '1.1.8' from client : ACCEPTED
[13Sep2025 22:36:27.888] [Netty Epoll Server IO #5/DEBUG] [net.minecraftforge.network.NetworkRegistry/NETREGISTRY]: Channel 'realmrpg_skeletons:realmrpg_skeletons' : Version test of '1' from client : ACCEPTED
[13Sep2025 22:36:27.888] [Netty Epoll Server IO #5/DEBUG] [net.minecraftforge.network.NetworkRegistry/NETREGISTRY]: Channel 'glitchcore:config_sync' : Version test of '1' from client : ACCEPTED
[13Sep2025 22:36:27.888] [Netty Epoll Server IO #5/DEBUG] [net.minecraftforge.network.NetworkRegistry/NETREGISTRY]: Channel 'fml:play' : Version test of 'FML3' from client : ACCEPTED
[13Sep2025 22:36:27.888] [Netty Epoll Server IO #5/DEBUG] [net.minecraftforge.network.NetworkRegistry/NETREGISTRY]: Channel 'voicechat:request_secret' : Version test of 'ALLOWVANILLA 💓💓💓' from client : ACCEPTED
[13Sep2025 22:36:27.888] [Netty Epoll Server IO #5/DEBUG] [net.minecraftforge.network.NetworkRegistry/NETREGISTRY]: Channel 'patchouli:main' : Version test of '1' from client : ACCEPTED
[13Sep2025 22:36:27.888] [Netty Epoll Server IO #5/DEBUG] [net.minecraftforge.network.NetworkRegistry/NETREGISTRY]: Channel 'epicfight:network_manager' : Version test of '1' from client : ACCEPTED
[13Sep2025 22:36:27.888] [Netty Epoll Server IO #5/DEBUG] [net.minecraftforge.network.NetworkRegistry/NETREGISTRY]: Channel 'sereneseasons:main' : Version test of '1' from client : ACCEPTED
[13Sep2025 22:36:27.888] [Netty Epoll Server IO #5/DEBUG] [net.minecraftforge.network.NetworkRegistry/NETREGISTRY]: Channel 'fml:handshake' : Version test of 'FML3' from client : ACCEPTED
[13Sep2025 22:36:27.888] [Netty Epoll Server IO #5/DEBUG] [net.minecraftforge.network.NetworkRegistry/NETREGISTRY]: Channel 'immersive_weathering:channel' : Version test of '0' from client : ACCEPTED
[13Sep2025 22:36:27.888] [Netty Epoll Server IO #5/DEBUG] [net.minecraftforge.network.NetworkRegistry/NETREGISTRY]: Channel 'betterarcheology:messages' : Version test of '1.0' from client : ACCEPTED
[13Sep2025 22:36:27.888] [Netty Epoll Server IO #5/DEBUG] [net.minecraftforge.network.NetworkRegistry/NETREGISTRY]: Channel 'voicechat:state' : Version test of 'ALLOWVANILLA 💓💓💓' from client : ACCEPTED
[13Sep2025 22:36:27.888] [Netty Epoll Server IO #5/DEBUG] [net.minecraftforge.network.NetworkRegistry/NETREGISTRY]: Channel 'voicechat:remove_category' : Version test of 'ALLOWVANILLA 💓💓💓' from client : ACCEPTED
[13Sep2025 22:36:27.888] [Netty Epoll Server IO #5/DEBUG] [net.minecraftforge.network.NetworkRegistry/NETREGISTRY]: Channel 'voicechat:remove_group' : Version test of 'ALLOWVANILLA 💓💓💓' from client : ACCEPTED
[13Sep2025 22:36:27.888] [Netty Epoll Server IO #5/DEBUG] [net.minecraftforge.network.NetworkRegistry/NETREGISTRY]: Channel 'voicechat:add_category' : Version test of 'ALLOWVANILLA 💓💓💓' from client : ACCEPTED
[13Sep2025 22:36:27.888] [Netty Epoll Server IO #5/DEBUG] [net.minecraftforge.network.NetworkRegistry/NETREGISTRY]: Channel 'antiqueatlas:main_simple_channel' : Version test of '1' from client : ACCEPTED
[13Sep2025 22:36:27.888] [Netty Epoll Server IO #5/DEBUG] [net.minecraftforge.network.NetworkRegistry/NETREGISTRY]: Channel 'voicechat:remove_state' : Version test of 'ALLOWVANILLA 💓💓💓' from client : ACCEPTED
[13Sep2025 22:36:27.888] [Netty Epoll Server IO #5/DEBUG] [net.minecraftforge.network.NetworkRegistry/NETREGISTRY]: Channel 'minecraft:register' : Version test of 'FML3' from client : ACCEPTED
[13Sep2025 22:36:27.888] [Netty Epoll Server IO #5/DEBUG] [net.minecraftforge.network.NetworkRegistry/NETREGISTRY]: Channel 'forge:split' : Version test of '1.1' from client : ACCEPTED
[13Sep2025 22:36:27.888] [Netty Epoll Server IO #5/DEBUG] [net.minecraftforge.network.NetworkRegistry/NETREGISTRY]: Channel 'geckolib:main' : Version test of '1' from client : ACCEPTED
[13Sep2025 22:36:27.888] [Netty Epoll Server IO #5/DEBUG] [net.minecraftforge.network.NetworkRegistry/NETREGISTRY]: Channel 'waystones:network' : Version test of '1.0' from client : ACCEPTED
[13Sep2025 22:36:27.888] [Netty Epoll Server IO #5/DEBUG] [net.minecraftforge.network.NetworkRegistry/NETREGISTRY]: Channel 'moonlight:channel' : Version test of '0' from client : ACCEPTED
[13Sep2025 22:36:27.888] [Netty Epoll Server IO #5/DEBUG] [net.minecraftforge.network.NetworkRegistry/NETREGISTRY]: Accepting channel list from client
[13Sep2025 22:36:27.888] [Netty Epoll Server IO #5/DEBUG] [net.minecraftforge.network.HandshakeHandler/FMLHANDSHAKE]: Accepted client connection mod list
[13Sep2025 22:36:27.924] [Server thread/DEBUG] [net.minecraftforge.network.HandshakeHandler/FMLHANDSHAKE]: Sending ticking packet info 'Registry minecraft:recipe_serializer' to 'fml:handshake' sequence 3
[13Sep2025 22:36:27.935] [Netty Epoll Server IO #5/DEBUG] [net.minecraftforge.network.LoginWrapper/FMLHANDSHAKE]: Recieved login wrapper packet event for channel fml:handshake with index 2
[13Sep2025 22:36:27.935] [Netty Epoll Server IO #5/DEBUG] [net.minecraftforge.network.HandshakeHandler/FMLHANDSHAKE]: Received client indexed reply 2 of type net.minecraftforge.network.HandshakeMessages$C2SAcknowledge
[13Sep2025 22:36:27.936] [Netty Epoll Server IO #5/DEBUG] [net.minecraftforge.network.HandshakeHandler/FMLHANDSHAKE]: Received acknowledgement from client
[13Sep2025 22:36:27.973] [Server thread/DEBUG] [net.minecraftforge.network.HandshakeHandler/FMLHANDSHAKE]: Sending ticking packet info 'Registry minecraft:sound_event' to 'fml:handshake' sequence 4
[13Sep2025 22:36:27.981] [Netty Epoll Server IO #5/DEBUG] [net.minecraftforge.network.LoginWrapper/FMLHANDSHAKE]: Recieved login wrapper packet event for channel fml:handshake with index 3
[13Sep2025 22:36:27.981] [Netty Epoll Server IO #5/DEBUG] [net.minecraftforge.network.HandshakeHandler/FMLHANDSHAKE]: Received client indexed reply 3 of type net.minecraftforge.network.HandshakeMessages$C2SAcknowledge
[13Sep2025 22:36:27.981] [Netty Epoll Server IO #5/DEBUG] [net.minecraftforge.network.HandshakeHandler/FMLHANDSHAKE]: Received acknowledgement from client
[13Sep2025 22:36:28.023] [Server thread/DEBUG] [net.minecraftforge.network.HandshakeHandler/FMLHANDSHAKE]: Sending ticking packet info 'Registry minecraft:particle_type' to 'fml:handshake' sequence 5
[13Sep2025 22:36:28.074] [Server thread/DEBUG] [net.minecraftforge.network.HandshakeHandler/FMLHANDSHAKE]: Sending ticking packet info 'Registry minecraft:villager_profession' to 'fml:handshake' sequence 6
[13Sep2025 22:36:28.123] [Server thread/DEBUG] [net.minecraftforge.network.HandshakeHandler/FMLHANDSHAKE]: Sending ticking packet info 'Registry minecraft:item' to 'fml:handshake' sequence 7
[13Sep2025 22:36:28.153] [Netty Epoll Server IO #5/DEBUG] [net.minecraftforge.network.LoginWrapper/FMLHANDSHAKE]: Recieved login wrapper packet event for channel fml:handshake with index 4
[13Sep2025 22:36:28.153] [Netty Epoll Server IO #5/DEBUG] [net.minecraftforge.network.HandshakeHandler/FMLHANDSHAKE]: Received client indexed reply 4 of type net.minecraftforge.network.HandshakeMessages$C2SAcknowledge
[13Sep2025 22:36:28.153] [Netty Epoll Server IO #5/DEBUG] [net.minecraftforge.network.HandshakeHandler/FMLHANDSHAKE]: Received acknowledgement from client
[13Sep2025 22:36:28.153] [Netty Epoll Server IO #5/DEBUG] [net.minecraftforge.network.LoginWrapper/FMLHANDSHAKE]: Recieved login wrapper packet event for channel fml:handshake with index 5
[13Sep2025 22:36:28.153] [Netty Epoll Server IO #5/DEBUG] [net.minecraftforge.network.HandshakeHandler/FMLHANDSHAKE]: Received client indexed reply 5 of type net.minecraftforge.network.HandshakeMessages$C2SAcknowledge
[13Sep2025 22:36:28.153] [Netty Epoll Server IO #5/DEBUG] [net.minecraftforge.network.HandshakeHandler/FMLHANDSHAKE]: Received acknowledgement from client
[13Sep2025 22:36:28.153] [Netty Epoll Server IO #5/DEBUG] [net.minecraftforge.network.LoginWrapper/FMLHANDSHAKE]: Recieved login wrapper packet event for channel fml:handshake with index 6
[13Sep2025 22:36:28.153] [Netty Epoll Server IO #5/DEBUG] [net.minecraftforge.network.HandshakeHandler/FMLHANDSHAKE]: Received client indexed reply 6 of type net.minecraftforge.network.HandshakeMessages$C2SAcknowledge
[13Sep2025 22:36:28.153] [Netty Epoll Server IO #5/DEBUG] [net.minecraftforge.network.HandshakeHandler/FMLHANDSHAKE]: Received acknowledgement from client
[13Sep2025 22:36:28.173] [Server thread/DEBUG] [net.minecraftforge.network.HandshakeHandler/FMLHANDSHAKE]: Sending ticking packet info 'Registry minecraft:potion' to 'fml:handshake' sequence 8
[13Sep2025 22:36:28.223] [Server thread/DEBUG] [net.minecraftforge.network.HandshakeHandler/FMLHANDSHAKE]: Sending ticking packet info 'Registry minecraft:painting_variant' to 'fml:handshake' sequence 9
[13Sep2025 22:36:28.273] [Server thread/DEBUG] [net.minecraftforge.network.HandshakeHandler/FMLHANDSHAKE]: Sending ticking packet info 'Registry epicfight:skill_data_keys' to 'fml:handshake' sequence 10
[13Sep2025 22:36:28.275] [Netty Epoll Server IO #5/DEBUG] [net.minecraftforge.network.LoginWrapper/FMLHANDSHAKE]: Recieved login wrapper packet event for channel fml:handshake with index 7
[13Sep2025 22:36:28.275] [Netty Epoll Server IO #5/DEBUG] [net.minecraftforge.network.HandshakeHandler/FMLHANDSHAKE]: Received client indexed reply 7 of type net.minecraftforge.network.HandshakeMessages$C2SAcknowledge
[13Sep2025 22:36:28.275] [Netty Epoll Server IO #5/DEBUG] [net.minecraftforge.network.HandshakeHandler/FMLHANDSHAKE]: Received acknowledgement from client
[13Sep2025 22:36:28.275] [Netty Epoll Server IO #5/DEBUG] [net.minecraftforge.network.LoginWrapper/FMLHANDSHAKE]: Recieved login wrapper packet event for channel fml:handshake with index 8
[13Sep2025 22:36:28.275] [Netty Epoll Server IO #5/DEBUG] [net.minecraftforge.network.HandshakeHandler/FMLHANDSHAKE]: Received client indexed reply 8 of type net.minecraftforge.network.HandshakeMessages$C2SAcknowledge
[13Sep2025 22:36:28.275] [Netty Epoll Server IO #5/DEBUG] [net.minecraftforge.network.HandshakeHandler/FMLHANDSHAKE]: Received acknowledgement from client
[13Sep2025 22:36:28.279] [Netty Epoll Server IO #5/DEBUG] [net.minecraftforge.network.LoginWrapper/FMLHANDSHAKE]: Recieved login wrapper packet event for channel fml:handshake with index 9
[13Sep2025 22:36:28.279] [Netty Epoll Server IO #5/DEBUG] [net.minecraftforge.network.HandshakeHandler/FMLHANDSHAKE]: Received client indexed reply 9 of type net.minecraftforge.network.HandshakeMessages$C2SAcknowledge
[13Sep2025 22:36:28.279] [Netty Epoll Server IO #5/DEBUG] [net.minecraftforge.network.HandshakeHandler/FMLHANDSHAKE]: Received acknowledgement from client
[13Sep2025 22:36:28.324] [Server thread/DEBUG] [net.minecraftforge.network.HandshakeHandler/FMLHANDSHAKE]: Sending ticking packet info 'Registry forge:fluid_type' to 'fml:handshake' sequence 11
[13Sep2025 22:36:28.329] [Netty Epoll Server IO #5/DEBUG] [net.minecraftforge.network.LoginWrapper/FMLHANDSHAKE]: Recieved login wrapper packet event for channel fml:handshake with index 10
[13Sep2025 22:36:28.329] [Netty Epoll Server IO #5/DEBUG] [net.minecraftforge.network.HandshakeHandler/FMLHANDSHAKE]: Received client indexed reply 10 of type net.minecraftforge.network.HandshakeMessages$C2SAcknowledge
[13Sep2025 22:36:28.329] [Netty Epoll Server IO #5/DEBUG] [net.minecraftforge.network.HandshakeHandler/FMLHANDSHAKE]: Received acknowledgement from client
[13Sep2025 22:36:28.374] [Server thread/DEBUG] [net.minecraftforge.network.HandshakeHandler/FMLHANDSHAKE]: Sending ticking packet info 'Registry minecraft:block_entity_type' to 'fml:handshake' sequence 12
[13Sep2025 22:36:28.379] [Netty Epoll Server IO #5/DEBUG] [net.minecraftforge.network.LoginWrapper/FMLHANDSHAKE]: Recieved login wrapper packet event for channel fml:handshake with index 11
[13Sep2025 22:36:28.379] [Netty Epoll Server IO #5/DEBUG] [net.minecraftforge.network.HandshakeHandler/FMLHANDSHAKE]: Received client indexed reply 11 of type net.minecraftforge.network.HandshakeMessages$C2SAcknowledge
[13Sep2025 22:36:28.379] [Netty Epoll Server IO #5/DEBUG] [net.minecraftforge.network.HandshakeHandler/FMLHANDSHAKE]: Received acknowledgement from client
[13Sep2025 22:36:28.424] [Server thread/DEBUG] [net.minecraftforge.network.HandshakeHandler/FMLHANDSHAKE]: Sending ticking packet info 'Registry forge:display_contexts' to 'fml:handshake' sequence 13
[13Sep2025 22:36:28.431] [Netty Epoll Server IO #5/DEBUG] [net.minecraftforge.network.LoginWrapper/FMLHANDSHAKE]: Recieved login wrapper packet event for channel fml:handshake with index 12
[13Sep2025 22:36:28.431] [Netty Epoll Server IO #5/DEBUG] [net.minecraftforge.network.HandshakeHandler/FMLHANDSHAKE]: Received client indexed reply 12 of type net.minecraftforge.network.HandshakeMessages$C2SAcknowledge
[13Sep2025 22:36:28.431] [Netty Epoll Server IO #5/DEBUG] [net.minecraftforge.network.HandshakeHandler/FMLHANDSHAKE]: Received acknowledgement from client
[13Sep2025 22:36:28.474] [Server thread/DEBUG] [net.minecraftforge.network.HandshakeHandler/FMLHANDSHAKE]: Sending ticking packet info 'Registry minecraft:block' to 'fml:handshake' sequence 14
[13Sep2025 22:36:28.479] [Netty Epoll Server IO #5/DEBUG] [net.minecraftforge.network.LoginWrapper/FMLHANDSHAKE]: Recieved login wrapper packet event for channel fml:handshake with index 13
[13Sep2025 22:36:28.479] [Netty Epoll Server IO #5/DEBUG] [net.minecraftforge.network.HandshakeHandler/FMLHANDSHAKE]: Received client indexed reply 13 of type net.minecraftforge.network.HandshakeMessages$C2SAcknowledge
[13Sep2025 22:36:28.479] [Netty Epoll Server IO #5/DEBUG] [net.minecraftforge.network.HandshakeHandler/FMLHANDSHAKE]: Received acknowledgement from client
[13Sep2025 22:36:28.523] [Server thread/DEBUG] [net.minecraftforge.network.HandshakeHandler/FMLHANDSHAKE]: Sending ticking packet info 'Registry forge:entity_data_serializers' to 'fml:handshake' sequence 15
[13Sep2025 22:36:28.537] [Netty Epoll Server IO #5/DEBUG] [net.minecraftforge.network.LoginWrapper/FMLHANDSHAKE]: Recieved login wrapper packet event for channel fml:handshake with index 14
[13Sep2025 22:36:28.537] [Netty Epoll Server IO #5/DEBUG] [net.minecraftforge.network.HandshakeHandler/FMLHANDSHAKE]: Received client indexed reply 14 of type net.minecraftforge.network.HandshakeMessages$C2SAcknowledge
[13Sep2025 22:36:28.537] [Netty Epoll Server IO #5/DEBUG] [net.minecraftforge.network.HandshakeHandler/FMLHANDSHAKE]: Received acknowledgement from client
[13Sep2025 22:36:28.574] [Server thread/DEBUG] [net.minecraftforge.network.HandshakeHandler/FMLHANDSHAKE]: Sending ticking packet info 'Registry minecraft:mob_effect' to 'fml:handshake' sequence 16
[13Sep2025 22:36:28.581] [Netty Epoll Server IO #5/DEBUG] [net.minecraftforge.network.LoginWrapper/FMLHANDSHAKE]: Recieved login wrapper packet event for channel fml:handshake with index 15
[13Sep2025 22:36:28.581] [Netty Epoll Server IO #5/DEBUG] [net.minecraftforge.network.HandshakeHandler/FMLHANDSHAKE]: Received client indexed reply 15 of type net.minecraftforge.network.HandshakeMessages$C2SAcknowledge
[13Sep2025 22:36:28.581] [Netty Epoll Server IO #5/DEBUG] [net.minecraftforge.network.HandshakeHandler/FMLHANDSHAKE]: Received acknowledgement from client
[13Sep2025 22:36:28.623] [Server thread/DEBUG] [net.minecraftforge.network.HandshakeHandler/FMLHANDSHAKE]: Sending ticking packet info 'Registry minecraft:stat_type' to 'fml:handshake' sequence 17
[13Sep2025 22:36:28.630] [Netty Epoll Server IO #5/DEBUG] [net.minecraftforge.network.LoginWrapper/FMLHANDSHAKE]: Recieved login wrapper packet event for channel fml:handshake with index 16
[13Sep2025 22:36:28.631] [Netty Epoll Server IO #5/DEBUG] [net.minecraftforge.network.HandshakeHandler/FMLHANDSHAKE]: Received client indexed reply 16 of type net.minecraftforge.network.HandshakeMessages$C2SAcknowledge
[13Sep2025 22:36:28.631] [Netty Epoll Server IO #5/DEBUG] [net.minecraftforge.network.HandshakeHandler/FMLHANDSHAKE]: Received acknowledgement from client
[13Sep2025 22:36:28.673] [Server thread/DEBUG] [net.minecraftforge.network.HandshakeHandler/FMLHANDSHAKE]: Sending ticking packet info 'Registry epicfight:synched_animation_variable_keys' to 'fml:handshake' sequence 18
[13Sep2025 22:36:28.679] [Netty Epoll Server IO #5/DEBUG] [net.minecraftforge.network.LoginWrapper/FMLHANDSHAKE]: Recieved login wrapper packet event for channel fml:handshake with index 17
[13Sep2025 22:36:28.679] [Netty Epoll Server IO #5/DEBUG] [net.minecraftforge.network.HandshakeHandler/FMLHANDSHAKE]: Received client indexed reply 17 of type net.minecraftforge.network.HandshakeMessages$C2SAcknowledge
[13Sep2025 22:36:28.679] [Netty Epoll Server IO #5/DEBUG] [net.minecraftforge.network.HandshakeHandler/FMLHANDSHAKE]: Received acknowledgement from client
[13Sep2025 22:36:28.724] [Server thread/DEBUG] [net.minecraftforge.network.HandshakeHandler/FMLHANDSHAKE]: Sending ticking packet info 'Registry epicfight:conditions' to 'fml:handshake' sequence 19
[13Sep2025 22:36:28.730] [Netty Epoll Server IO #5/DEBUG] [net.minecraftforge.network.LoginWrapper/FMLHANDSHAKE]: Recieved login wrapper packet event for channel fml:handshake with index 18
[13Sep2025 22:36:28.731] [Netty Epoll Server IO #5/DEBUG] [net.minecraftforge.network.HandshakeHandler/FMLHANDSHAKE]: Received client indexed reply 18 of type net.minecraftforge.network.HandshakeMessages$C2SAcknowledge
[13Sep2025 22:36:28.731] [Netty Epoll Server IO #5/DEBUG] [net.minecraftforge.network.HandshakeHandler/FMLHANDSHAKE]: Received acknowledgement from client
[13Sep2025 22:36:28.774] [Server thread/DEBUG] [net.minecraftforge.network.HandshakeHandler/FMLHANDSHAKE]: Sending ticking packet info 'Registry minecraft:menu' to 'fml:handshake' sequence 20
[13Sep2025 22:36:28.780] [Netty Epoll Server IO #5/DEBUG] [net.minecraftforge.network.LoginWrapper/FMLHANDSHAKE]: Recieved login wrapper packet event for channel fml:handshake with index 19
[13Sep2025 22:36:28.780] [Netty Epoll Server IO #5/DEBUG] [net.minecraftforge.network.HandshakeHandler/FMLHANDSHAKE]: Received client indexed reply 19 of type net.minecraftforge.network.HandshakeMessages$C2SAcknowledge
[13Sep2025 22:36:28.780] [Netty Epoll Server IO #5/DEBUG] [net.minecraftforge.network.HandshakeHandler/FMLHANDSHAKE]: Received acknowledgement from client
[13Sep2025 22:36:28.824] [Server thread/DEBUG] [net.minecraftforge.network.HandshakeHandler/FMLHANDSHAKE]: Sending ticking packet info 'Registry minecraft:enchantment' to 'fml:handshake' sequence 21
[13Sep2025 22:36:28.832] [Netty Epoll Server IO #5/DEBUG] [net.minecraftforge.network.LoginWrapper/FMLHANDSHAKE]: Recieved login wrapper packet event for channel fml:handshake with index 20
[13Sep2025 22:36:28.832] [Netty Epoll Server IO #5/DEBUG] [net.minecraftforge.network.HandshakeHandler/FMLHANDSHAKE]: Received client indexed reply 20 of type net.minecraftforge.network.HandshakeMessages$C2SAcknowledge
[13Sep2025 22:36:28.832] [Netty Epoll Server IO #5/DEBUG] [net.minecraftforge.network.HandshakeHandler/FMLHANDSHAKE]: Received acknowledgement from client
[13Sep2025 22:36:28.874] [Server thread/DEBUG] [net.minecraftforge.network.HandshakeHandler/FMLHANDSHAKE]: Sending ticking packet info 'Registry minecraft:fluid' to 'fml:handshake' sequence 22
[13Sep2025 22:36:28.882] [Netty Epoll Server IO #5/DEBUG] [net.minecraftforge.network.LoginWrapper/FMLHANDSHAKE]: Recieved login wrapper packet event for channel fml:handshake with index 21
[13Sep2025 22:36:28.882] [Netty Epoll Server IO #5/DEBUG] [net.minecraftforge.network.HandshakeHandler/FMLHANDSHAKE]: Received client indexed reply 21 of type net.minecraftforge.network.HandshakeMessages$C2SAcknowledge
[13Sep2025 22:36:28.882] [Netty Epoll Server IO #5/DEBUG] [net.minecraftforge.network.HandshakeHandler/FMLHANDSHAKE]: Received acknowledgement from client
[13Sep2025 22:36:28.924] [Server thread/DEBUG] [net.minecraftforge.network.HandshakeHandler/FMLHANDSHAKE]: Sending ticking packet info 'Registry epicfight:skill' to 'fml:handshake' sequence 23
[13Sep2025 22:36:28.932] [Netty Epoll Server IO #5/DEBUG] [net.minecraftforge.network.LoginWrapper/FMLHANDSHAKE]: Recieved login wrapper packet event for channel fml:handshake with index 22
[13Sep2025 22:36:28.932] [Netty Epoll Server IO #5/DEBUG] [net.minecraftforge.network.HandshakeHandler/FMLHANDSHAKE]: Received client indexed reply 22 of type net.minecraftforge.network.HandshakeMessages$C2SAcknowledge
[13Sep2025 22:36:28.932] [Netty Epoll Server IO #5/DEBUG] [net.minecraftforge.network.HandshakeHandler/FMLHANDSHAKE]: Received acknowledgement from client
[13Sep2025 22:36:28.974] [Server thread/DEBUG] [net.minecraftforge.network.HandshakeHandler/FMLHANDSHAKE]: Sending ticking packet info 'Registry minecraft:entity_type' to 'fml:handshake' sequence 24
[13Sep2025 22:36:28.982] [Netty Epoll Server IO #5/DEBUG] [net.minecraftforge.network.LoginWrapper/FMLHANDSHAKE]: Recieved login wrapper packet event for channel fml:handshake with index 23
[13Sep2025 22:36:28.982] [Netty Epoll Server IO #5/DEBUG] [net.minecraftforge.network.HandshakeHandler/FMLHANDSHAKE]: Received client indexed reply 23 of type net.minecraftforge.network.HandshakeMessages$C2SAcknowledge
[13Sep2025 22:36:28.982] [Netty Epoll Server IO #5/DEBUG] [net.minecraftforge.network.HandshakeHandler/FMLHANDSHAKE]: Received acknowledgement from client
[13Sep2025 22:36:29.024] [Server thread/DEBUG] [net.minecraftforge.network.HandshakeHandler/FMLHANDSHAKE]: Sending ticking packet info 'Config epicfight-server.toml' to 'fml:handshake' sequence 25
[13Sep2025 22:36:29.074] [Server thread/DEBUG] [net.minecraftforge.network.HandshakeHandler/FMLHANDSHAKE]: Sending ticking packet info 'Config jei-server.toml' to 'fml:handshake' sequence 26
[13Sep2025 22:36:29.123] [Server thread/DEBUG] [net.minecraftforge.network.HandshakeHandler/FMLHANDSHAKE]: Sending ticking packet info 'Config forge-server.toml' to 'fml:handshake' sequence 27
[13Sep2025 22:36:29.161] [Netty Epoll Server IO #5/DEBUG] [net.minecraftforge.network.LoginWrapper/FMLHANDSHAKE]: Recieved login wrapper packet event for channel fml:handshake with index 24
[13Sep2025 22:36:29.162] [Netty Epoll Server IO #5/DEBUG] [net.minecraftforge.network.HandshakeHandler/FMLHANDSHAKE]: Received client indexed reply 24 of type net.minecraftforge.network.HandshakeMessages$C2SAcknowledge
[13Sep2025 22:36:29.162] [Netty Epoll Server IO #5/DEBUG] [net.minecraftforge.network.HandshakeHandler/FMLHANDSHAKE]: Received acknowledgement from client
[13Sep2025 22:36:29.165] [Netty Epoll Server IO #5/DEBUG] [net.minecraftforge.network.LoginWrapper/FMLHANDSHAKE]: Recieved login wrapper packet event for channel fml:handshake with index 25
[13Sep2025 22:36:29.165] [Netty Epoll Server IO #5/DEBUG] [net.minecraftforge.network.HandshakeHandler/FMLHANDSHAKE]: Received client indexed reply 25 of type net.minecraftforge.network.HandshakeMessages$C2SAcknowledge
[13Sep2025 22:36:29.165] [Netty Epoll Server IO #5/DEBUG] [net.minecraftforge.network.HandshakeHandler/FMLHANDSHAKE]: Received acknowledgement from client
[13Sep2025 22:36:29.165] [Netty Epoll Server IO #5/DEBUG] [net.minecraftforge.network.LoginWrapper/FMLHANDSHAKE]: Recieved login wrapper packet event for channel fml:handshake with index 26
[13Sep2025 22:36:29.165] [Netty Epoll Server IO #5/DEBUG] [net.minecraftforge.network.HandshakeHandler/FMLHANDSHAKE]: Received client indexed reply 26 of type net.minecraftforge.network.HandshakeMessages$C2SAcknowledge
[13Sep2025 22:36:29.165] [Netty Epoll Server IO #5/DEBUG] [net.minecraftforge.network.HandshakeHandler/FMLHANDSHAKE]: Received acknowledgement from client
[13Sep2025 22:36:29.185] [Netty Epoll Server IO #5/DEBUG] [net.minecraftforge.network.LoginWrapper/FMLHANDSHAKE]: Recieved login wrapper packet event for channel fml:handshake with index 27
[13Sep2025 22:36:29.185] [Netty Epoll Server IO #5/DEBUG] [net.minecraftforge.network.HandshakeHandler/FMLHANDSHAKE]: Received client indexed reply 27 of type net.minecraftforge.network.HandshakeMessages$C2SAcknowledge
[13Sep2025 22:36:29.185] [Netty Epoll Server IO #5/DEBUG] [net.minecraftforge.network.HandshakeHandler/FMLHANDSHAKE]: Received acknowledgement from client
[13Sep2025 22:36:29.224] [Server thread/DEBUG] [net.minecraftforge.network.HandshakeHandler/FMLHANDSHAKE]: Handshake complete!
[13Sep2025 22:36:29.285] [Server thread/INFO] [net.minecraft.server.players.PlayerList/]: Dwiss3[/127.150.44.39:42733] logged in with entity id 8819 at (-146.81079229053773, 89.0, -277.1639657640829)
[13Sep2025 22:36:29.286] [Server thread/DEBUG] [net.minecraftforge.network.filters.NetworkFilters/]: Injected net.minecraftforge.network.filters.ForgeConnectionNetworkFilter@6284172c into net.minecraft.network.Connection@5ac00de5
[13Sep2025 22:36:29.307] [Server thread/INFO] [net.minecraft.server.MinecraftServer/]: Dwiss3 joined the game
[13Sep2025 22:36:29.349] [Server thread/INFO] [antiqueatlas/]: Sent markers data #-1 to player Dwiss3
[13Sep2025 22:36:29.349] [Server thread/INFO] [antiqueatlas/]: Sent custom biome data to player Dwiss3
[13Sep2025 22:36:29.349] [Server thread/INFO] [antiqueatlas/]: Sent custom biome data to player Dwiss3
[13Sep2025 22:36:29.350] [Server thread/INFO] [antiqueatlas/]: Sent custom biome data to player Dwiss3
[13Sep2025 22:36:29.350] [Server thread/INFO] [antiqueatlas/]: Sent custom biome data to player Dwiss3
[13Sep2025 22:36:29.350] [Server thread/DEBUG] [voicechat/]: [voicechat] Setting default state of Dwiss3: {disabled=false, disconnected=true, uuid=c46fadd7-0f1b-301b-9ff2-ee2aa61b8bc7, name=Dwiss3, group=null}
[13Sep2025 22:36:30.315] [Server thread/INFO] [voicechat/]: [voicechat] Received secret request of Dwiss3 (20)
[13Sep2025 22:36:30.315] [Server thread/DEBUG] [voicechat/]: [voicechat] Sending initial states to Dwiss3
[13Sep2025 22:36:30.315] [Server thread/DEBUG] [voicechat/]: [voicechat] Synchronizing 0 groups with Dwiss3
[13Sep2025 22:36:30.315] [Server thread/DEBUG] [voicechat/]: [voicechat] Synchronizing 0 volume categories with Dwiss3
[13Sep2025 22:36:30.315] [Server thread/INFO] [voicechat/]: [voicechat] Sent secret to Dwiss3
[13Sep2025 22:36:31.730] [Server thread/INFO] [net.minecraft.server.MinecraftServer/]: Thank you so much for playing Dark Souls Expansion! If you'd like to create a server with your friends, you can do so at
[13Sep2025 22:39:58.240] [Server thread/DEBUG] [net.minecraftforge.common.ForgeHooks/WP]: Gathering id map for writing to world save world
[13Sep2025 22:39:58.247] [Server thread/DEBUG] [net.minecraftforge.common.ForgeHooks/WP]: ID Map collection complete world
[13Sep2025 22:44:58.243] [Server thread/DEBUG] [net.minecraftforge.common.ForgeHooks/WP]: Gathering id map for writing to world save world
[13Sep2025 22:44:58.251] [Server thread/DEBUG] [net.minecraftforge.common.ForgeHooks/WP]: ID Map collection complete world
[13Sep2025 22:49:08.328] [Server thread/INFO] [net.minecraft.server.network.ServerGamePacketListenerImpl/]: Dwiss3 lost connection: Disconnected
[13Sep2025 22:49:08.328] [Server thread/INFO] [net.minecraft.server.MinecraftServer/]: Dwiss3 left the game
[13Sep2025 22:49:08.328] [Server thread/DEBUG] [voicechat/]: [voicechat] Removing state of Dwiss3
[13Sep2025 22:49:08.328] [Server thread/INFO] [voicechat/]: [voicechat] Disconnecting client Dwiss3
[13Sep2025 22:49:58.230] [Server thread/DEBUG] [net.minecraftforge.common.ForgeHooks/WP]: Gathering id map for writing to world save world
[13Sep2025 22:49:58.238] [Server thread/DEBUG] [net.minecraftforge.common.ForgeHooks/WP]: ID Map collection complete world
[13Sep2025 22:53:06.640] [Netty Epoll Server IO #3/DEBUG] [net.minecraftforge.network.HandshakeHandler/FMLHANDSHAKE]: Starting new modded impl connection. Found 28 messages to dispatch.
[13Sep2025 22:53:06.674] [Server thread/DEBUG] [net.minecraftforge.network.HandshakeHandler/FMLHANDSHAKE]: Sending ticking packet info 'net.minecraftforge.network.HandshakeMessages$S2CModData' to 'fml:handshake' sequence 0
[13Sep2025 22:53:06.724] [Server thread/DEBUG] [net.minecraftforge.network.HandshakeHandler/FMLHANDSHAKE]: Sending ticking packet info 'net.minecraftforge.network.HandshakeMessages$S2CModList' to 'fml:handshake' sequence 1
[13Sep2025 22:53:06.774] [Server thread/DEBUG] [net.minecraftforge.network.HandshakeHandler/FMLHANDSHAKE]: Sending ticking packet info 'Registry minecraft:command_argument_type' to 'fml:handshake' sequence 2
[13Sep2025 22:53:06.788] [Netty Epoll Server IO #3/DEBUG] [net.minecraftforge.network.LoginWrapper/FMLHANDSHAKE]: Recieved login wrapper packet event for channel fml:handshake with index 1
[13Sep2025 22:53:06.788] [Netty Epoll Server IO #3/DEBUG] [net.minecraftforge.network.HandshakeHandler/FMLHANDSHAKE]: Received client indexed reply 1 of type net.minecraftforge.network.HandshakeMessages$C2SModListReply
[13Sep2025 22:53:06.788] [Netty Epoll Server IO #3/DEBUG] [net.minecraftforge.network.HandshakeHandler/FMLHANDSHAKE]: Received client connection with modlist [treechop, kuma_api, fabric_renderer_api_v1, supermartijn642configlib, geckolib, playeranimator, fabric_item_api_v1, fabric_rendering_fluids_v1, fabric_models_v0, dynamiclights, fabric_convention_tags_v1, modernfix, fabric_command_api_v1, fabric_block_view_api_v2, fabric_command_api_v2, yungsapi, fabric_data_attachment_api_v1, mixinextras, takesapillage, balm, fabric_screen_api_v1, fabric_api, fabric_content_registries_v0, embeddium, rubidium, farmersdelight, entity_model_features, entity_texture_features, fabric_game_rule_api_v1, fabric_api_lookup_api_v1, endrem, medievalembroidery, philipsruins, patchouli, oculus, bettervillage, betterthirdperson, dawnoftimebuilder, fabric_entity_events_v1, fabric_loot_api_v2, chimes, transition, fabric_rendering_data_attachment_v1, fabric_networking_api_v1, fabric_lifecycle_events_v1, fabric_key_binding_api_v1, fabric_client_tags_api_v1, fabric_dimensions_v1, fabric_transfer_api_v1, customskinloader, fabric_model_loading_api_v1, jei, fabric_screen_handler_api_v1, fabric_resource_loader_v0, libraryferret, trender, companions, immersive_weathering, fabric_rendering_v1, waystones, fabric_renderer_indigo, fallingleaves, epicfight, yyzsbackpack, fabric_mining_level_api_v1, knightlib, glitchcore, sereneseasons, midnightlib, fusion, fabric_particles_v1, forge, fabric_transitive_access_wideners_v1, friendsandfoes, antiqueatlas, unionlib, unionlib_potionfluid, minecraft, rustic_engineer, dark_souls_expansion, realmrpg_skeletons, unusual_furniture, realisticforgingores, voicechat, voicechat_api, sound_physics_remastered, moonlight, fabric_api_base, fabric_blockrenderlayer_v1, fabric_block_api_v1, fabric_resource_conditions_api_v1, fabric_item_group_api_v1, entityculling, canary, betterarcheology, fabric_biome_api_v1, farmers_structures, fabric_registry_sync_v0, appleskin, fabric_recipe_api_v1, ferritecore, fabric_object_builder_api_v1, yet_another_config_lib_v3, fabric_sound_api_v1, fabric_message_api_v1, fabric_data_generation_api_v1, fabric_events_interaction_v0, oceanicrealms, presencefootsteps]
[13Sep2025 22:53:06.789] [Netty Epoll Server IO #3/DEBUG] [net.minecraftforge.network.NetworkRegistry/NETREGISTRY]: Channel 'voicechat:secret' : Version test of 'ALLOWVANILLA 💓💓💓' from client : ACCEPTED
[13Sep2025 22:53:06.789] [Netty Epoll Server IO #3/DEBUG] [net.minecraftforge.network.NetworkRegistry/NETREGISTRY]: Channel 'voicechat:leave_group' : Version test of 'ALLOWVANILLA 💓💓💓' from client : ACCEPTED
[13Sep2025 22:53:06.789] [Netty Epoll Server IO #3/DEBUG] [net.minecraftforge.network.NetworkRegistry/NETREGISTRY]: Channel 'unionlib:main_simple_channel' : Version test of '1' from client : ACCEPTED
[13Sep2025 22:53:06.789] [Netty Epoll Server IO #3/DEBUG] [net.minecraftforge.network.NetworkRegistry/NETREGISTRY]: Channel 'voicechat:create_group' : Version test of 'ALLOWVANILLA 💓💓💓' from client : ACCEPTED
[13Sep2025 22:53:06.789] [Netty Epoll Server IO #3/DEBUG] [net.minecraftforge.network.NetworkRegistry/NETREGISTRY]: Channel 'jei:channel' : Version test of '1.0.0' from client : ACCEPTED
[13Sep2025 22:53:06.789] [Netty Epoll Server IO #3/DEBUG] [net.minecraftforge.network.NetworkRegistry/NETREGISTRY]: Channel 'unusual_furniture:unusual_furniture' : Version test of '1' from client : ACCEPTED
[13Sep2025 22:53:06.789] [Netty Epoll Server IO #3/DEBUG] [net.minecraftforge.network.NetworkRegistry/NETREGISTRY]: Channel 'minecraft:unregister' : Version test of 'FML3' from client : ACCEPTED
[13Sep2025 22:53:06.789] [Netty Epoll Server IO #3/DEBUG] [net.minecraftforge.network.NetworkRegistry/NETREGISTRY]: Channel 'voicechat:states' : Version test of 'ALLOWVANILLA 💓💓💓' from client : ACCEPTED
[13Sep2025 22:53:06.789] [Netty Epoll Server IO #3/DEBUG] [net.minecraftforge.network.NetworkRegistry/NETREGISTRY]: Channel 'friendsandfoes:networking' : Version test of '3.0.9' from client : ACCEPTED
[13Sep2025 22:53:06.789] [Netty Epoll Server IO #3/DEBUG] [net.minecraftforge.network.NetworkRegistry/NETREGISTRY]: Channel 'dark_souls_expansion:dark_souls_expansion' : Version test of '1' from client : ACCEPTED
[13Sep2025 22:53:06.789] [Netty Epoll Server IO #3/DEBUG] [net.minecraftforge.network.NetworkRegistry/NETREGISTRY]: Channel 'oceanicrealms:oceanicrealms' : Version test of '1' from client : ACCEPTED
[13Sep2025 22:53:06.789] [Netty Epoll Server IO #3/DEBUG] [net.minecraftforge.network.NetworkRegistry/NETREGISTRY]: Channel 'voicechat:set_group' : Version test of 'ALLOWVANILLA 💓💓💓' from client : ACCEPTED
[13Sep2025 22:53:06.789] [Netty Epoll Server IO #3/DEBUG] [net.minecraftforge.network.NetworkRegistry/NETREGISTRY]: Channel 'voicechat:joined_group' : Version test of 'ALLOWVANILLA 💓💓💓' from client : ACCEPTED
[13Sep2025 22:53:06.789] [Netty Epoll Server IO #3/DEBUG] [net.minecraftforge.network.NetworkRegistry/NETREGISTRY]: Channel 'minecraft:treechop-channel' : Version test of '7' from client : ACCEPTED
[13Sep2025 22:53:06.789] [Netty Epoll Server IO #3/DEBUG] [net.minecraftforge.network.NetworkRegistry/NETREGISTRY]: Channel 'voicechat:update_state' : Version test of 'ALLOWVANILLA 💓💓💓' from client : ACCEPTED
[13Sep2025 22:53:06.789] [Netty Epoll Server IO #3/DEBUG] [net.minecraftforge.network.NetworkRegistry/NETREGISTRY]: Channel 'balm:network' : Version test of '1.0' from client : ACCEPTED
[13Sep2025 22:53:06.789] [Netty Epoll Server IO #3/DEBUG] [net.minecraftforge.network.NetworkRegistry/NETREGISTRY]: Channel 'farmers_structures:farmers_structures' : Version test of '1' from client : ACCEPTED
[13Sep2025 22:53:06.789] [Netty Epoll Server IO #3/DEBUG] [net.minecraftforge.network.NetworkRegistry/NETREGISTRY]: Channel 'realisticforgingores:realisticforgingores' : Version test of '1' from client : ACCEPTED
[13Sep2025 22:53:06.789] [Netty Epoll Server IO #3/DEBUG] [net.minecraftforge.network.NetworkRegistry/NETREGISTRY]: Channel 'appleskin:sync' : Version test of '1' from client : ACCEPTED
[13Sep2025 22:53:06.789] [Netty Epoll Server IO #3/DEBUG] [net.minecraftforge.network.NetworkRegistry/NETREGISTRY]: Channel 'medievalembroidery:me_network' : Version test of '1' from client : ACCEPTED
[13Sep2025 22:53:06.789] [Netty Epoll Server IO #3/DEBUG] [net.minecraftforge.network.NetworkRegistry/NETREGISTRY]: Channel 'voicechat:add_group' : Version test of 'ALLOWVANILLA 💓💓💓' from client : ACCEPTED
[13Sep2025 22:53:06.789] [Netty Epoll Server IO #3/DEBUG] [net.minecraftforge.network.NetworkRegistry/NETREGISTRY]: Channel 'fml:loginwrapper' : Version test of 'FML3' from client : ACCEPTED
[13Sep2025 22:53:06.789] [Netty Epoll Server IO #3/DEBUG] [net.minecraftforge.network.NetworkRegistry/NETREGISTRY]: Channel 'forge:tier_sorting' : Version test of '1.0' from client : ACCEPTED
[13Sep2025 22:53:06.789] [Netty Epoll Server IO #3/DEBUG] [net.minecraftforge.network.NetworkRegistry/NETREGISTRY]: Channel 'rustic_engineer:rustic_engineer' : Version test of '1' from client : ACCEPTED
[13Sep2025 22:53:06.789] [Netty Epoll Server IO #3/DEBUG] [net.minecraftforge.network.NetworkRegistry/NETREGISTRY]: Channel 'supermartijn642configlib:sync_configs' : Version test of '1.1.8' from client : ACCEPTED
[13Sep2025 22:53:06.789] [Netty Epoll Server IO #3/DEBUG] [net.minecraftforge.network.NetworkRegistry/NETREGISTRY]: Channel 'realmrpg_skeletons:realmrpg_skeletons' : Version test of '1' from client : ACCEPTED
[13Sep2025 22:53:06.789] [Netty Epoll Server IO #3/DEBUG] [net.minecraftforge.network.NetworkRegistry/NETREGISTRY]: Channel 'glitchcore:config_sync' : Version test of '1' from client : ACCEPTED
[13Sep2025 22:53:06.789] [Netty Epoll Server IO #3/DEBUG] [net.minecraftforge.network.NetworkRegistry/NETREGISTRY]: Channel 'fml:play' : Version test of 'FML3' from client : ACCEPTED
[13Sep2025 22:53:06.789] [Netty Epoll Server IO #3/DEBUG] [net.minecraftforge.network.NetworkRegistry/NETREGISTRY]: Channel 'voicechat:request_secret' : Version test of 'ALLOWVANILLA 💓💓💓' from client : ACCEPTED
[13Sep2025 22:53:06.789] [Netty Epoll Server IO #3/DEBUG] [net.minecraftforge.network.NetworkRegistry/NETREGISTRY]: Channel 'patchouli:main' : Version test of '1' from client : ACCEPTED
[13Sep2025 22:53:06.789] [Netty Epoll Server IO #3/DEBUG] [net.minecraftforge.network.NetworkRegistry/NETREGISTRY]: Channel 'epicfight:network_manager' : Version test of '1' from client : ACCEPTED
[13Sep2025 22:53:06.789] [Netty Epoll Server IO #3/DEBUG] [net.minecraftforge.network.NetworkRegistry/NETREGISTRY]: Channel 'sereneseasons:main' : Version test of '1' from client : ACCEPTED
[13Sep2025 22:53:06.790] [Netty Epoll Server IO #3/DEBUG] [net.minecraftforge.network.NetworkRegistry/NETREGISTRY]: Channel 'fml:handshake' : Version test of 'FML3' from client : ACCEPTED
[13Sep2025 22:53:06.790] [Netty Epoll Server IO #3/DEBUG] [net.minecraftforge.network.NetworkRegistry/NETREGISTRY]: Channel 'immersive_weathering:channel' : Version test of '0' from client : ACCEPTED
[13Sep2025 22:53:06.790] [Netty Epoll Server IO #3/DEBUG] [net.minecraftforge.network.NetworkRegistry/NETREGISTRY]: Channel 'betterarcheology:messages' : Version test of '1.0' from client : ACCEPTED
[13Sep2025 22:53:06.790] [Netty Epoll Server IO #3/DEBUG] [net.minecraftforge.network.NetworkRegistry/NETREGISTRY]: Channel 'voicechat:state' : Version test of 'ALLOWVANILLA 💓💓💓' from client : ACCEPTED
[13Sep2025 22:53:06.790] [Netty Epoll Server IO #3/DEBUG] [net.minecraftforge.network.NetworkRegistry/NETREGISTRY]: Channel 'voicechat:remove_category' : Version test of 'ALLOWVANILLA 💓💓💓' from client : ACCEPTED
[13Sep2025 22:53:06.790] [Netty Epoll Server IO #3/DEBUG] [net.minecraftforge.network.NetworkRegistry/NETREGISTRY]: Channel 'voicechat:remove_group' : Version test of 'ALLOWVANILLA 💓💓💓' from client : ACCEPTED
[13Sep2025 22:53:06.790] [Netty Epoll Server IO #3/DEBUG] [net.minecraftforge.network.NetworkRegistry/NETREGISTRY]: Channel 'voicechat:add_category' : Version test of 'ALLOWVANILLA 💓💓💓' from client : ACCEPTED
[13Sep2025 22:53:06.790] [Netty Epoll Server IO #3/DEBUG] [net.minecraftforge.network.NetworkRegistry/NETREGISTRY]: Channel 'antiqueatlas:main_simple_channel' : Version test of '1' from client : ACCEPTED
[13Sep2025 22:53:06.790] [Netty Epoll Server IO #3/DEBUG] [net.minecraftforge.network.NetworkRegistry/NETREGISTRY]: Channel 'voicechat:remove_state' : Version test of 'ALLOWVANILLA 💓💓💓' from client : ACCEPTED
[13Sep2025 22:53:06.790] [Netty Epoll Server IO #3/DEBUG] [net.minecraftforge.network.NetworkRegistry/NETREGISTRY]: Channel 'minecraft:register' : Version test of 'FML3' from client : ACCEPTED
[13Sep2025 22:53:06.790] [Netty Epoll Server IO #3/DEBUG] [net.minecraftforge.network.NetworkRegistry/NETREGISTRY]: Channel 'forge:split' : Version test of '1.1' from client : ACCEPTED
[13Sep2025 22:53:06.790] [Netty Epoll Server IO #3/DEBUG] [net.minecraftforge.network.NetworkRegistry/NETREGISTRY]: Channel 'geckolib:main' : Version test of '1' from client : ACCEPTED
[13Sep2025 22:53:06.790] [Netty Epoll Server IO #3/DEBUG] [net.minecraftforge.network.NetworkRegistry/NETREGISTRY]: Channel 'waystones:network' : Version test of '1.0' from client : ACCEPTED
[13Sep2025 22:53:06.790] [Netty Epoll Server IO #3/DEBUG] [net.minecraftforge.network.NetworkRegistry/NETREGISTRY]: Channel 'moonlight:channel' : Version test of '0' from client : ACCEPTED
[13Sep2025 22:53:06.790] [Netty Epoll Server IO #3/DEBUG] [net.minecraftforge.network.NetworkRegistry/NETREGISTRY]: Accepting channel list from client
[13Sep2025 22:53:06.790] [Netty Epoll Server IO #3/DEBUG] [net.minecraftforge.network.HandshakeHandler/FMLHANDSHAKE]: Accepted client connection mod list
[13Sep2025 22:53:06.824] [Server thread/DEBUG] [net.minecraftforge.network.HandshakeHandler/FMLHANDSHAKE]: Sending ticking packet info 'Registry minecraft:recipe_serializer' to 'fml:handshake' sequence 3
[13Sep2025 22:53:06.836] [Netty Epoll Server IO #3/DEBUG] [net.minecraftforge.network.LoginWrapper/FMLHANDSHAKE]: Recieved login wrapper packet event for channel fml:handshake with index 2
[13Sep2025 22:53:06.836] [Netty Epoll Server IO #3/DEBUG] [net.minecraftforge.network.HandshakeHandler/FMLHANDSHAKE]: Received client indexed reply 2 of type net.minecraftforge.network.HandshakeMessages$C2SAcknowledge
[13Sep2025 22:53:06.836] [Netty Epoll Server IO #3/DEBUG] [net.minecraftforge.network.HandshakeHandler/FMLHANDSHAKE]: Received acknowledgement from client
[13Sep2025 22:53:06.874] [Server thread/DEBUG] [net.minecraftforge.network.HandshakeHandler/FMLHANDSHAKE]: Sending ticking packet info 'Registry minecraft:sound_event' to 'fml:handshake' sequence 4
[13Sep2025 22:53:06.882] [Netty Epoll Server IO #3/DEBUG] [net.minecraftforge.network.LoginWrapper/FMLHANDSHAKE]: Recieved login wrapper packet event for channel fml:handshake with index 3
[13Sep2025 22:53:06.882] [Netty Epoll Server IO #3/DEBUG] [net.minecraftforge.network.HandshakeHandler/FMLHANDSHAKE]: Received client indexed reply 3 of type net.minecraftforge.network.HandshakeMessages$C2SAcknowledge
[13Sep2025 22:53:06.882] [Netty Epoll Server IO #3/DEBUG] [net.minecraftforge.network.HandshakeHandler/FMLHANDSHAKE]: Received acknowledgement from client
[13Sep2025 22:53:06.924] [Server thread/DEBUG] [net.minecraftforge.network.HandshakeHandler/FMLHANDSHAKE]: Sending ticking packet info 'Registry minecraft:particle_type' to 'fml:handshake' sequence 5
[13Sep2025 22:53:06.974] [Server thread/DEBUG] [net.minecraftforge.network.HandshakeHandler/FMLHANDSHAKE]: Sending ticking packet info 'Registry minecraft:villager_profession' to 'fml:handshake' sequence 6
[13Sep2025 22:53:07.024] [Server thread/DEBUG] [net.minecraftforge.network.HandshakeHandler/FMLHANDSHAKE]: Sending ticking packet info 'Registry minecraft:item' to 'fml:handshake' sequence 7
[13Sep2025 22:53:07.056] [Netty Epoll Server IO #3/DEBUG] [net.minecraftforge.network.LoginWrapper/FMLHANDSHAKE]: Recieved login wrapper packet event for channel fml:handshake with index 4
[13Sep2025 22:53:07.056] [Netty Epoll Server IO #3/DEBUG] [net.minecraftforge.network.HandshakeHandler/FMLHANDSHAKE]: Received client indexed reply 4 of type net.minecraftforge.network.HandshakeMessages$C2SAcknowledge
[13Sep2025 22:53:07.056] [Netty Epoll Server IO #3/DEBUG] [net.minecraftforge.network.HandshakeHandler/FMLHANDSHAKE]: Received acknowledgement from client
[13Sep2025 22:53:07.056] [Netty Epoll Server IO #3/DEBUG] [net.minecraftforge.network.LoginWrapper/FMLHANDSHAKE]: Recieved login wrapper packet event for channel fml:handshake with index 5
[13Sep2025 22:53:07.056] [Netty Epoll Server IO #3/DEBUG] [net.minecraftforge.network.HandshakeHandler/FMLHANDSHAKE]: Received client indexed reply 5 of type net.minecraftforge.network.HandshakeMessages$C2SAcknowledge
[13Sep2025 22:53:07.056] [Netty Epoll Server IO #3/DEBUG] [net.minecraftforge.network.HandshakeHandler/FMLHANDSHAKE]: Received acknowledgement from client
[13Sep2025 22:53:07.056] [Netty Epoll Server IO #3/DEBUG] [net.minecraftforge.network.LoginWrapper/FMLHANDSHAKE]: Recieved login wrapper packet event for channel fml:handshake with index 6
[13Sep2025 22:53:07.056] [Netty Epoll Server IO #3/DEBUG] [net.minecraftforge.network.HandshakeHandler/FMLHANDSHAKE]: Received client indexed reply 6 of type net.minecraftforge.network.HandshakeMessages$C2SAcknowledge
[13Sep2025 22:53:07.056] [Netty Epoll Server IO #3/DEBUG] [net.minecraftforge.network.HandshakeHandler/FMLHANDSHAKE]: Received acknowledgement from client
[13Sep2025 22:53:07.074] [Server thread/DEBUG] [net.minecraftforge.network.HandshakeHandler/FMLHANDSHAKE]: Sending ticking packet info 'Registry minecraft:potion' to 'fml:handshake' sequence 8
[13Sep2025 22:53:07.124] [Server thread/DEBUG] [net.minecraftforge.network.HandshakeHandler/FMLHANDSHAKE]: Sending ticking packet info 'Registry minecraft:painting_variant' to 'fml:handshake' sequence 9
[13Sep2025 22:53:07.168] [Netty Epoll Server IO #3/DEBUG] [net.minecraftforge.network.LoginWrapper/FMLHANDSHAKE]: Recieved login wrapper packet event for channel fml:handshake with index 7
[13Sep2025 22:53:07.168] [Netty Epoll Server IO #3/DEBUG] [net.minecraftforge.network.HandshakeHandler/FMLHANDSHAKE]: Received client indexed reply 7 of type net.minecraftforge.network.HandshakeMessages$C2SAcknowledge
[13Sep2025 22:53:07.168] [Netty Epoll Server IO #3/DEBUG] [net.minecraftforge.network.HandshakeHandler/FMLHANDSHAKE]: Received acknowledgement from client
[13Sep2025 22:53:07.168] [Netty Epoll Server IO #3/DEBUG] [net.minecraftforge.network.LoginWrapper/FMLHANDSHAKE]: Recieved login wrapper packet event for channel fml:handshake with index 8
[13Sep2025 22:53:07.168] [Netty Epoll Server IO #3/DEBUG] [net.minecraftforge.network.HandshakeHandler/FMLHANDSHAKE]: Received client indexed reply 8 of type net.minecraftforge.network.HandshakeMessages$C2SAcknowledge
[13Sep2025 22:53:07.168] [Netty Epoll Server IO #3/DEBUG] [net.minecraftforge.network.HandshakeHandler/FMLHANDSHAKE]: Received acknowledgement from client
[13Sep2025 22:53:07.174] [Server thread/DEBUG] [net.minecraftforge.network.HandshakeHandler/FMLHANDSHAKE]: Sending ticking packet info 'Registry epicfight:skill_data_keys' to 'fml:handshake' sequence 10
[13Sep2025 22:53:07.180] [Netty Epoll Server IO #3/DEBUG] [net.minecraftforge.network.LoginWrapper/FMLHANDSHAKE]: Recieved login wrapper packet event for channel fml:handshake with index 9
[13Sep2025 22:53:07.181] [Netty Epoll Server IO #3/DEBUG] [net.minecraftforge.network.HandshakeHandler/FMLHANDSHAKE]: Received client indexed reply 9 of type net.minecraftforge.network.HandshakeMessages$C2SAcknowledge
[13Sep2025 22:53:07.181] [Netty Epoll Server IO #3/DEBUG] [net.minecraftforge.network.HandshakeHandler/FMLHANDSHAKE]: Received acknowledgement from client
[13Sep2025 22:53:07.224] [Server thread/DEBUG] [net.minecraftforge.network.HandshakeHandler/FMLHANDSHAKE]: Sending ticking packet info 'Registry forge:fluid_type' to 'fml:handshake' sequence 11
[13Sep2025 22:53:07.232] [Netty Epoll Server IO #3/DEBUG] [net.minecraftforge.network.LoginWrapper/FMLHANDSHAKE]: Recieved login wrapper packet event for channel fml:handshake with index 10
[13Sep2025 22:53:07.232] [Netty Epoll Server IO #3/DEBUG] [net.minecraftforge.network.HandshakeHandler/FMLHANDSHAKE]: Received client indexed reply 10 of type net.minecraftforge.network.HandshakeMessages$C2SAcknowledge
[13Sep2025 22:53:07.232] [Netty Epoll Server IO #3/DEBUG] [net.minecraftforge.network.HandshakeHandler/FMLHANDSHAKE]: Received acknowledgement from client
[13Sep2025 22:53:07.274] [Server thread/DEBUG] [net.minecraftforge.network.HandshakeHandler/FMLHANDSHAKE]: Sending ticking packet info 'Registry minecraft:block_entity_type' to 'fml:handshake' sequence 12
[13Sep2025 22:53:07.279] [Netty Epoll Server IO #3/DEBUG] [net.minecraftforge.network.LoginWrapper/FMLHANDSHAKE]: Recieved login wrapper packet event for channel fml:handshake with index 11
[13Sep2025 22:53:07.279] [Netty Epoll Server IO #3/DEBUG] [net.minecraftforge.network.HandshakeHandler/FMLHANDSHAKE]: Received client indexed reply 11 of type net.minecraftforge.network.HandshakeMessages$C2SAcknowledge
[13Sep2025 22:53:07.279] [Netty Epoll Server IO #3/DEBUG] [net.minecraftforge.network.HandshakeHandler/FMLHANDSHAKE]: Received acknowledgement from client
[13Sep2025 22:53:07.324] [Server thread/DEBUG] [net.minecraftforge.network.HandshakeHandler/FMLHANDSHAKE]: Sending ticking packet info 'Registry forge:display_contexts' to 'fml:handshake' sequence 13
[13Sep2025 22:53:07.332] [Netty Epoll Server IO #3/DEBUG] [net.minecraftforge.network.LoginWrapper/FMLHANDSHAKE]: Recieved login wrapper packet event for channel fml:handshake with index 12
[13Sep2025 22:53:07.332] [Netty Epoll Server IO #3/DEBUG] [net.minecraftforge.network.HandshakeHandler/FMLHANDSHAKE]: Received client indexed reply 12 of type net.minecraftforge.network.HandshakeMessages$C2SAcknowledge
[13Sep2025 22:53:07.332] [Netty Epoll Server IO #3/DEBUG] [net.minecraftforge.network.HandshakeHandler/FMLHANDSHAKE]: Received acknowledgement from client
[13Sep2025 22:53:07.373] [Server thread/DEBUG] [net.minecraftforge.network.HandshakeHandler/FMLHANDSHAKE]: Sending ticking packet info 'Registry minecraft:block' to 'fml:handshake' sequence 14
[13Sep2025 22:53:07.380] [Netty Epoll Server IO #3/DEBUG] [net.minecraftforge.network.LoginWrapper/FMLHANDSHAKE]: Recieved login wrapper packet event for channel fml:handshake with index 13
[13Sep2025 22:53:07.380] [Netty Epoll Server IO #3/DEBUG] [net.minecraftforge.network.HandshakeHandler/FMLHANDSHAKE]: Received client indexed reply 13 of type net.minecraftforge.network.HandshakeMessages$C2SAcknowledge
[13Sep2025 22:53:07.380] [Netty Epoll Server IO #3/DEBUG] [net.minecraftforge.network.HandshakeHandler/FMLHANDSHAKE]: Received acknowledgement from client
[13Sep2025 22:53:07.423] [Server thread/DEBUG] [net.minecraftforge.network.HandshakeHandler/FMLHANDSHAKE]: Sending ticking packet info 'Registry forge:entity_data_serializers' to 'fml:handshake' sequence 15
[13Sep2025 22:53:07.473] [Server thread/DEBUG] [net.minecraftforge.network.HandshakeHandler/FMLHANDSHAKE]: Sending ticking packet info 'Registry minecraft:mob_effect' to 'fml:handshake' sequence 16
[13Sep2025 22:53:07.489] [Netty Epoll Server IO #3/DEBUG] [net.minecraftforge.network.LoginWrapper/FMLHANDSHAKE]: Recieved login wrapper packet event for channel fml:handshake with index 14
[13Sep2025 22:53:07.489] [Netty Epoll Server IO #3/DEBUG] [net.minecraftforge.network.HandshakeHandler/FMLHANDSHAKE]: Received client indexed reply 14 of type net.minecraftforge.network.HandshakeMessages$C2SAcknowledge
[13Sep2025 22:53:07.489] [Netty Epoll Server IO #3/DEBUG] [net.minecraftforge.network.HandshakeHandler/FMLHANDSHAKE]: Received acknowledgement from client
[13Sep2025 22:53:07.489] [Netty Epoll Server IO #3/DEBUG] [net.minecraftforge.network.LoginWrapper/FMLHANDSHAKE]: Recieved login wrapper packet event for channel fml:handshake with index 15
[13Sep2025 22:53:07.489] [Netty Epoll Server IO #3/DEBUG] [net.minecraftforge.network.HandshakeHandler/FMLHANDSHAKE]: Received client indexed reply 15 of type net.minecraftforge.network.HandshakeMessages$C2SAcknowledge
[13Sep2025 22:53:07.489] [Netty Epoll Server IO #3/DEBUG] [net.minecraftforge.network.HandshakeHandler/FMLHANDSHAKE]: Received acknowledgement from client
[13Sep2025 22:53:07.524] [Server thread/DEBUG] [net.minecraftforge.network.HandshakeHandler/FMLHANDSHAKE]: Sending ticking packet info 'Registry minecraft:stat_type' to 'fml:handshake' sequence 17
[13Sep2025 22:53:07.530] [Netty Epoll Server IO #3/DEBUG] [net.minecraftforge.network.LoginWrapper/FMLHANDSHAKE]: Recieved login wrapper packet event for channel fml:handshake with index 16
[13Sep2025 22:53:07.530] [Netty Epoll Server IO #3/DEBUG] [net.minecraftforge.network.HandshakeHandler/FMLHANDSHAKE]: Received client indexed reply 16 of type net.minecraftforge.network.HandshakeMessages$C2SAcknowledge
[13Sep2025 22:53:07.530] [Netty Epoll Server IO #3/DEBUG] [net.minecraftforge.network.HandshakeHandler/FMLHANDSHAKE]: Received acknowledgement from client
[13Sep2025 22:53:07.573] [Server thread/DEBUG] [net.minecraftforge.network.HandshakeHandler/FMLHANDSHAKE]: Sending ticking packet info 'Registry epicfight:synched_animation_variable_keys' to 'fml:handshake' sequence 18
[13Sep2025 22:53:07.581] [Netty Epoll Server IO #3/DEBUG] [net.minecraftforge.network.LoginWrapper/FMLHANDSHAKE]: Recieved login wrapper packet event for channel fml:handshake with index 17
[13Sep2025 22:53:07.581] [Netty Epoll Server IO #3/DEBUG] [net.minecraftforge.network.HandshakeHandler/FMLHANDSHAKE]: Received client indexed reply 17 of type net.minecraftforge.network.HandshakeMessages$C2SAcknowledge
[13Sep2025 22:53:07.581] [Netty Epoll Server IO #3/DEBUG] [net.minecraftforge.network.HandshakeHandler/FMLHANDSHAKE]: Received acknowledgement from client
[13Sep2025 22:53:07.623] [Server thread/DEBUG] [net.minecraftforge.network.HandshakeHandler/FMLHANDSHAKE]: Sending ticking packet info 'Registry epicfight:conditions' to 'fml:handshake' sequence 19
[13Sep2025 22:53:07.630] [Netty Epoll Server IO #3/DEBUG] [net.minecraftforge.network.LoginWrapper/FMLHANDSHAKE]: Recieved login wrapper packet event for channel fml:handshake with index 18
[13Sep2025 22:53:07.630] [Netty Epoll Server IO #3/DEBUG] [net.minecraftforge.network.HandshakeHandler/FMLHANDSHAKE]: Received client indexed reply 18 of type net.minecraftforge.network.HandshakeMessages$C2SAcknowledge
[13Sep2025 22:53:07.630] [Netty Epoll Server IO #3/DEBUG] [net.minecraftforge.network.HandshakeHandler/FMLHANDSHAKE]: Received acknowledgement from client
[13Sep2025 22:53:07.674] [Server thread/DEBUG] [net.minecraftforge.network.HandshakeHandler/FMLHANDSHAKE]: Sending ticking packet info 'Registry minecraft:menu' to 'fml:handshake' sequence 20
[13Sep2025 22:53:07.681] [Netty Epoll Server IO #3/DEBUG] [net.minecraftforge.network.LoginWrapper/FMLHANDSHAKE]: Recieved login wrapper packet event for channel fml:handshake with index 19
[13Sep2025 22:53:07.681] [Netty Epoll Server IO #3/DEBUG] [net.minecraftforge.network.HandshakeHandler/FMLHANDSHAKE]: Received client indexed reply 19 of type net.minecraftforge.network.HandshakeMessages$C2SAcknowledge
[13Sep2025 22:53:07.681] [Netty Epoll Server IO #3/DEBUG] [net.minecraftforge.network.HandshakeHandler/FMLHANDSHAKE]: Received acknowledgement from client
[13Sep2025 22:53:07.723] [Server thread/DEBUG] [net.minecraftforge.network.HandshakeHandler/FMLHANDSHAKE]: Sending ticking packet info 'Registry minecraft:enchantment' to 'fml:handshake' sequence 21
[13Sep2025 22:53:07.732] [Netty Epoll Server IO #3/DEBUG] [net.minecraftforge.network.LoginWrapper/FMLHANDSHAKE]: Recieved login wrapper packet event for channel fml:handshake with index 20
[13Sep2025 22:53:07.732] [Netty Epoll Server IO #3/DEBUG] [net.minecraftforge.network.HandshakeHandler/FMLHANDSHAKE]: Received client indexed reply 20 of type net.minecraftforge.network.HandshakeMessages$C2SAcknowledge
[13Sep2025 22:53:07.732] [Netty Epoll Server IO #3/DEBUG] [net.minecraftforge.network.HandshakeHandler/FMLHANDSHAKE]: Received acknowledgement from client
[13Sep2025 22:53:07.773] [Server thread/DEBUG] [net.minecraftforge.network.HandshakeHandler/FMLHANDSHAKE]: Sending ticking packet info 'Registry minecraft:fluid' to 'fml:handshake' sequence 22
[13Sep2025 22:53:07.779] [Netty Epoll Server IO #3/DEBUG] [net.minecraftforge.network.LoginWrapper/FMLHANDSHAKE]: Recieved login wrapper packet event for channel fml:handshake with index 21
[13Sep2025 22:53:07.779] [Netty Epoll Server IO #3/DEBUG] [net.minecraftforge.network.HandshakeHandler/FMLHANDSHAKE]: Received client indexed reply 21 of type net.minecraftforge.network.HandshakeMessages$C2SAcknowledge
[13Sep2025 22:53:07.779] [Netty Epoll Server IO #3/DEBUG] [net.minecraftforge.network.HandshakeHandler/FMLHANDSHAKE]: Received acknowledgement from client
[13Sep2025 22:53:07.823] [Server thread/DEBUG] [net.minecraftforge.network.HandshakeHandler/FMLHANDSHAKE]: Sending ticking packet info 'Registry epicfight:skill' to 'fml:handshake' sequence 23
[13Sep2025 22:53:07.828] [Netty Epoll Server IO #3/DEBUG] [net.minecraftforge.network.LoginWrapper/FMLHANDSHAKE]: Recieved login wrapper packet event for channel fml:handshake with index 22
[13Sep2025 22:53:07.828] [Netty Epoll Server IO #3/DEBUG] [net.minecraftforge.network.HandshakeHandler/FMLHANDSHAKE]: Received client indexed reply 22 of type net.minecraftforge.network.HandshakeMessages$C2SAcknowledge
[13Sep2025 22:53:07.828] [Netty Epoll Server IO #3/DEBUG] [net.minecraftforge.network.HandshakeHandler/FMLHANDSHAKE]: Received acknowledgement from client
[13Sep2025 22:53:07.873] [Server thread/DEBUG] [net.minecraftforge.network.HandshakeHandler/FMLHANDSHAKE]: Sending ticking packet info 'Registry minecraft:entity_type' to 'fml:handshake' sequence 24
[13Sep2025 22:53:07.886] [Netty Epoll Server IO #3/DEBUG] [net.minecraftforge.network.LoginWrapper/FMLHANDSHAKE]: Recieved login wrapper packet event for channel fml:handshake with index 23
[13Sep2025 22:53:07.886] [Netty Epoll Server IO #3/DEBUG] [net.minecraftforge.network.HandshakeHandler/FMLHANDSHAKE]: Received client indexed reply 23 of type net.minecraftforge.network.HandshakeMessages$C2SAcknowledge
[13Sep2025 22:53:07.886] [Netty Epoll Server IO #3/DEBUG] [net.minecraftforge.network.HandshakeHandler/FMLHANDSHAKE]: Received acknowledgement from client
[13Sep2025 22:53:07.924] [Server thread/DEBUG] [net.minecraftforge.network.HandshakeHandler/FMLHANDSHAKE]: Sending ticking packet info 'Config epicfight-server.toml' to 'fml:handshake' sequence 25
[13Sep2025 22:53:07.974] [Server thread/DEBUG] [net.minecraftforge.network.HandshakeHandler/FMLHANDSHAKE]: Sending ticking packet info 'Config jei-server.toml' to 'fml:handshake' sequence 26
[13Sep2025 22:53:08.024] [Server thread/DEBUG] [net.minecraftforge.network.HandshakeHandler/FMLHANDSHAKE]: Sending ticking packet info 'Config forge-server.toml' to 'fml:handshake' sequence 27
[13Sep2025 22:53:08.025] [Netty Epoll Server IO #3/DEBUG] [net.minecraftforge.network.LoginWrapper/FMLHANDSHAKE]: Recieved login wrapper packet event for channel fml:handshake with index 24
[13Sep2025 22:53:08.025] [Netty Epoll Server IO #3/DEBUG] [net.minecraftforge.network.HandshakeHandler/FMLHANDSHAKE]: Received client indexed reply 24 of type net.minecraftforge.network.HandshakeMessages$C2SAcknowledge
[13Sep2025 22:53:08.025] [Netty Epoll Server IO #3/DEBUG] [net.minecraftforge.network.HandshakeHandler/FMLHANDSHAKE]: Received acknowledgement from client
[13Sep2025 22:53:08.025] [Netty Epoll Server IO #3/DEBUG] [net.minecraftforge.network.LoginWrapper/FMLHANDSHAKE]: Recieved login wrapper packet event for channel fml:handshake with index 25
[13Sep2025 22:53:08.025] [Netty Epoll Server IO #3/DEBUG] [net.minecraftforge.network.HandshakeHandler/FMLHANDSHAKE]: Received client indexed reply 25 of type net.minecraftforge.network.HandshakeMessages$C2SAcknowledge
[13Sep2025 22:53:08.025] [Netty Epoll Server IO #3/DEBUG] [net.minecraftforge.network.HandshakeHandler/FMLHANDSHAKE]: Received acknowledgement from client
[13Sep2025 22:53:08.031] [Netty Epoll Server IO #3/DEBUG] [net.minecraftforge.network.LoginWrapper/FMLHANDSHAKE]: Recieved login wrapper packet event for channel fml:handshake with index 26
[13Sep2025 22:53:08.031] [Netty Epoll Server IO #3/DEBUG] [net.minecraftforge.network.HandshakeHandler/FMLHANDSHAKE]: Received client indexed reply 26 of type net.minecraftforge.network.HandshakeMessages$C2SAcknowledge
[13Sep2025 22:53:08.031] [Netty Epoll Server IO #3/DEBUG] [net.minecraftforge.network.HandshakeHandler/FMLHANDSHAKE]: Received acknowledgement from client
[13Sep2025 22:53:08.081] [Netty Epoll Server IO #3/DEBUG] [net.minecraftforge.network.LoginWrapper/FMLHANDSHAKE]: Recieved login wrapper packet event for channel fml:handshake with index 27
[13Sep2025 22:53:08.081] [Netty Epoll Server IO #3/DEBUG] [net.minecraftforge.network.HandshakeHandler/FMLHANDSHAKE]: Received client indexed reply 27 of type net.minecraftforge.network.HandshakeMessages$C2SAcknowledge
[13Sep2025 22:53:08.081] [Netty Epoll Server IO #3/DEBUG] [net.minecraftforge.network.HandshakeHandler/FMLHANDSHAKE]: Received acknowledgement from client
[13Sep2025 22:53:08.124] [Server thread/DEBUG] [net.minecraftforge.network.HandshakeHandler/FMLHANDSHAKE]: Handshake complete!
[13Sep2025 22:53:08.181] [Server thread/INFO] [net.minecraft.server.players.PlayerList/]: Dwiss3[/127.150.44.39:44373] logged in with entity id 10299 at (-147.0159034977128, 89.0, -276.30000001192093)
[13Sep2025 22:53:08.181] [Server thread/DEBUG] [net.minecraftforge.network.filters.NetworkFilters/]: Injected net.minecraftforge.network.filters.ForgeConnectionNetworkFilter@bd7dc26 into net.minecraft.network.Connection@48e0db4
[13Sep2025 22:53:08.194] [Server thread/INFO] [net.minecraft.server.MinecraftServer/]: Dwiss3 joined the game
[13Sep2025 22:53:08.233] [Server thread/INFO] [antiqueatlas/]: Sent markers data #-1 to player Dwiss3
[13Sep2025 22:53:08.233] [Server thread/INFO] [antiqueatlas/]: Sent custom biome data to player Dwiss3
[13Sep2025 22:53:08.233] [Server thread/INFO] [antiqueatlas/]: Sent custom biome data to player Dwiss3
[13Sep2025 22:53:08.233] [Server thread/INFO] [antiqueatlas/]: Sent custom biome data to player Dwiss3
[13Sep2025 22:53:08.233] [Server thread/INFO] [antiqueatlas/]: Sent custom biome data to player Dwiss3
[13Sep2025 22:53:08.234] [Server thread/DEBUG] [voicechat/]: [voicechat] Setting default state of Dwiss3: {disabled=false, disconnected=true, uuid=c46fadd7-0f1b-301b-9ff2-ee2aa61b8bc7, name=Dwiss3, group=null}
[13Sep2025 22:53:09.180] [Server thread/INFO] [voicechat/]: [voicechat] Received secret request of Dwiss3 (20)
[13Sep2025 22:53:09.181] [Server thread/DEBUG] [voicechat/]: [voicechat] Sending initial states to Dwiss3
[13Sep2025 22:53:09.181] [Server thread/DEBUG] [voicechat/]: [voicechat] Synchronizing 0 groups with Dwiss3
[13Sep2025 22:53:09.181] [Server thread/DEBUG] [voicechat/]: [voicechat] Synchronizing 0 volume categories with Dwiss3
[13Sep2025 22:53:09.181] [Server thread/INFO] [voicechat/]: [voicechat] Sent secret to Dwiss3
[13Sep2025 22:53:10.632] [Server thread/INFO] [net.minecraft.server.MinecraftServer/]: Thank you so much for playing Dark Souls Expansion! If you'd like to create a server with your friends, you can do so at
[13Sep2025 22:54:06.081] [Server thread/INFO] [net.minecraft.server.network.ServerGamePacketListenerImpl/]: Dwiss3 lost connection: Disconnected
[13Sep2025 22:54:06.081] [Server thread/INFO] [net.minecraft.server.MinecraftServer/]: Dwiss3 left the game
[13Sep2025 22:54:06.082] [Server thread/DEBUG] [voicechat/]: [voicechat] Removing state of Dwiss3
[13Sep2025 22:54:06.082] [Server thread/INFO] [voicechat/]: [voicechat] Disconnecting client Dwiss3
[13Sep2025 22:54:58.230] [Server thread/DEBUG] [net.minecraftforge.common.ForgeHooks/WP]: Gathering id map for writing to world save world
[13Sep2025 22:54:58.239] [Server thread/DEBUG] [net.minecraftforge.common.ForgeHooks/WP]: ID Map collection complete world
[13Sep2025 22:59:58.230] [Server thread/DEBUG] [net.minecraftforge.common.ForgeHooks/WP]: Gathering id map for writing to world save world
[13Sep2025 22:59:58.237] [Server thread/DEBUG] [net.minecraftforge.common.ForgeHooks/WP]: ID Map collection complete world
[13Sep2025 23:03:56.181] [Server thread/INFO] [net.minecraft.server.MinecraftServer/]: Stopping server
[13Sep2025 23:03:56.182] [Server thread/INFO] [net.minecraft.server.MinecraftServer/]: Saving players
[13Sep2025 23:03:56.182] [Server thread/INFO] [net.minecraft.server.MinecraftServer/]: Saving worlds
[13Sep2025 23:03:56.566] [Server thread/INFO] [net.minecraft.server.MinecraftServer/]: Saving chunks for level 'ServerLevel[world]'/minecraft:overworld
[13Sep2025 23:03:57.548] [Server thread/INFO] [net.minecraft.server.MinecraftServer/]: Saving chunks for level 'ServerLevel[world]'/minecraft:the_nether
[13Sep2025 23:03:57.549] [Server thread/INFO] [net.minecraft.server.MinecraftServer/]: Saving chunks for level 'ServerLevel[world]'/minecraft:the_end
[13Sep2025 23:03:57.550] [Server thread/INFO] [net.minecraft.server.MinecraftServer/]: Saving chunks for level 'ServerLevel[world]'/dark_souls_expansion:lordran_dimension
[13Sep2025 23:03:57.551] [Server thread/DEBUG] [net.minecraftforge.common.ForgeHooks/WP]: Gathering id map for writing to world save world
[13Sep2025 23:03:57.558] [Server thread/DEBUG] [net.minecraftforge.common.ForgeHooks/WP]: ID Map collection complete world
[13Sep2025 23:03:57.573] [Server thread/INFO] [net.minecraft.server.MinecraftServer/]: ThreadedAnvilChunkStorage (world): All chunks are saved
[13Sep2025 23:03:57.573] [Server thread/INFO] [net.minecraft.server.MinecraftServer/]: ThreadedAnvilChunkStorage (DIM-1): All chunks are saved
[13Sep2025 23:03:57.573] [Server thread/INFO] [net.minecraft.server.MinecraftServer/]: ThreadedAnvilChunkStorage (DIM1): All chunks are saved
[13Sep2025 23:03:57.574] [Server thread/INFO] [net.minecraft.server.MinecraftServer/]: ThreadedAnvilChunkStorage (lordran_dimension): All chunks are saved
[13Sep2025 23:03:57.574] [Server thread/INFO] [net.minecraft.server.MinecraftServer/]: ThreadedAnvilChunkStorage: All dimensions are saved
[13Sep2025 23:03:57.603] [Server thread/DEBUG] [net.minecraftforge.fml.config.ConfigTracker/CONFIG]: Unloading configs type SERVER
