[19Sep2025 23:07:23.950] [main/INFO] [cpw.mods.modlauncher.Launcher/MODLAUNCHER]: ModLauncher running: args [--launchTarget, forgeserver, --fml.forgeVersion, 47.4.0, --fml.mcVersion, 1.20.1, --fml.forgeGroup, net.minecraftforge, --fml.mcpVersion, 20230612.114412, nogui]
[19Sep2025 23:07:23.952] [main/INFO] [cpw.mods.modlauncher.Launcher/MODLAUNCHER]: ModLauncher 10.0.9+10.0.9+main.dcd20f30 starting: java version 17.0.16 by Ubuntu; OS Linux arch amd64 version 6.8.0-1030-azure
[19Sep2025 23:07:24.999] [main/INFO] [net.minecraftforge.fml.loading.ImmediateWindowHandler/]: ImmediateWindowProvider not loading because launch target is forgeserver
[19Sep2025 23:07:25.051] [main/INFO] [mixin/]: SpongePowered MIXIN Subsystem Version=0.8.5 Source=union:/workspaces/HytoCraft/servidor_minecraft/libraries/org/spongepowered/mixin/0.8.5/mixin-0.8.5.jar%2365!/ Service=ModLauncher Env=SERVER
[19Sep2025 23:07:25.324] [main/WARN] [net.minecraftforge.fml.loading.moddiscovery.ModFileParser/LOADING]: Mod file /workspaces/HytoCraft/servidor_minecraft/libraries/net/minecraftforge/fmlcore/1.20.1-47.4.0/fmlcore-1.20.1-47.4.0.jar is missing mods.toml file
[19Sep2025 23:07:25.326] [main/WARN] [net.minecraftforge.fml.loading.moddiscovery.ModFileParser/LOADING]: Mod file /workspaces/HytoCraft/servidor_minecraft/libraries/net/minecraftforge/javafmllanguage/1.20.1-47.4.0/javafmllanguage-1.20.1-47.4.0.jar is missing mods.toml file
[19Sep2025 23:07:25.327] [main/WARN] [net.minecraftforge.fml.loading.moddiscovery.ModFileParser/LOADING]: Mod file /workspaces/HytoCraft/servidor_minecraft/libraries/net/minecraftforge/lowcodelanguage/1.20.1-47.4.0/lowcodelanguage-1.20.1-47.4.0.jar is missing mods.toml file
[19Sep2025 23:07:25.328] [main/WARN] [net.minecraftforge.fml.loading.moddiscovery.ModFileParser/LOADING]: Mod file /workspaces/HytoCraft/servidor_minecraft/libraries/net/minecraftforge/mclanguage/1.20.1-47.4.0/mclanguage-1.20.1-47.4.0.jar is missing mods.toml file
[19Sep2025 23:07:25.527] [main/INFO] [net.minecraftforge.fml.loading.moddiscovery.JarInJarDependencyLocator/]: Found 7 dependencies adding them to mods collection
[19Sep2025 23:07:27.369] [main/INFO] [mixin/]: Compatibility level set to JAVA_17
[19Sep2025 23:07:27.470] [main/INFO] [cpw.mods.modlauncher.LaunchServiceHandler/MODLAUNCHER]: Launching target 'forgeserver' with arguments [nogui]
[19Sep2025 23:07:27.702] [main/WARN] [mixin/]: Reference map 'mixins.dungeons_plus.refmap.json' for mixins.dungeons_plus.json could not be read. If this is a development environment you can ignore this message
[19Sep2025 23:07:27.742] [main/INFO] [Canary/]: Loaded configuration file for Canary: 116 options available, 0 override(s) found
[19Sep2025 23:07:28.444] [main/WARN] [mixin/]: Error loading class: appeng/menu/AEBaseMenu (java.lang.ClassNotFoundException: appeng.menu.AEBaseMenu)
[19Sep2025 23:07:28.444] [main/WARN] [mixin/]: @Mixin target appeng.menu.AEBaseMenu was not found yyzsbackpack.forge.mixins.json:compat.ae2.AEBaseMenuMixin
[19Sep2025 23:07:28.451] [main/WARN] [mixin/]: Error loading class: fuzs/slotcycler/client/HotbarCyclingProvider (java.lang.ClassNotFoundException: fuzs.slotcycler.client.HotbarCyclingProvider)
[19Sep2025 23:07:28.452] [main/WARN] [mixin/]: @Mixin target fuzs.slotcycler.client.HotbarCyclingProvider was not found yyzsbackpack.forge.mixins.json:compat.hotbarslotcycling.HotbarCyclingProviderMixin
[19Sep2025 23:07:28.454] [main/WARN] [mixin/]: Error loading class: de/rubixdev/inventorio/player/InventorioScreenHandler (java.lang.ClassNotFoundException: de.rubixdev.inventorio.player.InventorioScreenHandler)
[19Sep2025 23:07:28.454] [main/WARN] [mixin/]: @Mixin target de.rubixdev.inventorio.player.InventorioScreenHandler was not found yyzsbackpack.forge.mixins.json:compat.inventorio.InventorioScreenHandlerMixin
[19Sep2025 23:07:28.456] [main/WARN] [mixin/]: Error loading class: kirderf1/inventoryfree/InventoryEnforcer (java.lang.ClassNotFoundException: kirderf1.inventoryfree.InventoryEnforcer)
[19Sep2025 23:07:28.456] [main/WARN] [mixin/]: @Mixin target kirderf1.inventoryfree.InventoryEnforcer was not found yyzsbackpack.forge.mixins.json:compat.inventoryfree.InventoryEnforcerMixin
[19Sep2025 23:07:28.458] [main/WARN] [mixin/]: Error loading class: moonfather/workshop_for_handsome_adventurer/block_entities/SimpleTableMenu (java.lang.ClassNotFoundException: moonfather.workshop_for_handsome_adventurer.block_entities.SimpleTableMenu)
[19Sep2025 23:07:28.458] [main/WARN] [mixin/]: @Mixin target moonfather.workshop_for_handsome_adventurer.block_entities.SimpleTableMenu was not found yyzsbackpack.forge.mixins.json:compat.wfha.SimpleTableMenuMixin
[19Sep2025 23:07:29.479] [main/INFO] [MixinExtras|Service/]: Initializing MixinExtras via com.llamalad7.mixinextras.service.MixinExtrasServiceImpl(version=0.4.1).
[19Sep2025 23:07:32.968] [main/WARN] [mixin/]: @Final field f_31427_:[I in mixins.epicfight.json:common.MixinWitherBoss should be final
[19Sep2025 23:07:32.968] [main/WARN] [mixin/]: @Final field f_31428_:[I in mixins.epicfight.json:common.MixinWitherBoss should be final
[19Sep2025 23:07:34.744] [main/WARN] [net.minecraft.network.syncher.SynchedEntityData/]: defineId called for: class net.minecraft.world.entity.LivingEntity from class yesman.epicfight.world.capabilities.entitypatch.LivingEntityPatch
[19Sep2025 23:07:34.745] [main/WARN] [net.minecraft.network.syncher.SynchedEntityData/]: defineId called for: class net.minecraft.world.entity.LivingEntity from class yesman.epicfight.world.capabilities.entitypatch.LivingEntityPatch
[19Sep2025 23:07:34.745] [main/WARN] [net.minecraft.network.syncher.SynchedEntityData/]: defineId called for: class net.minecraft.world.entity.LivingEntity from class yesman.epicfight.world.capabilities.entitypatch.LivingEntityPatch
[19Sep2025 23:07:34.745] [main/WARN] [net.minecraft.network.syncher.SynchedEntityData/]: defineId called for: class net.minecraft.world.entity.LivingEntity from class yesman.epicfight.world.capabilities.entitypatch.LivingEntityPatch
[19Sep2025 23:07:36.256] [modloading-worker-0/INFO] [dynamiclights/]: [Dynamic Lights] Registering server started event ...
[19Sep2025 23:07:36.319] [modloading-worker-0/INFO] [com.jtorleonstudios.libraryferret.LibraryFerret/]: Initialize mod Library Ferret
[19Sep2025 23:07:36.340] [modloading-worker-0/INFO] [com.jtorleonstudios.libraryferret.LibraryFerret/]: Initialized mod Library Ferret
[19Sep2025 23:07:36.824] [modloading-worker-0/INFO] [net.minecraftforge.common.ForgeMod/FORGEMOD]: Forge mod loading, version 47.4.0, for MC 1.20.1 with MCP 20230612.114412
[19Sep2025 23:07:36.824] [modloading-worker-0/INFO] [net.minecraftforge.common.MinecraftForge/FORGE]: MinecraftForge v47.4.0 Initialized
[19Sep2025 23:07:36.989] [modloading-worker-0/INFO] [unionlib/]: Watching directory: /workspaces/HytoCraft/servidor_minecraft/config
[19Sep2025 23:07:36.991] [modloading-worker-0/INFO] [unionlib/]: Watching file: unionlib-client.toml
[19Sep2025 23:07:36.991] [modloading-worker-0/INFO] [unionlib/]: Watching directory: /workspaces/HytoCraft/servidor_minecraft/config
[19Sep2025 23:07:36.991] [modloading-worker-0/INFO] [unionlib/]: Watching file: antiqueatlas-common.toml
[19Sep2025 23:07:36.991] [modloading-worker-0/INFO] [unionlib/]: Watching file: unionlib-common.toml
[19Sep2025 23:07:36.993] [modloading-worker-0/INFO] [unionlib/]: Watching file: unionlib-server.toml
[19Sep2025 23:07:37.033] [modloading-worker-0/INFO] [unionlib/]: Starting up: unionlib
[19Sep2025 23:07:37.070] [modloading-worker-0/INFO] [UnionLib Registry/]: Found 5 registry classes in unionlib
[19Sep2025 23:07:37.070] [modloading-worker-0/INFO] [UnionLib Registry/]: Registering minecraft:attributes in com.stereowalker.unionlib.core.registries.ClassNRegistry@4c1a1a8b
[19Sep2025 23:07:37.078] [modloading-worker-0/INFO] [UnionLib Registry/]: Registering minecraft:items in com.stereowalker.unionlib.core.registries.ClassNRegistry@5794044a
[19Sep2025 23:07:37.086] [modloading-worker-0/INFO] [UnionLib Registry/]: Registering minecraft:menus in com.stereowalker.unionlib.core.registries.ClassNRegistry@147c1dc3
[19Sep2025 23:07:37.087] [modloading-worker-0/INFO] [UnionLib Registry/]: Registering minecraft:recipe_serializers in com.stereowalker.unionlib.core.registries.ClassNRegistry@7b3f254b
[19Sep2025 23:07:37.094] [modloading-worker-0/INFO] [UnionLib Registry/]: Registering minecraft:attributes in com.stereowalker.unionlib.core.registries.ClassNRegistry@367dcd5f
[19Sep2025 23:07:37.103] [modloading-worker-0/INFO] [UnionLib Registry/]: Found 2 registry classes in antiqueatlas
[19Sep2025 23:07:37.104] [modloading-worker-0/INFO] [UnionLib Registry/]: Registering minecraft:items in com.stereowalker.unionlib.core.registries.ClassNRegistry@26c1cfc0
[19Sep2025 23:07:37.109] [modloading-worker-0/INFO] [UnionLib Registry/]: Registering minecraft:recipe_serializers in com.stereowalker.unionlib.core.registries.ClassNRegistry@1bb50478
[19Sep2025 23:07:37.112] [modloading-worker-0/INFO] [unionlib/]: Starting up: antiqueatlas
[19Sep2025 23:07:38.196] [modloading-worker-0/INFO] [epicfight/]: Loaded mod compat: GeckolibCompat
[19Sep2025 23:07:38.197] [modloading-worker-0/INFO] [epicfight/]: Loaded mod compat: CuriosCompat
[19Sep2025 23:07:38.197] [modloading-worker-0/INFO] [epicfight/]: Loaded mod compat: PlayerAnimatorCompat
[19Sep2025 23:07:38.416] [main/WARN] [net.minecraftforge.registries.ForgeRegistry/REGISTRIES]: Registry minecraft:sound_event: The object net.minecraft.sounds.SoundEvent@3b5d1662 has been registered twice for the same name treechop:chop_wood.
[19Sep2025 23:07:39.931] [main/INFO] [Moonlight/]: Initialized block sets in 13ms
[19Sep2025 23:07:40.444] [main/WARN] [net.minecraft.network.syncher.SynchedEntityData/]: defineId called for: class net.minecraft.world.entity.player.Player from class yesman.epicfight.world.capabilities.entitypatch.player.PlayerPatch
[19Sep2025 23:07:40.479] [main/WARN] [net.minecraft.network.syncher.SynchedEntityData/]: defineId called for: class net.miauczel.legendary_monsters.entity.AnimatedMonster.Mobs.Shulker_MimicEntity from class net.miauczel.legendary_monsters.entity.AnimatedMonster.Old.OldShulkerMimic
[19Sep2025 23:07:40.480] [main/WARN] [net.minecraft.network.syncher.SynchedEntityData/]: defineId called for: class net.miauczel.legendary_monsters.entity.AnimatedMonster.IAnimatedBoss.CloudGolem.Cloud_GolemEntity from class net.miauczel.legendary_monsters.entity.AnimatedMonster.OriginClasses.IAnimatedBoss
[19Sep2025 23:07:40.480] [main/WARN] [net.minecraft.network.syncher.SynchedEntityData/]: defineId called for: class net.miauczel.legendary_monsters.entity.AnimatedMonster.IAnimatedBoss.CloudGolem.Cloud_GolemEntity from class net.miauczel.legendary_monsters.entity.AnimatedMonster.OriginClasses.IAnimatedBoss
[19Sep2025 23:07:40.480] [main/WARN] [net.minecraft.network.syncher.SynchedEntityData/]: defineId called for: class net.miauczel.legendary_monsters.entity.AnimatedMonster.IAnimatedBoss.CloudGolem.Cloud_GolemEntity from class net.miauczel.legendary_monsters.entity.AnimatedMonster.OriginClasses.IAnimatedBoss
[19Sep2025 23:07:40.504] [main/WARN] [net.minecraft.network.syncher.SynchedEntityData/]: defineId called for: class net.minecraft.world.entity.boss.wither.WitherBoss from class yesman.epicfight.world.capabilities.entitypatch.boss.WitherPatch
[19Sep2025 23:07:40.505] [main/WARN] [net.minecraft.network.syncher.SynchedEntityData/]: defineId called for: class net.minecraft.world.entity.boss.wither.WitherBoss from class yesman.epicfight.world.capabilities.entitypatch.boss.WitherPatch
[19Sep2025 23:07:40.505] [main/WARN] [net.minecraft.network.syncher.SynchedEntityData/]: defineId called for: class net.minecraft.world.entity.boss.wither.WitherBoss from class yesman.epicfight.world.capabilities.entitypatch.boss.WitherPatch
[19Sep2025 23:07:40.505] [main/WARN] [net.minecraft.network.syncher.SynchedEntityData/]: defineId called for: class net.minecraft.world.entity.boss.wither.WitherBoss from class yesman.epicfight.world.capabilities.entitypatch.boss.WitherPatch
[19Sep2025 23:07:40.505] [main/WARN] [net.minecraft.network.syncher.SynchedEntityData/]: defineId called for: class net.minecraft.world.entity.boss.wither.WitherBoss from class yesman.epicfight.world.capabilities.entitypatch.boss.WitherPatch
[19Sep2025 23:07:40.505] [main/WARN] [net.minecraft.network.syncher.SynchedEntityData/]: defineId called for: class net.minecraft.world.entity.boss.wither.WitherBoss from class yesman.epicfight.world.capabilities.entitypatch.boss.WitherPatch
[19Sep2025 23:07:40.506] [main/WARN] [net.minecraft.network.syncher.SynchedEntityData/]: defineId called for: class net.minecraft.world.entity.boss.wither.WitherBoss from class yesman.epicfight.world.capabilities.entitypatch.boss.WitherPatch
[19Sep2025 23:07:40.506] [main/WARN] [net.minecraft.network.syncher.SynchedEntityData/]: defineId called for: class net.minecraft.world.entity.boss.wither.WitherBoss from class yesman.epicfight.world.capabilities.entitypatch.boss.WitherPatch
[19Sep2025 23:07:40.506] [main/WARN] [net.minecraft.network.syncher.SynchedEntityData/]: defineId called for: class net.minecraft.world.entity.boss.wither.WitherBoss from class yesman.epicfight.world.capabilities.entitypatch.boss.WitherPatch
[19Sep2025 23:07:40.555] [main/WARN] [net.minecraftforge.common.ForgeConfigSpec/CORE]: Configuration file /workspaces/HytoCraft/servidor_minecraft/config/knightlib.toml is not correct. Correcting
[19Sep2025 23:07:40.560] [main/WARN] [net.minecraftforge.common.ForgeConfigSpec/CORE]: Configuration file /workspaces/HytoCraft/servidor_minecraft/config/companions.toml is not correct. Correcting
[19Sep2025 23:07:40.573] [main/WARN] [net.minecraftforge.common.ForgeConfigSpec/CORE]: Configuration file /workspaces/HytoCraft/servidor_minecraft/config/curios-common.toml is not correct. Correcting
[19Sep2025 23:07:40.574] [main/WARN] [net.minecraftforge.common.ForgeConfigSpec/CORE]: Incorrect key slots was corrected from null to its default, []. 
[19Sep2025 23:07:40.583] [main/WARN] [net.minecraftforge.common.ForgeConfigSpec/CORE]: Configuration file /workspaces/HytoCraft/servidor_minecraft/config/resurrection-common.toml is not correct. Correcting
[19Sep2025 23:07:40.583] [main/WARN] [net.minecraftforge.common.ForgeConfigSpec/CORE]: Incorrect key Resurrection config was corrected from null to its default, SimpleCommentedConfig:{}. 
[19Sep2025 23:07:40.584] [main/WARN] [net.minecraftforge.common.ForgeConfigSpec/CORE]: Incorrect key Resurrection config.enable_dodge_sound was corrected from null to its default, false. 
[19Sep2025 23:07:40.584] [main/WARN] [net.minecraftforge.common.ForgeConfigSpec/CORE]: Incorrect key Resurrection config.enable_dodgesuccess_sound was corrected from null to its default, true. 
[19Sep2025 23:07:40.584] [main/WARN] [net.minecraftforge.common.ForgeConfigSpec/CORE]: Incorrect key Resurrection config.slow_time was corrected from null to its default, false. 
[19Sep2025 23:07:40.584] [main/WARN] [net.minecraftforge.common.ForgeConfigSpec/CORE]: Incorrect key Resurrection config.enable_execute_skill was corrected from null to its default, true. 
[19Sep2025 23:07:40.584] [main/WARN] [net.minecraftforge.common.ForgeConfigSpec/CORE]: Incorrect key Resurrection config.enable_parry_impact_animation was corrected from null to its default, false. 
[19Sep2025 23:07:40.592] [modloading-worker-0/INFO] [dynamiclights/]: [Dynamic Lights] Loaded Dynamic Lights by Tschipcraft successfully!
[19Sep2025 23:07:40.644] [modloading-worker-0/INFO] [voicechat/]: [voicechat] Compatibility version 20
[19Sep2025 23:07:40.803] [modloading-worker-0/INFO] [voicechat/]: [voicechat] Loading plugins
[19Sep2025 23:07:40.811] [modloading-worker-0/INFO] [voicechat/]: [voicechat] Loaded 0 plugin(s)
[19Sep2025 23:07:40.811] [modloading-worker-0/INFO] [voicechat/]: [voicechat] Initializing plugins
[19Sep2025 23:07:40.812] [modloading-worker-0/INFO] [voicechat/]: [voicechat] Initialized 0 plugin(s)
[19Sep2025 23:07:40.978] [main/INFO] [Moonlight/]: Initialized color sets in 44ms
[19Sep2025 23:07:40.992] [Forge Version Check/INFO] [net.minecraftforge.fml.VersionChecker/]: [dynamiclights] Starting version check at https://api.modrinth.com/updates/7YjclEGc/forge_updates.json?forge=only
[19Sep2025 23:07:41.498] [Forge Version Check/INFO] [net.minecraftforge.fml.VersionChecker/]: [dynamiclights] Found status: UP_TO_DATE Current: 1.8.9+mod Target: null
[19Sep2025 23:07:41.499] [Forge Version Check/INFO] [net.minecraftforge.fml.VersionChecker/]: [forge] Starting version check at https://files.minecraftforge.net/net/minecraftforge/forge/promotions_slim.json
[19Sep2025 23:07:41.693] [Forge Version Check/INFO] [net.minecraftforge.fml.VersionChecker/]: [forge] Found status: UP_TO_DATE Current: 47.4.0 Target: null
[19Sep2025 23:07:41.693] [Forge Version Check/INFO] [net.minecraftforge.fml.VersionChecker/]: [unionlib] Starting version check at https://raw.githubusercontent.com/Stereowalker/My-Home-Page/main/update_files/unionlib.json
[19Sep2025 23:07:41.742] [Forge Version Check/INFO] [net.minecraftforge.fml.VersionChecker/]: [unionlib] Found status: BETA Current: 12.0.18 Target: null
[19Sep2025 23:07:41.743] [Forge Version Check/INFO] [net.minecraftforge.fml.VersionChecker/]: [unionlib_potionfluid] Starting version check at https://raw.githubusercontent.com/Stereowalker/My-Home-Page/main/update_files/unionlib-potions-fluids.json
[19Sep2025 23:07:41.756] [Forge Version Check/INFO] [net.minecraftforge.fml.VersionChecker/]: [unionlib_potionfluid] Found status: BETA Current: 1.0.0 Target: null
[19Sep2025 23:07:41.756] [Forge Version Check/INFO] [net.minecraftforge.fml.VersionChecker/]: [voicechat] Starting version check at https://update.maxhenkel.de/forge/voicechat
[19Sep2025 23:07:42.431] [Forge Version Check/INFO] [net.minecraftforge.fml.VersionChecker/]: [voicechat] Found status: OUTDATED Current: 1.20.1-2.6.3 Target: 1.20.1-2.6.4
[19Sep2025 23:07:42.432] [Forge Version Check/INFO] [net.minecraftforge.fml.VersionChecker/]: [mr_dungeons_andtaverns] Starting version check at https://api.modrinth.com/updates/tpehi7ww/forge_updates.json
[19Sep2025 23:07:42.542] [Forge Version Check/INFO] [net.minecraftforge.fml.VersionChecker/]: [mr_dungeons_andtaverns] Found status: OUTDATED Current: 3.0.3.f Target: 3.0.3.f+mod
[19Sep2025 23:07:42.542] [Forge Version Check/INFO] [net.minecraftforge.fml.VersionChecker/]: [canary] Starting version check at https://github.com/AbdElAziz333/Canary/raw/mc1.19.2/dev/updates.json
[19Sep2025 23:07:42.837] [Forge Version Check/INFO] [net.minecraftforge.fml.VersionChecker/]: [canary] Found status: UP_TO_DATE Current: 0.3.3 Target: null
[19Sep2025 23:07:46.326] [main/INFO] [epicfight/]: Data keys [cdmoveset:target_id] for cdmoveset:ex_yamato_step
[19Sep2025 23:07:46.327] [main/INFO] [epicfight/]: Data keys [cdmoveset:wolf_passive, cdmoveset:timer, cdmoveset:damage] for cdmoveset:bloodwolf
[19Sep2025 23:07:46.327] [main/INFO] [epicfight/]: Data keys [cdmoveset:yamato_power3_active, cdmoveset:counter_success, cdmoveset:yamato_attack, cdmoveset:damages, cdmoveset:yamato_attack_active] for cdmoveset:yamatoskill
[19Sep2025 23:07:46.327] [main/INFO] [epicfight/]: Data keys [cdmoveset:rush_combo] for cdmoveset:blade_rush
[19Sep2025 23:07:46.327] [main/INFO] [epicfight/]: Data keys [cdmoveset:yamato_power3_active] for cdmoveset:yamato_passive
[19Sep2025 23:07:46.327] [main/INFO] [epicfight/]: Data keys [cdmoveset:dodge_played, cdmoveset:direction, cdmoveset:count, cdmoveset:reset_timer] for cdmoveset:wolf_dodge
[19Sep2025 23:07:46.327] [main/INFO] [epicfight/]: Data keys [epicfight:basic_attack_active, epicfight:combo_counter] for epicfight:basic_attack
[19Sep2025 23:07:46.328] [main/INFO] [epicfight/]: Data keys [epicfight:penalty, epicfight:penalty_restore_counter] for epicfight:guard
[19Sep2025 23:07:46.328] [main/INFO] [epicfight/]: Data keys [epicfight:penalty, epicfight:penalty_restore_counter, epicfight:parry_motion_counter, epicfight:last_active] for epicfight:parrying
[19Sep2025 23:07:46.328] [main/INFO] [epicfight/]: Data keys [epicfight:penalty, epicfight:penalty_restore_counter] for epicfight:impact_guard
[19Sep2025 23:07:46.328] [main/INFO] [epicfight/]: Data keys [epicfight:tick_record, epicfight:resisting_damage_type, epicfight:stacks] for epicfight:adaptive_skin
[19Sep2025 23:07:46.328] [main/INFO] [epicfight/]: Data keys [epicfight:tick_record] for epicfight:adrenaline_fiend
[19Sep2025 23:07:46.328] [main/INFO] [epicfight/]: Data keys [epicfight:entity_id, epicfight:stacks] for epicfight:bonebreaker
[19Sep2025 23:07:46.328] [main/INFO] [epicfight/]: Data keys [epicfight:tick_record, epicfight:entity_id] for epicfight:vengeance
[19Sep2025 23:07:46.328] [main/INFO] [epicfight/]: Data keys [epicfight:slam_protect_next_fall, epicfight:fall_distance] for epicfight:meteor_slam
[19Sep2025 23:07:46.329] [main/INFO] [epicfight/]: Data keys [epicfight:stacks] for epicfight:revelation
[19Sep2025 23:07:46.329] [main/INFO] [epicfight/]: Data keys [epicfight:slam_protect_next_fall] for epicfight:demolition_leap
[19Sep2025 23:07:46.329] [main/INFO] [epicfight/]: Data keys [epicfight:slam_protect_next_fall, epicfight:jump_count, epicfight:jump_key_pressed_last_tick] for epicfight:phantom_ascent
[19Sep2025 23:07:46.329] [main/INFO] [epicfight/]: Data keys [cdmoveset:rush_end, epicfight:last_hit_count] for epicfight:grasping_spire
[19Sep2025 23:07:46.329] [main/INFO] [epicfight/]: Data keys [epicfight:sheath] for epicfight:battojutsu_passive
[19Sep2025 23:07:46.329] [main/INFO] [epicfight/]: Data keys [epicfight:sheath] for epicfight:battojutsu
[19Sep2025 23:07:46.329] [main/INFO] [epicfight/]: Data keys [epicfight:combo_counter] for epicfight:blade_rush
[19Sep2025 23:07:46.329] [main/INFO] [epicfight/]: Data keys [epicfight:thrown_trident_entity_id] for epicfight:everlasting_allegiance
[19Sep2025 23:07:46.356] [main/INFO] [com.mojang.authlib.yggdrasil.YggdrasilAuthenticationService/]: Environment: authHost='https://authserver.mojang.com', accountsHost='https://api.mojang.com', sessionHost='https://sessionserver.mojang.com', servicesHost='https://api.minecraftservices.com', name='PROD'
[19Sep2025 23:07:46.563] [main/WARN] [net.minecraftforge.registries.ForgeRegistry/REGISTRIES]: Registry minecraft:item: Object did not get ID it asked for. Name: cdmoveset:katana Expected: 3457 Got: 3553
[19Sep2025 23:07:46.563] [main/WARN] [net.minecraftforge.registries.ForgeRegistry/REGISTRIES]: Registry minecraft:item: Object did not get ID it asked for. Name: cdmoveset:katana_sheath Expected: 3458 Got: 3554
[19Sep2025 23:07:46.564] [main/WARN] [net.minecraftforge.registries.ForgeRegistry/REGISTRIES]: Registry minecraft:item: Object did not get ID it asked for. Name: cdmoveset:yamato Expected: 3459 Got: 3555
[19Sep2025 23:07:46.564] [main/WARN] [net.minecraftforge.registries.ForgeRegistry/REGISTRIES]: Registry minecraft:item: Object did not get ID it asked for. Name: cdmoveset:yamato_blade Expected: 3460 Got: 3556
[19Sep2025 23:07:46.564] [main/WARN] [net.minecraftforge.registries.ForgeRegistry/REGISTRIES]: Registry minecraft:item: Object did not get ID it asked for. Name: cdmoveset:a_yamato Expected: 3461 Got: 3557
[19Sep2025 23:07:46.564] [main/WARN] [net.minecraftforge.registries.ForgeRegistry/REGISTRIES]: Registry minecraft:item: Object did not get ID it asked for. Name: cdmoveset:a_yamato_in_sheath Expected: 3462 Got: 3558
[19Sep2025 23:07:46.564] [main/WARN] [net.minecraftforge.registries.ForgeRegistry/REGISTRIES]: Registry minecraft:item: Object did not get ID it asked for. Name: cdmoveset:a_yamato_sheath Expected: 3463 Got: 3559
[19Sep2025 23:07:46.564] [main/WARN] [net.minecraftforge.registries.ForgeRegistry/REGISTRIES]: Registry minecraft:item: Object did not get ID it asked for. Name: cdmoveset:s_wooden_spear Expected: 3464 Got: 3560
[19Sep2025 23:07:46.564] [main/WARN] [net.minecraftforge.registries.ForgeRegistry/REGISTRIES]: Registry minecraft:item: Object did not get ID it asked for. Name: cdmoveset:s_stone_spear Expected: 3465 Got: 3561
[19Sep2025 23:07:46.564] [main/WARN] [net.minecraftforge.registries.ForgeRegistry/REGISTRIES]: Registry minecraft:item: Object did not get ID it asked for. Name: cdmoveset:s_iron_spear Expected: 3466 Got: 3562
[19Sep2025 23:07:46.564] [main/WARN] [net.minecraftforge.registries.ForgeRegistry/REGISTRIES]: Registry minecraft:item: Object did not get ID it asked for. Name: cdmoveset:s_golden_spear Expected: 3467 Got: 3563
[19Sep2025 23:07:46.565] [main/WARN] [net.minecraftforge.registries.ForgeRegistry/REGISTRIES]: Registry minecraft:item: Object did not get ID it asked for. Name: cdmoveset:s_diamond_spear Expected: 3468 Got: 3564
[19Sep2025 23:07:46.565] [main/WARN] [net.minecraftforge.registries.ForgeRegistry/REGISTRIES]: Registry minecraft:item: Object did not get ID it asked for. Name: cdmoveset:s_netherite_spear Expected: 3469 Got: 3565
[19Sep2025 23:07:46.565] [main/WARN] [net.minecraftforge.registries.ForgeRegistry/REGISTRIES]: Registry minecraft:item: Object did not get ID it asked for. Name: cdmoveset:s_wooden_tachi Expected: 3470 Got: 3566
[19Sep2025 23:07:46.565] [main/WARN] [net.minecraftforge.registries.ForgeRegistry/REGISTRIES]: Registry minecraft:item: Object did not get ID it asked for. Name: cdmoveset:s_stone_tachi Expected: 3471 Got: 3567
[19Sep2025 23:07:46.565] [main/WARN] [net.minecraftforge.registries.ForgeRegistry/REGISTRIES]: Registry minecraft:item: Object did not get ID it asked for. Name: cdmoveset:s_iron_tachi Expected: 3472 Got: 3568
[19Sep2025 23:07:46.565] [main/WARN] [net.minecraftforge.registries.ForgeRegistry/REGISTRIES]: Registry minecraft:item: Object did not get ID it asked for. Name: cdmoveset:s_golden_tachi Expected: 3473 Got: 3569
[19Sep2025 23:07:46.566] [main/WARN] [net.minecraftforge.registries.ForgeRegistry/REGISTRIES]: Registry minecraft:item: Object did not get ID it asked for. Name: cdmoveset:s_diamond_tachi Expected: 3474 Got: 3570
[19Sep2025 23:07:46.566] [main/WARN] [net.minecraftforge.registries.ForgeRegistry/REGISTRIES]: Registry minecraft:item: Object did not get ID it asked for. Name: cdmoveset:s_netherite_tachi Expected: 3475 Got: 3571
[19Sep2025 23:07:46.566] [main/WARN] [net.minecraftforge.registries.ForgeRegistry/REGISTRIES]: Registry minecraft:item: Object did not get ID it asked for. Name: cdmoveset:s_wooden_sword Expected: 3476 Got: 3572
[19Sep2025 23:07:46.566] [main/WARN] [net.minecraftforge.registries.ForgeRegistry/REGISTRIES]: Registry minecraft:item: Object did not get ID it asked for. Name: cdmoveset:s_stone_sword Expected: 3477 Got: 3573
[19Sep2025 23:07:46.566] [main/WARN] [net.minecraftforge.registries.ForgeRegistry/REGISTRIES]: Registry minecraft:item: Object did not get ID it asked for. Name: cdmoveset:s_iron_sword Expected: 3478 Got: 3574
[19Sep2025 23:07:46.566] [main/WARN] [net.minecraftforge.registries.ForgeRegistry/REGISTRIES]: Registry minecraft:item: Object did not get ID it asked for. Name: cdmoveset:s_golden_sword Expected: 3479 Got: 3575
[19Sep2025 23:07:46.566] [main/WARN] [net.minecraftforge.registries.ForgeRegistry/REGISTRIES]: Registry minecraft:item: Object did not get ID it asked for. Name: cdmoveset:s_diamond_sword Expected: 3480 Got: 3576
[19Sep2025 23:07:46.567] [main/WARN] [net.minecraftforge.registries.ForgeRegistry/REGISTRIES]: Registry minecraft:item: Object did not get ID it asked for. Name: cdmoveset:s_netherite_sword Expected: 3481 Got: 3577
[19Sep2025 23:07:46.567] [main/WARN] [net.minecraftforge.registries.ForgeRegistry/REGISTRIES]: Registry minecraft:item: Object did not get ID it asked for. Name: cdmoveset:s_wooden_longsword Expected: 3482 Got: 3578
[19Sep2025 23:07:46.567] [main/WARN] [net.minecraftforge.registries.ForgeRegistry/REGISTRIES]: Registry minecraft:item: Object did not get ID it asked for. Name: cdmoveset:s_stone_longsword Expected: 3483 Got: 3579
[19Sep2025 23:07:46.567] [main/WARN] [net.minecraftforge.registries.ForgeRegistry/REGISTRIES]: Registry minecraft:item: Object did not get ID it asked for. Name: cdmoveset:s_iron_longsword Expected: 3484 Got: 3580
[19Sep2025 23:07:46.567] [main/WARN] [net.minecraftforge.registries.ForgeRegistry/REGISTRIES]: Registry minecraft:item: Object did not get ID it asked for. Name: cdmoveset:s_golden_longsword Expected: 3485 Got: 3581
[19Sep2025 23:07:46.567] [main/WARN] [net.minecraftforge.registries.ForgeRegistry/REGISTRIES]: Registry minecraft:item: Object did not get ID it asked for. Name: cdmoveset:s_diamond_longsword Expected: 3486 Got: 3582
[19Sep2025 23:07:46.567] [main/WARN] [net.minecraftforge.registries.ForgeRegistry/REGISTRIES]: Registry minecraft:item: Object did not get ID it asked for. Name: cdmoveset:s_netherite_longsword Expected: 3487 Got: 3583
[19Sep2025 23:07:46.567] [main/WARN] [net.minecraftforge.registries.ForgeRegistry/REGISTRIES]: Registry minecraft:item: Object did not get ID it asked for. Name: cdmoveset:s_wooden_greatsword Expected: 3488 Got: 3584
[19Sep2025 23:07:46.568] [main/WARN] [net.minecraftforge.registries.ForgeRegistry/REGISTRIES]: Registry minecraft:item: Object did not get ID it asked for. Name: cdmoveset:s_stone_greatsword Expected: 3489 Got: 3585
[19Sep2025 23:07:46.568] [main/WARN] [net.minecraftforge.registries.ForgeRegistry/REGISTRIES]: Registry minecraft:item: Object did not get ID it asked for. Name: cdmoveset:s_iron_greatsword Expected: 3490 Got: 3586
[19Sep2025 23:07:46.568] [main/WARN] [net.minecraftforge.registries.ForgeRegistry/REGISTRIES]: Registry minecraft:item: Object did not get ID it asked for. Name: cdmoveset:s_golden_greatsword Expected: 3491 Got: 3587
[19Sep2025 23:07:46.568] [main/WARN] [net.minecraftforge.registries.ForgeRegistry/REGISTRIES]: Registry minecraft:item: Object did not get ID it asked for. Name: cdmoveset:s_diamond_greatsword Expected: 3492 Got: 3588
[19Sep2025 23:07:46.568] [main/WARN] [net.minecraftforge.registries.ForgeRegistry/REGISTRIES]: Registry minecraft:item: Object did not get ID it asked for. Name: cdmoveset:s_netherite_greatsword Expected: 3493 Got: 3589
[19Sep2025 23:07:46.568] [main/WARN] [net.minecraftforge.registries.ForgeRegistry/REGISTRIES]: Registry minecraft:item: Object did not get ID it asked for. Name: cdmoveset:s_iron_dagger Expected: 3494 Got: 3590
[19Sep2025 23:07:46.568] [main/WARN] [net.minecraftforge.registries.ForgeRegistry/REGISTRIES]: Registry minecraft:item: Object did not get ID it asked for. Name: cdmoveset:s_diamond_dagger Expected: 3495 Got: 3591
[19Sep2025 23:07:46.568] [main/WARN] [net.minecraftforge.registries.ForgeRegistry/REGISTRIES]: Registry minecraft:item: Object did not get ID it asked for. Name: cdmoveset:s_netherite_dagger Expected: 3496 Got: 3592
[19Sep2025 23:07:46.568] [main/WARN] [net.minecraftforge.registries.ForgeRegistry/REGISTRIES]: Registry minecraft:item: Object did not get ID it asked for. Name: cdmoveset:great_tachi Expected: 3497 Got: 3593
[19Sep2025 23:07:46.568] [main/WARN] [net.minecraftforge.registries.ForgeRegistry/REGISTRIES]: Registry minecraft:item: Object did not get ID it asked for. Name: cdmoveset:phantom_katana Expected: 3498 Got: 3594
[19Sep2025 23:07:46.569] [main/WARN] [net.minecraftforge.registries.ForgeRegistry/REGISTRIES]: Registry minecraft:item: Object did not get ID it asked for. Name: cdmoveset:phantom_katana_sheath Expected: 3499 Got: 3595
[19Sep2025 23:07:46.569] [main/WARN] [net.minecraftforge.registries.ForgeRegistry/REGISTRIES]: Registry minecraft:sound_event: Object did not get ID it asked for. Name: cdmoveset:sfx.yamato_step Expected: 2001 Got: 2042
[19Sep2025 23:07:46.569] [main/WARN] [net.minecraftforge.registries.ForgeRegistry/REGISTRIES]: Registry minecraft:sound_event: Object did not get ID it asked for. Name: cdmoveset:yamato.yamato_in Expected: 2002 Got: 2043
[19Sep2025 23:07:46.570] [main/WARN] [net.minecraftforge.registries.ForgeRegistry/REGISTRIES]: Registry minecraft:sound_event: Object did not get ID it asked for. Name: cdmoveset:yamato.cut1 Expected: 2003 Got: 2044
[19Sep2025 23:07:46.570] [main/WARN] [net.minecraftforge.registries.ForgeRegistry/REGISTRIES]: Registry minecraft:sound_event: Object did not get ID it asked for. Name: cdmoveset:yamato.cut2 Expected: 2004 Got: 2045
[19Sep2025 23:07:46.570] [main/WARN] [net.minecraftforge.registries.ForgeRegistry/REGISTRIES]: Registry minecraft:sound_event: Object did not get ID it asked for. Name: cdmoveset:sfx.power Expected: 2005 Got: 2046
[19Sep2025 23:07:46.570] [main/WARN] [net.minecraftforge.registries.ForgeRegistry/REGISTRIES]: Registry minecraft:sound_event: Object did not get ID it asked for. Name: cdmoveset:sfx.foresight Expected: 2006 Got: 2047
[19Sep2025 23:07:46.570] [main/WARN] [net.minecraftforge.registries.ForgeRegistry/REGISTRIES]: Registry minecraft:sound_event: Object did not get ID it asked for. Name: cdmoveset:sfx.execute Expected: 2007 Got: 2048
[19Sep2025 23:07:46.570] [main/WARN] [net.minecraftforge.registries.ForgeRegistry/REGISTRIES]: Registry minecraft:sound_event: Object did not get ID it asked for. Name: cdmoveset:sfx.damage Expected: 2008 Got: 2049
[19Sep2025 23:07:46.571] [main/WARN] [net.minecraftforge.registries.ForgeRegistry/REGISTRIES]: Registry minecraft:sound_event: Object did not get ID it asked for. Name: cdmoveset:sfx.dodge Expected: 2009 Got: 2050
[19Sep2025 23:07:46.571] [main/WARN] [net.minecraftforge.registries.ForgeRegistry/REGISTRIES]: Registry minecraft:sound_event: Object did not get ID it asked for. Name: cdmoveset:sfx.skills Expected: 2010 Got: 2051
[19Sep2025 23:07:46.571] [main/WARN] [net.minecraftforge.registries.ForgeRegistry/REGISTRIES]: Registry minecraft:sound_event: Object did not get ID it asked for. Name: cdmoveset:sfx.hurt Expected: 2011 Got: 2052
[19Sep2025 23:07:46.571] [main/WARN] [net.minecraftforge.registries.ForgeRegistry/REGISTRIES]: Registry minecraft:sound_event: Object did not get ID it asked for. Name: cdmoveset:sfx.step Expected: 2012 Got: 2053
[19Sep2025 23:07:46.571] [main/WARN] [net.minecraftforge.registries.ForgeRegistry/REGISTRIES]: Registry minecraft:sound_event: Object did not get ID it asked for. Name: cdmoveset:sfx.fatalflash Expected: 2013 Got: 2054
[19Sep2025 23:07:46.571] [main/WARN] [net.minecraftforge.registries.ForgeRegistry/REGISTRIES]: Registry minecraft:sound_event: Object did not get ID it asked for. Name: cdmoveset:sfx.guard Expected: 2014 Got: 2055
[19Sep2025 23:07:46.571] [main/WARN] [net.minecraftforge.registries.ForgeRegistry/REGISTRIES]: Registry minecraft:sound_event: Object did not get ID it asked for. Name: cdmoveset:sfx.impact Expected: 2015 Got: 2056
[19Sep2025 23:07:46.572] [main/WARN] [net.minecraftforge.registries.ForgeRegistry/REGISTRIES]: Registry minecraft:sound_event: Object did not get ID it asked for. Name: cdmoveset:sfx.seethrough Expected: 2016 Got: 2057
[19Sep2025 23:07:46.572] [main/WARN] [net.minecraftforge.registries.ForgeRegistry/REGISTRIES]: Registry minecraft:entity_type: Object did not get ID it asked for. Name: cdmoveset:corrupt_dog Expected: 355 Got: 376
[19Sep2025 23:07:46.578] [main/WARN] [net.minecraftforge.registries.ForgeRegistry/REGISTRIES]: Registry epicfight:skill: Object did not get ID it asked for. Name: cdmoveset:yamato_step Expected: 0 Got: 43
[19Sep2025 23:07:46.578] [main/WARN] [net.minecraftforge.registries.ForgeRegistry/REGISTRIES]: Registry epicfight:skill: Object did not get ID it asked for. Name: cdmoveset:ex_yamato_step Expected: 1 Got: 44
[19Sep2025 23:07:46.578] [main/WARN] [net.minecraftforge.registries.ForgeRegistry/REGISTRIES]: Registry epicfight:skill: Object did not get ID it asked for. Name: cdmoveset:guardparry Expected: 2 Got: 45
[19Sep2025 23:07:46.579] [main/WARN] [net.minecraftforge.registries.ForgeRegistry/REGISTRIES]: Registry epicfight:skill: Object did not get ID it asked for. Name: cdmoveset:bloodwolf Expected: 3 Got: 46
[19Sep2025 23:07:46.579] [main/WARN] [net.minecraftforge.registries.ForgeRegistry/REGISTRIES]: Registry epicfight:skill: Object did not get ID it asked for. Name: cdmoveset:yamatoskill Expected: 4 Got: 47
[19Sep2025 23:07:46.579] [main/WARN] [net.minecraftforge.registries.ForgeRegistry/REGISTRIES]: Registry epicfight:skill: Object did not get ID it asked for. Name: cdmoveset:blade_rush Expected: 5 Got: 48
[19Sep2025 23:07:46.579] [main/WARN] [net.minecraftforge.registries.ForgeRegistry/REGISTRIES]: Registry epicfight:skill: Object did not get ID it asked for. Name: cdmoveset:shiled_slahs Expected: 6 Got: 49
[19Sep2025 23:07:46.579] [main/WARN] [net.minecraftforge.registries.ForgeRegistry/REGISTRIES]: Registry epicfight:skill: Object did not get ID it asked for. Name: cdmoveset:bstep Expected: 7 Got: 50
[19Sep2025 23:07:46.579] [main/WARN] [net.minecraftforge.registries.ForgeRegistry/REGISTRIES]: Registry epicfight:skill: Object did not get ID it asked for. Name: cdmoveset:fatalfalsh Expected: 8 Got: 51
[19Sep2025 23:07:46.579] [main/WARN] [net.minecraftforge.registries.ForgeRegistry/REGISTRIES]: Registry epicfight:skill: Object did not get ID it asked for. Name: cdmoveset:yamato_passive Expected: 9 Got: 52
[19Sep2025 23:07:46.580] [main/WARN] [net.minecraftforge.registries.ForgeRegistry/REGISTRIES]: Registry epicfight:skill: Object did not get ID it asked for. Name: cdmoveset:katanaspskill Expected: 10 Got: 53
[19Sep2025 23:07:46.580] [main/WARN] [net.minecraftforge.registries.ForgeRegistry/REGISTRIES]: Registry epicfight:skill: Object did not get ID it asked for. Name: cdmoveset:greeat_tachiskill Expected: 11 Got: 54
[19Sep2025 23:07:46.580] [main/WARN] [net.minecraftforge.registries.ForgeRegistry/REGISTRIES]: Registry epicfight:skill: Object did not get ID it asked for. Name: cdmoveset:katanaskill Expected: 12 Got: 55
[19Sep2025 23:07:46.580] [main/WARN] [net.minecraftforge.registries.ForgeRegistry/REGISTRIES]: Registry epicfight:skill: Object did not get ID it asked for. Name: cdmoveset:wind_slash Expected: 13 Got: 56
[19Sep2025 23:07:46.580] [main/WARN] [net.minecraftforge.registries.ForgeRegistry/REGISTRIES]: Registry epicfight:skill: Object did not get ID it asked for. Name: cdmoveset:fatal_draw Expected: 14 Got: 57
[19Sep2025 23:07:46.580] [main/WARN] [net.minecraftforge.registries.ForgeRegistry/REGISTRIES]: Registry epicfight:skill: Object did not get ID it asked for. Name: cdmoveset:greatsword_dual_skill Expected: 15 Got: 58
[19Sep2025 23:07:46.580] [main/WARN] [net.minecraftforge.registries.ForgeRegistry/REGISTRIES]: Registry epicfight:skill: Object did not get ID it asked for. Name: cdmoveset:lethalslicing Expected: 16 Got: 59
[19Sep2025 23:07:46.580] [main/WARN] [net.minecraftforge.registries.ForgeRegistry/REGISTRIES]: Registry epicfight:skill: Object did not get ID it asked for. Name: cdmoveset:dual_slash Expected: 17 Got: 60
[19Sep2025 23:07:46.581] [main/WARN] [net.minecraftforge.registries.ForgeRegistry/REGISTRIES]: Registry epicfight:skill: Object did not get ID it asked for. Name: cdmoveset:spearslash Expected: 18 Got: 61
[19Sep2025 23:07:46.581] [main/WARN] [net.minecraftforge.registries.ForgeRegistry/REGISTRIES]: Registry epicfight:skill: Object did not get ID it asked for. Name: cdmoveset:sword_slash Expected: 19 Got: 62
[19Sep2025 23:07:46.581] [main/WARN] [net.minecraftforge.registries.ForgeRegistry/REGISTRIES]: Registry epicfight:skill: Object did not get ID it asked for. Name: cdmoveset:blade_rush_finisher Expected: 20 Got: 63
[19Sep2025 23:07:46.581] [main/WARN] [net.minecraftforge.registries.ForgeRegistry/REGISTRIES]: Registry epicfight:skill: Object did not get ID it asked for. Name: cdmoveset:wolf_dodge Expected: 21 Got: 64
[19Sep2025 23:07:46.581] [main/WARN] [net.minecraftforge.registries.ForgeRegistry/REGISTRIES]: Registry epicfight:skill_data_keys: Object did not get ID it asked for. Name: cdmoveset:count Expected: 0 Got: 17
[19Sep2025 23:07:46.581] [main/WARN] [net.minecraftforge.registries.ForgeRegistry/REGISTRIES]: Registry epicfight:skill_data_keys: Object did not get ID it asked for. Name: cdmoveset:direction Expected: 1 Got: 18
[19Sep2025 23:07:46.581] [main/WARN] [net.minecraftforge.registries.ForgeRegistry/REGISTRIES]: Registry epicfight:skill_data_keys: Object did not get ID it asked for. Name: cdmoveset:reset_timer Expected: 2 Got: 19
[19Sep2025 23:07:46.581] [main/WARN] [net.minecraftforge.registries.ForgeRegistry/REGISTRIES]: Registry epicfight:skill_data_keys: Object did not get ID it asked for. Name: cdmoveset:dodge_played Expected: 3 Got: 20
[19Sep2025 23:07:46.582] [main/WARN] [net.minecraftforge.registries.ForgeRegistry/REGISTRIES]: Registry epicfight:skill_data_keys: Object did not get ID it asked for. Name: cdmoveset:wolf_passive Expected: 4 Got: 21
[19Sep2025 23:07:46.582] [main/WARN] [net.minecraftforge.registries.ForgeRegistry/REGISTRIES]: Registry epicfight:skill_data_keys: Object did not get ID it asked for. Name: cdmoveset:timer Expected: 5 Got: 22
[19Sep2025 23:07:46.582] [main/WARN] [net.minecraftforge.registries.ForgeRegistry/REGISTRIES]: Registry epicfight:skill_data_keys: Object did not get ID it asked for. Name: cdmoveset:damage Expected: 6 Got: 23
[19Sep2025 23:07:46.582] [main/WARN] [net.minecraftforge.registries.ForgeRegistry/REGISTRIES]: Registry epicfight:skill_data_keys: Object did not get ID it asked for. Name: cdmoveset:damages Expected: 7 Got: 24
[19Sep2025 23:07:46.582] [main/WARN] [net.minecraftforge.registries.ForgeRegistry/REGISTRIES]: Registry epicfight:skill_data_keys: Object did not get ID it asked for. Name: cdmoveset:counter_success Expected: 8 Got: 25
[19Sep2025 23:07:46.582] [main/WARN] [net.minecraftforge.registries.ForgeRegistry/REGISTRIES]: Registry epicfight:skill_data_keys: Object did not get ID it asked for. Name: cdmoveset:combo_counter Expected: 9 Got: 26
[19Sep2025 23:07:46.582] [main/WARN] [net.minecraftforge.registries.ForgeRegistry/REGISTRIES]: Registry epicfight:skill_data_keys: Object did not get ID it asked for. Name: cdmoveset:target_id Expected: 10 Got: 27
[19Sep2025 23:07:46.582] [main/WARN] [net.minecraftforge.registries.ForgeRegistry/REGISTRIES]: Registry epicfight:skill_data_keys: Object did not get ID it asked for. Name: cdmoveset:rush_combo Expected: 11 Got: 28
[19Sep2025 23:07:46.582] [main/WARN] [net.minecraftforge.registries.ForgeRegistry/REGISTRIES]: Registry epicfight:skill_data_keys: Object did not get ID it asked for. Name: cdmoveset:rush_end Expected: 12 Got: 29
[19Sep2025 23:07:46.582] [main/WARN] [net.minecraftforge.registries.ForgeRegistry/REGISTRIES]: Registry epicfight:skill_data_keys: Object did not get ID it asked for. Name: cdmoveset:seethrouth Expected: 13 Got: 30
[19Sep2025 23:07:46.583] [main/WARN] [net.minecraftforge.registries.ForgeRegistry/REGISTRIES]: Registry epicfight:skill_data_keys: Object did not get ID it asked for. Name: cdmoveset:dodge Expected: 14 Got: 31
[19Sep2025 23:07:46.583] [main/WARN] [net.minecraftforge.registries.ForgeRegistry/REGISTRIES]: Registry epicfight:skill_data_keys: Object did not get ID it asked for. Name: cdmoveset:yamato_attack_active Expected: 15 Got: 32
[19Sep2025 23:07:46.583] [main/WARN] [net.minecraftforge.registries.ForgeRegistry/REGISTRIES]: Registry epicfight:skill_data_keys: Object did not get ID it asked for. Name: cdmoveset:yamato_attack Expected: 16 Got: 33
[19Sep2025 23:07:46.583] [main/WARN] [net.minecraftforge.registries.ForgeRegistry/REGISTRIES]: Registry epicfight:skill_data_keys: Object did not get ID it asked for. Name: cdmoveset:yamato_power3_active Expected: 17 Got: 34
[19Sep2025 23:07:50.013] [main/INFO] [epicfight/]: Data keys [epicfight:basic_attack_active, epicfight:combo_counter] for epicfight:basic_attack
[19Sep2025 23:07:50.014] [main/INFO] [epicfight/]: Data keys [epicfight:penalty, epicfight:penalty_restore_counter] for epicfight:guard
[19Sep2025 23:07:50.014] [main/INFO] [epicfight/]: Data keys [epicfight:penalty, epicfight:penalty_restore_counter, epicfight:parry_motion_counter, epicfight:last_active] for epicfight:parrying
[19Sep2025 23:07:50.014] [main/INFO] [epicfight/]: Data keys [epicfight:penalty, epicfight:penalty_restore_counter] for epicfight:impact_guard
[19Sep2025 23:07:50.014] [main/INFO] [epicfight/]: Data keys [epicfight:tick_record, epicfight:resisting_damage_type, epicfight:stacks] for epicfight:adaptive_skin
[19Sep2025 23:07:50.014] [main/INFO] [epicfight/]: Data keys [epicfight:tick_record] for epicfight:adrenaline_fiend
[19Sep2025 23:07:50.014] [main/INFO] [epicfight/]: Data keys [epicfight:entity_id, epicfight:stacks] for epicfight:bonebreaker
[19Sep2025 23:07:50.014] [main/INFO] [epicfight/]: Data keys [epicfight:tick_record, epicfight:entity_id] for epicfight:vengeance
[19Sep2025 23:07:50.015] [main/INFO] [epicfight/]: Data keys [epicfight:slam_protect_next_fall, epicfight:fall_distance] for epicfight:meteor_slam
[19Sep2025 23:07:50.015] [main/INFO] [epicfight/]: Data keys [epicfight:stacks] for epicfight:revelation
[19Sep2025 23:07:50.015] [main/INFO] [epicfight/]: Data keys [epicfight:slam_protect_next_fall] for epicfight:demolition_leap
[19Sep2025 23:07:50.015] [main/INFO] [epicfight/]: Data keys [epicfight:slam_protect_next_fall, epicfight:jump_count, epicfight:jump_key_pressed_last_tick] for epicfight:phantom_ascent
[19Sep2025 23:07:50.015] [main/INFO] [epicfight/]: Data keys [cdmoveset:rush_end, epicfight:last_hit_count] for epicfight:grasping_spire
[19Sep2025 23:07:50.015] [main/INFO] [epicfight/]: Data keys [epicfight:sheath] for epicfight:battojutsu_passive
[19Sep2025 23:07:50.015] [main/INFO] [epicfight/]: Data keys [epicfight:sheath] for epicfight:battojutsu
[19Sep2025 23:07:50.016] [main/INFO] [epicfight/]: Data keys [epicfight:combo_counter] for epicfight:blade_rush
[19Sep2025 23:07:50.016] [main/INFO] [epicfight/]: Data keys [epicfight:thrown_trident_entity_id] for epicfight:everlasting_allegiance
[19Sep2025 23:07:50.016] [main/INFO] [epicfight/]: Data keys [cdmoveset:target_id] for cdmoveset:ex_yamato_step
[19Sep2025 23:07:50.016] [main/INFO] [epicfight/]: Data keys [cdmoveset:wolf_passive, cdmoveset:timer, cdmoveset:damage] for cdmoveset:bloodwolf
[19Sep2025 23:07:50.016] [main/INFO] [epicfight/]: Data keys [cdmoveset:yamato_power3_active, cdmoveset:counter_success, cdmoveset:yamato_attack, cdmoveset:damages, cdmoveset:yamato_attack_active] for cdmoveset:yamatoskill
[19Sep2025 23:07:50.016] [main/INFO] [epicfight/]: Data keys [cdmoveset:rush_combo] for cdmoveset:blade_rush
[19Sep2025 23:07:50.016] [main/INFO] [epicfight/]: Data keys [cdmoveset:yamato_power3_active] for cdmoveset:yamato_passive
[19Sep2025 23:07:50.016] [main/INFO] [epicfight/]: Data keys [cdmoveset:dodge_played, cdmoveset:direction, cdmoveset:count, cdmoveset:reset_timer] for cdmoveset:wolf_dodge
[19Sep2025 23:07:50.089] [main/WARN] [net.minecraft.server.packs.VanillaPackResourcesBuilder/]: Assets URL 'union:/workspaces/HytoCraft/servidor_minecraft/libraries/net/minecraft/server/1.20.1-20230612.114412/server-1.20.1-20230612.114412-srg.jar%23203!/assets/.mcassetsroot' uses unexpected schema
[19Sep2025 23:07:50.090] [main/WARN] [net.minecraft.server.packs.VanillaPackResourcesBuilder/]: Assets URL 'union:/workspaces/HytoCraft/servidor_minecraft/libraries/net/minecraft/server/1.20.1-20230612.114412/server-1.20.1-20230612.114412-srg.jar%23203!/data/.mcassetsroot' uses unexpected schema
[19Sep2025 23:07:50.186] [main/INFO] [Moonlight/]: Starting runtime resource generation for pack type SERVER_DATA with generators from mods [immersive_weathering]: [com.ordana.immersive_weathering.dynamicpack.ServerDynamicResourcesHandler@988ba58]
[19Sep2025 23:07:50.187] [main/INFO] [Moonlight/]: Generating runtime assets for pack Immersive Weathering Generated Pack (immersive_weathering)
[19Sep2025 23:07:50.203] [main/INFO] [com.ordana.immersive_weathering.ImmersiveWeathering/]: Generated runtime SERVER_DATA for pack Immersive Weathering Generated Pack (immersive_weathering) in: 15 ms (multithreaded)
[19Sep2025 23:07:50.203] [main/INFO] [Moonlight/]: Finished runtime resources generation for 1 packs in a total of 16 ms
[19Sep2025 23:07:50.621] [main/INFO] [bettervillage/]: StructureSet modified for minecraft:village : Now using custom village configuration (can be disabled in the better villages config: boolean.villages.enabled_custom_config).
[19Sep2025 23:07:51.690] [Worker-Main-2/ERROR] [net.minecraft.tags.TagLoader/]: Couldn't load tag minecraft:powder_snow_walkable_mobs as it is missing following references: medievalembroidery:griffin (from Medieval_Embroidery-1.20.1-0.7.5.jar)
[19Sep2025 23:07:51.691] [Worker-Main-2/ERROR] [net.minecraft.tags.TagLoader/]: Couldn't load tag forge:large_predators as it is missing following references: medievalembroidery:griffin (from Medieval_Embroidery-1.20.1-0.7.5.jar)
[19Sep2025 23:07:51.691] [Worker-Main-2/ERROR] [net.minecraft.tags.TagLoader/]: Couldn't load tag forge:predators as it is missing following references: #forge:large_predators (from Medieval_Embroidery-1.20.1-0.7.5.jar)
[19Sep2025 23:07:51.732] [Worker-Main-3/ERROR] [net.minecraft.tags.TagLoader/]: Couldn't load tag unusual_furniture:card as it is missing following references: create_furniture:blank_ticket (from unusual_furniture-1.1.1-forge-1.20.1.jar), 
	create_furniture:blank_card (from unusual_furniture-1.1.1-forge-1.20.1.jar)
[19Sep2025 23:07:51.751] [Worker-Main-1/ERROR] [net.minecraft.tags.TagLoader/]: Couldn't load tag farmers_structures:is_quark_glimer_spawn as it is missing following references: quark:glimmering_weald (from FarmersStructures-1.0.3-1.20.jar)
[19Sep2025 23:07:51.916] [Worker-Main-3/ERROR] [net.minecraft.tags.TagLoader/]: Couldn't load tag create:non_movable as it is missing following references: unusual_furniture:industrial_bench (from unusual_furniture-1.1.1-forge-1.20.1.jar)
[19Sep2025 23:07:51.916] [Worker-Main-3/ERROR] [net.minecraft.tags.TagLoader/]: Couldn't load tag create:seats as it is missing following references: unusual_furniture:industrial_bench (from unusual_furniture-1.1.1-forge-1.20.1.jar)
[19Sep2025 23:07:51.919] [Worker-Main-3/ERROR] [net.minecraft.tags.TagLoader/]: Couldn't load tag forge:sit_tag as it is missing following references: unusual_furniture:industrial_bench (from unusual_furniture-1.1.1-forge-1.20.1.jar)
[19Sep2025 23:07:52.262] [Worker-Main-3/INFO] [Antique Atlas/]: Found structure piece config: minecraft:atlas/structures/village/desert/desert_lamp_1.json
[19Sep2025 23:07:52.262] [Worker-Main-3/INFO] [Antique Atlas/]: Found structure piece config: minecraft:atlas/structures/village/desert/houses/desert_animal_pen_1.json
[19Sep2025 23:07:52.263] [Worker-Main-3/INFO] [Antique Atlas/]: Found structure piece config: minecraft:atlas/structures/village/desert/houses/desert_animal_pen_2.json
[19Sep2025 23:07:52.263] [Worker-Main-3/INFO] [Antique Atlas/]: Found structure piece config: minecraft:atlas/structures/village/desert/houses/desert_armorer_1.json
[19Sep2025 23:07:52.263] [Worker-Main-3/INFO] [Antique Atlas/]: Found structure piece config: minecraft:atlas/structures/village/desert/houses/desert_butcher_shop_1.json
[19Sep2025 23:07:52.263] [Worker-Main-3/INFO] [Antique Atlas/]: Found structure piece config: minecraft:atlas/structures/village/desert/houses/desert_cartographer_house_1.json
[19Sep2025 23:07:52.263] [Worker-Main-3/INFO] [Antique Atlas/]: Found structure piece config: minecraft:atlas/structures/village/desert/houses/desert_farm_1.json
[19Sep2025 23:07:52.263] [Worker-Main-3/INFO] [Antique Atlas/]: Found structure piece config: minecraft:atlas/structures/village/desert/houses/desert_farm_2.json
[19Sep2025 23:07:52.263] [Worker-Main-3/INFO] [Antique Atlas/]: Found structure piece config: minecraft:atlas/structures/village/desert/houses/desert_fisher_1.json
[19Sep2025 23:07:52.263] [Worker-Main-3/INFO] [Antique Atlas/]: Found structure piece config: minecraft:atlas/structures/village/desert/houses/desert_fletcher_house_1.json
[19Sep2025 23:07:52.264] [Worker-Main-3/INFO] [Antique Atlas/]: Found structure piece config: minecraft:atlas/structures/village/desert/houses/desert_large_farm_1.json
[19Sep2025 23:07:52.264] [Worker-Main-3/INFO] [Antique Atlas/]: Found structure piece config: minecraft:atlas/structures/village/desert/houses/desert_library_1.json
[19Sep2025 23:07:52.264] [Worker-Main-3/INFO] [Antique Atlas/]: Found structure piece config: minecraft:atlas/structures/village/desert/houses/desert_mason_1.json
[19Sep2025 23:07:52.264] [Worker-Main-3/INFO] [Antique Atlas/]: Found structure piece config: minecraft:atlas/structures/village/desert/houses/desert_medium_house_1.json
[19Sep2025 23:07:52.264] [Worker-Main-3/INFO] [Antique Atlas/]: Found structure piece config: minecraft:atlas/structures/village/desert/houses/desert_medium_house_2.json
[19Sep2025 23:07:52.264] [Worker-Main-3/INFO] [Antique Atlas/]: Found structure piece config: minecraft:atlas/structures/village/desert/houses/desert_shepherd_house_1.json
[19Sep2025 23:07:52.264] [Worker-Main-3/INFO] [Antique Atlas/]: Found structure piece config: minecraft:atlas/structures/village/desert/houses/desert_small_house_1.json
[19Sep2025 23:07:52.264] [Worker-Main-3/INFO] [Antique Atlas/]: Found structure piece config: minecraft:atlas/structures/village/desert/houses/desert_small_house_2.json
[19Sep2025 23:07:52.264] [Worker-Main-3/INFO] [Antique Atlas/]: Found structure piece config: minecraft:atlas/structures/village/desert/houses/desert_small_house_3.json
[19Sep2025 23:07:52.265] [Worker-Main-3/INFO] [Antique Atlas/]: Found structure piece config: minecraft:atlas/structures/village/desert/houses/desert_small_house_4.json
[19Sep2025 23:07:52.265] [Worker-Main-3/INFO] [Antique Atlas/]: Found structure piece config: minecraft:atlas/structures/village/desert/houses/desert_small_house_5.json
[19Sep2025 23:07:52.265] [Worker-Main-3/INFO] [Antique Atlas/]: Found structure piece config: minecraft:atlas/structures/village/desert/houses/desert_small_house_6.json
[19Sep2025 23:07:52.265] [Worker-Main-3/INFO] [Antique Atlas/]: Found structure piece config: minecraft:atlas/structures/village/desert/houses/desert_small_house_7.json
[19Sep2025 23:07:52.265] [Worker-Main-3/INFO] [Antique Atlas/]: Found structure piece config: minecraft:atlas/structures/village/desert/houses/desert_small_house_8.json
[19Sep2025 23:07:52.265] [Worker-Main-3/INFO] [Antique Atlas/]: Found structure piece config: minecraft:atlas/structures/village/desert/houses/desert_tannery_1.json
[19Sep2025 23:07:52.266] [Worker-Main-3/INFO] [Antique Atlas/]: Found structure piece config: minecraft:atlas/structures/village/desert/houses/desert_temple_1.json
[19Sep2025 23:07:52.266] [Worker-Main-3/INFO] [Antique Atlas/]: Found structure piece config: minecraft:atlas/structures/village/desert/houses/desert_temple_2.json
[19Sep2025 23:07:52.266] [Worker-Main-3/INFO] [Antique Atlas/]: Found structure piece config: minecraft:atlas/structures/village/desert/houses/desert_tool_smith_1.json
[19Sep2025 23:07:52.266] [Worker-Main-3/INFO] [Antique Atlas/]: Found structure piece config: minecraft:atlas/structures/village/desert/houses/desert_weaponsmith_1.json
[19Sep2025 23:07:52.266] [Worker-Main-3/INFO] [Antique Atlas/]: Found structure piece config: minecraft:atlas/structures/village/desert/streets/corner_01.json
[19Sep2025 23:07:52.266] [Worker-Main-3/INFO] [Antique Atlas/]: Found structure piece config: minecraft:atlas/structures/village/desert/streets/corner_02.json
[19Sep2025 23:07:52.266] [Worker-Main-3/INFO] [Antique Atlas/]: Found structure piece config: minecraft:atlas/structures/village/desert/streets/crossroad_01.json
[19Sep2025 23:07:52.267] [Worker-Main-3/INFO] [Antique Atlas/]: Found structure piece config: minecraft:atlas/structures/village/desert/streets/crossroad_02.json
[19Sep2025 23:07:52.267] [Worker-Main-3/INFO] [Antique Atlas/]: Found structure piece config: minecraft:atlas/structures/village/desert/streets/crossroad_03.json
[19Sep2025 23:07:52.267] [Worker-Main-3/INFO] [Antique Atlas/]: Found structure piece config: minecraft:atlas/structures/village/desert/streets/square_01.json
[19Sep2025 23:07:52.267] [Worker-Main-3/INFO] [Antique Atlas/]: Found structure piece config: minecraft:atlas/structures/village/desert/streets/square_02.json
[19Sep2025 23:07:52.267] [Worker-Main-3/INFO] [Antique Atlas/]: Found structure piece config: minecraft:atlas/structures/village/desert/streets/straight_01.json
[19Sep2025 23:07:52.268] [Worker-Main-3/INFO] [Antique Atlas/]: Found structure piece config: minecraft:atlas/structures/village/desert/streets/straight_02.json
[19Sep2025 23:07:52.268] [Worker-Main-3/INFO] [Antique Atlas/]: Found structure piece config: minecraft:atlas/structures/village/desert/streets/straight_03.json
[19Sep2025 23:07:52.268] [Worker-Main-3/INFO] [Antique Atlas/]: Found structure piece config: minecraft:atlas/structures/village/desert/streets/turn_01.json
[19Sep2025 23:07:52.268] [Worker-Main-3/INFO] [Antique Atlas/]: Found structure piece config: minecraft:atlas/structures/village/desert/town_centers/desert_meeting_point_1.json
[19Sep2025 23:07:52.268] [Worker-Main-3/INFO] [Antique Atlas/]: Found structure piece config: minecraft:atlas/structures/village/desert/town_centers/desert_meeting_point_2.json
[19Sep2025 23:07:52.269] [Worker-Main-3/INFO] [Antique Atlas/]: Found structure piece config: minecraft:atlas/structures/village/desert/town_centers/desert_meeting_point_3.json
[19Sep2025 23:07:52.269] [Worker-Main-3/INFO] [Antique Atlas/]: Found structure piece config: minecraft:atlas/structures/village/desert/zombie/houses/desert_medium_house_1.json
[19Sep2025 23:07:52.269] [Worker-Main-3/INFO] [Antique Atlas/]: Found structure piece config: minecraft:atlas/structures/village/desert/zombie/houses/desert_medium_house_2.json
[19Sep2025 23:07:52.269] [Worker-Main-3/INFO] [Antique Atlas/]: Found structure piece config: minecraft:atlas/structures/village/desert/zombie/houses/desert_small_house_1.json
[19Sep2025 23:07:52.269] [Worker-Main-3/INFO] [Antique Atlas/]: Found structure piece config: minecraft:atlas/structures/village/desert/zombie/houses/desert_small_house_2.json
[19Sep2025 23:07:52.269] [Worker-Main-3/INFO] [Antique Atlas/]: Found structure piece config: minecraft:atlas/structures/village/desert/zombie/houses/desert_small_house_3.json
[19Sep2025 23:07:52.270] [Worker-Main-3/INFO] [Antique Atlas/]: Found structure piece config: minecraft:atlas/structures/village/desert/zombie/houses/desert_small_house_4.json
[19Sep2025 23:07:52.270] [Worker-Main-3/INFO] [Antique Atlas/]: Found structure piece config: minecraft:atlas/structures/village/desert/zombie/houses/desert_small_house_5.json
[19Sep2025 23:07:52.270] [Worker-Main-3/INFO] [Antique Atlas/]: Found structure piece config: minecraft:atlas/structures/village/desert/zombie/houses/desert_small_house_6.json
[19Sep2025 23:07:52.270] [Worker-Main-3/INFO] [Antique Atlas/]: Found structure piece config: minecraft:atlas/structures/village/desert/zombie/houses/desert_small_house_7.json
[19Sep2025 23:07:52.270] [Worker-Main-3/INFO] [Antique Atlas/]: Found structure piece config: minecraft:atlas/structures/village/desert/zombie/houses/desert_small_house_8.json
[19Sep2025 23:07:52.270] [Worker-Main-3/INFO] [Antique Atlas/]: Found structure piece config: minecraft:atlas/structures/village/desert/zombie/streets/corner_01.json
[19Sep2025 23:07:52.271] [Worker-Main-3/INFO] [Antique Atlas/]: Found structure piece config: minecraft:atlas/structures/village/desert/zombie/streets/corner_02.json
[19Sep2025 23:07:52.271] [Worker-Main-3/INFO] [Antique Atlas/]: Found structure piece config: minecraft:atlas/structures/village/desert/zombie/streets/crossroad_01.json
[19Sep2025 23:07:52.271] [Worker-Main-3/INFO] [Antique Atlas/]: Found structure piece config: minecraft:atlas/structures/village/desert/zombie/streets/crossroad_02.json
[19Sep2025 23:07:52.271] [Worker-Main-3/INFO] [Antique Atlas/]: Found structure piece config: minecraft:atlas/structures/village/desert/zombie/streets/crossroad_03.json
[19Sep2025 23:07:52.271] [Worker-Main-3/INFO] [Antique Atlas/]: Found structure piece config: minecraft:atlas/structures/village/desert/zombie/streets/square_01.json
[19Sep2025 23:07:52.271] [Worker-Main-3/INFO] [Antique Atlas/]: Found structure piece config: minecraft:atlas/structures/village/desert/zombie/streets/square_02.json
[19Sep2025 23:07:52.271] [Worker-Main-3/INFO] [Antique Atlas/]: Found structure piece config: minecraft:atlas/structures/village/desert/zombie/streets/straight_01.json
[19Sep2025 23:07:52.272] [Worker-Main-3/INFO] [Antique Atlas/]: Found structure piece config: minecraft:atlas/structures/village/desert/zombie/streets/straight_02.json
[19Sep2025 23:07:52.272] [Worker-Main-3/INFO] [Antique Atlas/]: Found structure piece config: minecraft:atlas/structures/village/desert/zombie/streets/straight_03.json
[19Sep2025 23:07:52.272] [Worker-Main-3/INFO] [Antique Atlas/]: Found structure piece config: minecraft:atlas/structures/village/desert/zombie/streets/turn_01.json
[19Sep2025 23:07:52.272] [Worker-Main-3/INFO] [Antique Atlas/]: Found structure piece config: minecraft:atlas/structures/village/desert/zombie/town_centers/desert_meeting_point_1.json
[19Sep2025 23:07:52.272] [Worker-Main-3/INFO] [Antique Atlas/]: Found structure piece config: minecraft:atlas/structures/village/desert/zombie/town_centers/desert_meeting_point_2.json
[19Sep2025 23:07:52.272] [Worker-Main-3/INFO] [Antique Atlas/]: Found structure piece config: minecraft:atlas/structures/village/desert/zombie/town_centers/desert_meeting_point_3.json
[19Sep2025 23:07:52.272] [Worker-Main-3/INFO] [Antique Atlas/]: Found structure piece config: minecraft:atlas/structures/village/plains/houses/plains_accessory_1.json
[19Sep2025 23:07:52.273] [Worker-Main-3/INFO] [Antique Atlas/]: Found structure piece config: minecraft:atlas/structures/village/plains/houses/plains_animal_pen_1.json
[19Sep2025 23:07:52.273] [Worker-Main-3/INFO] [Antique Atlas/]: Found structure piece config: minecraft:atlas/structures/village/plains/houses/plains_animal_pen_2.json
[19Sep2025 23:07:52.274] [Worker-Main-3/INFO] [Antique Atlas/]: Found structure piece config: minecraft:atlas/structures/village/plains/houses/plains_animal_pen_3.json
[19Sep2025 23:07:52.274] [Worker-Main-3/INFO] [Antique Atlas/]: Found structure piece config: minecraft:atlas/structures/village/plains/houses/plains_armorer_house_1.json
[19Sep2025 23:07:52.274] [Worker-Main-3/INFO] [Antique Atlas/]: Found structure piece config: minecraft:atlas/structures/village/plains/houses/plains_big_house_1.json
[19Sep2025 23:07:52.274] [Worker-Main-3/INFO] [Antique Atlas/]: Found structure piece config: minecraft:atlas/structures/village/plains/houses/plains_butcher_shop_1.json
[19Sep2025 23:07:52.275] [Worker-Main-3/INFO] [Antique Atlas/]: Found structure piece config: minecraft:atlas/structures/village/plains/houses/plains_butcher_shop_2.json
[19Sep2025 23:07:52.275] [Worker-Main-3/INFO] [Antique Atlas/]: Found structure piece config: minecraft:atlas/structures/village/plains/houses/plains_cartographer_1.json
[19Sep2025 23:07:52.275] [Worker-Main-3/INFO] [Antique Atlas/]: Found structure piece config: minecraft:atlas/structures/village/plains/houses/plains_fisher_cottage_1.json
[19Sep2025 23:07:52.276] [Worker-Main-3/INFO] [Antique Atlas/]: Found structure piece config: minecraft:atlas/structures/village/plains/houses/plains_fletcher_house_1.json
[19Sep2025 23:07:52.276] [Worker-Main-3/INFO] [Antique Atlas/]: Found structure piece config: minecraft:atlas/structures/village/plains/houses/plains_large_farm_1.json
[19Sep2025 23:07:52.276] [Worker-Main-3/INFO] [Antique Atlas/]: Found structure piece config: minecraft:atlas/structures/village/plains/houses/plains_library_1.json
[19Sep2025 23:07:52.276] [Worker-Main-3/INFO] [Antique Atlas/]: Found structure piece config: minecraft:atlas/structures/village/plains/houses/plains_library_2.json
[19Sep2025 23:07:52.277] [Worker-Main-3/INFO] [Antique Atlas/]: Found structure piece config: minecraft:atlas/structures/village/plains/houses/plains_masons_house_1.json
[19Sep2025 23:07:52.277] [Worker-Main-3/INFO] [Antique Atlas/]: Found structure piece config: minecraft:atlas/structures/village/plains/houses/plains_medium_house_1.json
[19Sep2025 23:07:52.277] [Worker-Main-3/INFO] [Antique Atlas/]: Found structure piece config: minecraft:atlas/structures/village/plains/houses/plains_medium_house_2.json
[19Sep2025 23:07:52.278] [Worker-Main-3/INFO] [Antique Atlas/]: Found structure piece config: minecraft:atlas/structures/village/plains/houses/plains_meeting_point_4.json
[19Sep2025 23:07:52.278] [Worker-Main-3/INFO] [Antique Atlas/]: Found structure piece config: minecraft:atlas/structures/village/plains/houses/plains_meeting_point_5.json
[19Sep2025 23:07:52.278] [Worker-Main-3/INFO] [Antique Atlas/]: Found structure piece config: minecraft:atlas/structures/village/plains/houses/plains_shepherds_house_1.json
[19Sep2025 23:07:52.279] [Worker-Main-3/INFO] [Antique Atlas/]: Found structure piece config: minecraft:atlas/structures/village/plains/houses/plains_small_farm_1.json
[19Sep2025 23:07:52.279] [Worker-Main-3/INFO] [Antique Atlas/]: Found structure piece config: minecraft:atlas/structures/village/plains/houses/plains_small_house_1.json
[19Sep2025 23:07:52.279] [Worker-Main-3/INFO] [Antique Atlas/]: Found structure piece config: minecraft:atlas/structures/village/plains/houses/plains_small_house_2.json
[19Sep2025 23:07:52.280] [Worker-Main-3/INFO] [Antique Atlas/]: Found structure piece config: minecraft:atlas/structures/village/plains/houses/plains_small_house_3.json
[19Sep2025 23:07:52.280] [Worker-Main-3/INFO] [Antique Atlas/]: Found structure piece config: minecraft:atlas/structures/village/plains/houses/plains_small_house_4.json
[19Sep2025 23:07:52.280] [Worker-Main-3/INFO] [Antique Atlas/]: Found structure piece config: minecraft:atlas/structures/village/plains/houses/plains_small_house_5.json
[19Sep2025 23:07:52.281] [Worker-Main-3/INFO] [Antique Atlas/]: Found structure piece config: minecraft:atlas/structures/village/plains/houses/plains_small_house_6.json
[19Sep2025 23:07:52.281] [Worker-Main-3/INFO] [Antique Atlas/]: Found structure piece config: minecraft:atlas/structures/village/plains/houses/plains_small_house_7.json
[19Sep2025 23:07:52.281] [Worker-Main-3/INFO] [Antique Atlas/]: Found structure piece config: minecraft:atlas/structures/village/plains/houses/plains_small_house_8.json
[19Sep2025 23:07:52.282] [Worker-Main-3/INFO] [Antique Atlas/]: Found structure piece config: minecraft:atlas/structures/village/plains/houses/plains_stable_1.json
[19Sep2025 23:07:52.282] [Worker-Main-3/INFO] [Antique Atlas/]: Found structure piece config: minecraft:atlas/structures/village/plains/houses/plains_stable_2.json
[19Sep2025 23:07:52.283] [Worker-Main-3/INFO] [Antique Atlas/]: Found structure piece config: minecraft:atlas/structures/village/plains/houses/plains_tannery_1.json
[19Sep2025 23:07:52.283] [Worker-Main-3/INFO] [Antique Atlas/]: Found structure piece config: minecraft:atlas/structures/village/plains/houses/plains_temple_3.json
[19Sep2025 23:07:52.284] [Worker-Main-3/INFO] [Antique Atlas/]: Found structure piece config: minecraft:atlas/structures/village/plains/houses/plains_temple_4.json
[19Sep2025 23:07:52.284] [Worker-Main-3/INFO] [Antique Atlas/]: Found structure piece config: minecraft:atlas/structures/village/plains/houses/plains_tool_smith_1.json
[19Sep2025 23:07:52.284] [Worker-Main-3/INFO] [Antique Atlas/]: Found structure piece config: minecraft:atlas/structures/village/plains/houses/plains_weaponsmith_1.json
[19Sep2025 23:07:52.285] [Worker-Main-3/INFO] [Antique Atlas/]: Found structure piece config: minecraft:atlas/structures/village/plains/plains_lamp_1.json
[19Sep2025 23:07:52.285] [Worker-Main-3/INFO] [Antique Atlas/]: Found structure piece config: minecraft:atlas/structures/village/plains/streets/corner_01.json
[19Sep2025 23:07:52.286] [Worker-Main-3/INFO] [Antique Atlas/]: Found structure piece config: minecraft:atlas/structures/village/plains/streets/corner_02.json
[19Sep2025 23:07:52.286] [Worker-Main-3/INFO] [Antique Atlas/]: Found structure piece config: minecraft:atlas/structures/village/plains/streets/corner_03.json
[19Sep2025 23:07:52.286] [Worker-Main-3/INFO] [Antique Atlas/]: Found structure piece config: minecraft:atlas/structures/village/plains/streets/crossroad_01.json
[19Sep2025 23:07:52.287] [Worker-Main-3/INFO] [Antique Atlas/]: Found structure piece config: minecraft:atlas/structures/village/plains/streets/crossroad_02.json
[19Sep2025 23:07:52.287] [Worker-Main-3/INFO] [Antique Atlas/]: Found structure piece config: minecraft:atlas/structures/village/plains/streets/crossroad_03.json
[19Sep2025 23:07:52.287] [Worker-Main-3/INFO] [Antique Atlas/]: Found structure piece config: minecraft:atlas/structures/village/plains/streets/crossroad_04.json
[19Sep2025 23:07:52.288] [Worker-Main-3/INFO] [Antique Atlas/]: Found structure piece config: minecraft:atlas/structures/village/plains/streets/crossroad_05.json
[19Sep2025 23:07:52.288] [Worker-Main-3/INFO] [Antique Atlas/]: Found structure piece config: minecraft:atlas/structures/village/plains/streets/crossroad_06.json
[19Sep2025 23:07:52.289] [Worker-Main-3/INFO] [Antique Atlas/]: Found structure piece config: minecraft:atlas/structures/village/plains/streets/straight_01.json
[19Sep2025 23:07:52.289] [Worker-Main-3/INFO] [Antique Atlas/]: Found structure piece config: minecraft:atlas/structures/village/plains/streets/straight_02.json
[19Sep2025 23:07:52.289] [Worker-Main-3/INFO] [Antique Atlas/]: Found structure piece config: minecraft:atlas/structures/village/plains/streets/straight_03.json
[19Sep2025 23:07:52.289] [Worker-Main-3/INFO] [Antique Atlas/]: Found structure piece config: minecraft:atlas/structures/village/plains/streets/straight_04.json
[19Sep2025 23:07:52.289] [Worker-Main-3/INFO] [Antique Atlas/]: Found structure piece config: minecraft:atlas/structures/village/plains/streets/straight_05.json
[19Sep2025 23:07:52.290] [Worker-Main-3/INFO] [Antique Atlas/]: Found structure piece config: minecraft:atlas/structures/village/plains/streets/straight_06.json
[19Sep2025 23:07:52.290] [Worker-Main-3/INFO] [Antique Atlas/]: Found structure piece config: minecraft:atlas/structures/village/plains/streets/turn_01.json
[19Sep2025 23:07:52.290] [Worker-Main-3/INFO] [Antique Atlas/]: Found structure piece config: minecraft:atlas/structures/village/plains/town_centers/plains_fountain_01.json
[19Sep2025 23:07:52.290] [Worker-Main-3/INFO] [Antique Atlas/]: Found structure piece config: minecraft:atlas/structures/village/plains/town_centers/plains_meeting_point_1.json
[19Sep2025 23:07:52.291] [Worker-Main-3/INFO] [Antique Atlas/]: Found structure piece config: minecraft:atlas/structures/village/plains/town_centers/plains_meeting_point_2.json
[19Sep2025 23:07:52.291] [Worker-Main-3/INFO] [Antique Atlas/]: Found structure piece config: minecraft:atlas/structures/village/plains/town_centers/plains_meeting_point_3.json
[19Sep2025 23:07:52.291] [Worker-Main-3/INFO] [Antique Atlas/]: Found structure piece config: minecraft:atlas/structures/village/plains/zombie/houses/plains_animal_pen_3.json
[19Sep2025 23:07:52.291] [Worker-Main-3/INFO] [Antique Atlas/]: Found structure piece config: minecraft:atlas/structures/village/plains/zombie/houses/plains_big_house_1.json
[19Sep2025 23:07:52.291] [Worker-Main-3/INFO] [Antique Atlas/]: Found structure piece config: minecraft:atlas/structures/village/plains/zombie/houses/plains_butcher_shop_2.json
[19Sep2025 23:07:52.291] [Worker-Main-3/INFO] [Antique Atlas/]: Found structure piece config: minecraft:atlas/structures/village/plains/zombie/houses/plains_fletcher_house_1.json
[19Sep2025 23:07:52.292] [Worker-Main-3/INFO] [Antique Atlas/]: Found structure piece config: minecraft:atlas/structures/village/plains/zombie/houses/plains_medium_house_1.json
[19Sep2025 23:07:52.293] [Worker-Main-3/INFO] [Antique Atlas/]: Found structure piece config: minecraft:atlas/structures/village/plains/zombie/houses/plains_medium_house_2.json
[19Sep2025 23:07:52.293] [Worker-Main-3/INFO] [Antique Atlas/]: Found structure piece config: minecraft:atlas/structures/village/plains/zombie/houses/plains_meeting_point_4.json
[19Sep2025 23:07:52.293] [Worker-Main-3/INFO] [Antique Atlas/]: Found structure piece config: minecraft:atlas/structures/village/plains/zombie/houses/plains_meeting_point_5.json
[19Sep2025 23:07:52.294] [Worker-Main-3/INFO] [Antique Atlas/]: Found structure piece config: minecraft:atlas/structures/village/plains/zombie/houses/plains_shepherds_house_1.json
[19Sep2025 23:07:52.294] [Worker-Main-3/INFO] [Antique Atlas/]: Found structure piece config: minecraft:atlas/structures/village/plains/zombie/houses/plains_small_house_1.json
[19Sep2025 23:07:52.294] [Worker-Main-3/INFO] [Antique Atlas/]: Found structure piece config: minecraft:atlas/structures/village/plains/zombie/houses/plains_small_house_2.json
[19Sep2025 23:07:52.295] [Worker-Main-3/INFO] [Antique Atlas/]: Found structure piece config: minecraft:atlas/structures/village/plains/zombie/houses/plains_small_house_3.json
[19Sep2025 23:07:52.295] [Worker-Main-3/INFO] [Antique Atlas/]: Found structure piece config: minecraft:atlas/structures/village/plains/zombie/houses/plains_small_house_4.json
[19Sep2025 23:07:52.295] [Worker-Main-3/INFO] [Antique Atlas/]: Found structure piece config: minecraft:atlas/structures/village/plains/zombie/houses/plains_small_house_5.json
[19Sep2025 23:07:52.296] [Worker-Main-3/INFO] [Antique Atlas/]: Found structure piece config: minecraft:atlas/structures/village/plains/zombie/houses/plains_small_house_6.json
[19Sep2025 23:07:52.296] [Worker-Main-3/INFO] [Antique Atlas/]: Found structure piece config: minecraft:atlas/structures/village/plains/zombie/houses/plains_small_house_7.json
[19Sep2025 23:07:52.297] [Worker-Main-3/INFO] [Antique Atlas/]: Found structure piece config: minecraft:atlas/structures/village/plains/zombie/houses/plains_small_house_8.json
[19Sep2025 23:07:52.297] [Worker-Main-3/INFO] [Antique Atlas/]: Found structure piece config: minecraft:atlas/structures/village/plains/zombie/houses/plains_stable_1.json
[19Sep2025 23:07:52.297] [Worker-Main-3/INFO] [Antique Atlas/]: Found structure piece config: minecraft:atlas/structures/village/plains/zombie/streets/corner_01.json
[19Sep2025 23:07:52.298] [Worker-Main-3/INFO] [Antique Atlas/]: Found structure piece config: minecraft:atlas/structures/village/plains/zombie/streets/corner_02.json
[19Sep2025 23:07:52.298] [Worker-Main-3/INFO] [Antique Atlas/]: Found structure piece config: minecraft:atlas/structures/village/plains/zombie/streets/corner_03.json
[19Sep2025 23:07:52.298] [Worker-Main-3/INFO] [Antique Atlas/]: Found structure piece config: minecraft:atlas/structures/village/plains/zombie/streets/crossroad_01.json
[19Sep2025 23:07:52.299] [Worker-Main-3/INFO] [Antique Atlas/]: Found structure piece config: minecraft:atlas/structures/village/plains/zombie/streets/crossroad_02.json
[19Sep2025 23:07:52.299] [Worker-Main-3/INFO] [Antique Atlas/]: Found structure piece config: minecraft:atlas/structures/village/plains/zombie/streets/crossroad_03.json
[19Sep2025 23:07:52.299] [Worker-Main-3/INFO] [Antique Atlas/]: Found structure piece config: minecraft:atlas/structures/village/plains/zombie/streets/crossroad_04.json
[19Sep2025 23:07:52.300] [Worker-Main-3/INFO] [Antique Atlas/]: Found structure piece config: minecraft:atlas/structures/village/plains/zombie/streets/crossroad_05.json
[19Sep2025 23:07:52.300] [Worker-Main-3/INFO] [Antique Atlas/]: Found structure piece config: minecraft:atlas/structures/village/plains/zombie/streets/crossroad_06.json
[19Sep2025 23:07:52.300] [Worker-Main-3/INFO] [Antique Atlas/]: Found structure piece config: minecraft:atlas/structures/village/plains/zombie/streets/straight_01.json
[19Sep2025 23:07:52.301] [Worker-Main-3/INFO] [Antique Atlas/]: Found structure piece config: minecraft:atlas/structures/village/plains/zombie/streets/straight_02.json
[19Sep2025 23:07:52.301] [Worker-Main-3/INFO] [Antique Atlas/]: Found structure piece config: minecraft:atlas/structures/village/plains/zombie/streets/straight_03.json
[19Sep2025 23:07:52.301] [Worker-Main-3/INFO] [Antique Atlas/]: Found structure piece config: minecraft:atlas/structures/village/plains/zombie/streets/straight_04.json
[19Sep2025 23:07:52.302] [Worker-Main-3/INFO] [Antique Atlas/]: Found structure piece config: minecraft:atlas/structures/village/plains/zombie/streets/straight_05.json
[19Sep2025 23:07:52.302] [Worker-Main-3/INFO] [Antique Atlas/]: Found structure piece config: minecraft:atlas/structures/village/plains/zombie/streets/straight_06.json
[19Sep2025 23:07:52.302] [Worker-Main-3/INFO] [Antique Atlas/]: Found structure piece config: minecraft:atlas/structures/village/plains/zombie/streets/turn_01.json
[19Sep2025 23:07:52.303] [Worker-Main-3/INFO] [Antique Atlas/]: Found structure piece config: minecraft:atlas/structures/village/plains/zombie/town_centers/plains_fountain_01.json
[19Sep2025 23:07:52.303] [Worker-Main-3/INFO] [Antique Atlas/]: Found structure piece config: minecraft:atlas/structures/village/plains/zombie/town_centers/plains_meeting_point_1.json
[19Sep2025 23:07:52.303] [Worker-Main-3/INFO] [Antique Atlas/]: Found structure piece config: minecraft:atlas/structures/village/plains/zombie/town_centers/plains_meeting_point_2.json
[19Sep2025 23:07:52.304] [Worker-Main-3/INFO] [Antique Atlas/]: Found structure piece config: minecraft:atlas/structures/village/plains/zombie/town_centers/plains_meeting_point_3.json
[19Sep2025 23:07:52.304] [Worker-Main-3/INFO] [Antique Atlas/]: Found structure piece config: minecraft:atlas/structures/village/savanna/houses/savanna_animal_pen_1.json
[19Sep2025 23:07:52.304] [Worker-Main-3/INFO] [Antique Atlas/]: Found structure piece config: minecraft:atlas/structures/village/savanna/houses/savanna_animal_pen_2.json
[19Sep2025 23:07:52.305] [Worker-Main-3/INFO] [Antique Atlas/]: Found structure piece config: minecraft:atlas/structures/village/savanna/houses/savanna_animal_pen_3.json
[19Sep2025 23:07:52.305] [Worker-Main-3/INFO] [Antique Atlas/]: Found structure piece config: minecraft:atlas/structures/village/savanna/houses/savanna_armorer_1.json
[19Sep2025 23:07:52.305] [Worker-Main-3/INFO] [Antique Atlas/]: Found structure piece config: minecraft:atlas/structures/village/savanna/houses/savanna_butchers_shop_1.json
[19Sep2025 23:07:52.305] [Worker-Main-3/INFO] [Antique Atlas/]: Found structure piece config: minecraft:atlas/structures/village/savanna/houses/savanna_butchers_shop_2.json
[19Sep2025 23:07:52.306] [Worker-Main-3/INFO] [Antique Atlas/]: Found structure piece config: minecraft:atlas/structures/village/savanna/houses/savanna_cartographer_1.json
[19Sep2025 23:07:52.306] [Worker-Main-3/INFO] [Antique Atlas/]: Found structure piece config: minecraft:atlas/structures/village/savanna/houses/savanna_fisher_cottage_1.json
[19Sep2025 23:07:52.306] [Worker-Main-3/INFO] [Antique Atlas/]: Found structure piece config: minecraft:atlas/structures/village/savanna/houses/savanna_fletcher_house_1.json
[19Sep2025 23:07:52.307] [Worker-Main-3/INFO] [Antique Atlas/]: Found structure piece config: minecraft:atlas/structures/village/savanna/houses/savanna_large_farm_1.json
[19Sep2025 23:07:52.307] [Worker-Main-3/INFO] [Antique Atlas/]: Found structure piece config: minecraft:atlas/structures/village/savanna/houses/savanna_large_farm_2.json
[19Sep2025 23:07:52.307] [Worker-Main-3/INFO] [Antique Atlas/]: Found structure piece config: minecraft:atlas/structures/village/savanna/houses/savanna_library_1.json
[19Sep2025 23:07:52.308] [Worker-Main-3/INFO] [Antique Atlas/]: Found structure piece config: minecraft:atlas/structures/village/savanna/houses/savanna_mason_1.json
[19Sep2025 23:07:52.308] [Worker-Main-3/INFO] [Antique Atlas/]: Found structure piece config: minecraft:atlas/structures/village/savanna/houses/savanna_medium_house_1.json
[19Sep2025 23:07:52.308] [Worker-Main-3/INFO] [Antique Atlas/]: Found structure piece config: minecraft:atlas/structures/village/savanna/houses/savanna_medium_house_2.json
[19Sep2025 23:07:52.309] [Worker-Main-3/INFO] [Antique Atlas/]: Found structure piece config: minecraft:atlas/structures/village/savanna/houses/savanna_shepherd_1.json
[19Sep2025 23:07:52.309] [Worker-Main-3/INFO] [Antique Atlas/]: Found structure piece config: minecraft:atlas/structures/village/savanna/houses/savanna_small_farm.json
[19Sep2025 23:07:52.309] [Worker-Main-3/INFO] [Antique Atlas/]: Found structure piece config: minecraft:atlas/structures/village/savanna/houses/savanna_small_house_1.json
[19Sep2025 23:07:52.310] [Worker-Main-3/INFO] [Antique Atlas/]: Found structure piece config: minecraft:atlas/structures/village/savanna/houses/savanna_small_house_2.json
[19Sep2025 23:07:52.310] [Worker-Main-3/INFO] [Antique Atlas/]: Found structure piece config: minecraft:atlas/structures/village/savanna/houses/savanna_small_house_3.json
[19Sep2025 23:07:52.310] [Worker-Main-3/INFO] [Antique Atlas/]: Found structure piece config: minecraft:atlas/structures/village/savanna/houses/savanna_small_house_4.json
[19Sep2025 23:07:52.310] [Worker-Main-3/INFO] [Antique Atlas/]: Found structure piece config: minecraft:atlas/structures/village/savanna/houses/savanna_small_house_5.json
[19Sep2025 23:07:52.311] [Worker-Main-3/INFO] [Antique Atlas/]: Found structure piece config: minecraft:atlas/structures/village/savanna/houses/savanna_small_house_6.json
[19Sep2025 23:07:52.311] [Worker-Main-3/INFO] [Antique Atlas/]: Found structure piece config: minecraft:atlas/structures/village/savanna/houses/savanna_small_house_7.json
[19Sep2025 23:07:52.311] [Worker-Main-3/INFO] [Antique Atlas/]: Found structure piece config: minecraft:atlas/structures/village/savanna/houses/savanna_small_house_8.json
[19Sep2025 23:07:52.312] [Worker-Main-3/INFO] [Antique Atlas/]: Found structure piece config: minecraft:atlas/structures/village/savanna/houses/savanna_tannery_1.json
[19Sep2025 23:07:52.312] [Worker-Main-3/INFO] [Antique Atlas/]: Found structure piece config: minecraft:atlas/structures/village/savanna/houses/savanna_temple_1.json
[19Sep2025 23:07:52.312] [Worker-Main-3/INFO] [Antique Atlas/]: Found structure piece config: minecraft:atlas/structures/village/savanna/houses/savanna_temple_2.json
[19Sep2025 23:07:52.313] [Worker-Main-3/INFO] [Antique Atlas/]: Found structure piece config: minecraft:atlas/structures/village/savanna/houses/savanna_tool_smith_1.json
[19Sep2025 23:07:52.313] [Worker-Main-3/INFO] [Antique Atlas/]: Found structure piece config: minecraft:atlas/structures/village/savanna/houses/savanna_weaponsmith_1.json
[19Sep2025 23:07:52.313] [Worker-Main-3/INFO] [Antique Atlas/]: Found structure piece config: minecraft:atlas/structures/village/savanna/houses/savanna_weaponsmith_2.json
[19Sep2025 23:07:52.314] [Worker-Main-3/INFO] [Antique Atlas/]: Found structure piece config: minecraft:atlas/structures/village/savanna/savanna_lamp_post_01.json
[19Sep2025 23:07:52.314] [Worker-Main-3/INFO] [Antique Atlas/]: Found structure piece config: minecraft:atlas/structures/village/savanna/streets/corner_01.json
[19Sep2025 23:07:52.315] [Worker-Main-3/INFO] [Antique Atlas/]: Found structure piece config: minecraft:atlas/structures/village/savanna/streets/corner_03.json
[19Sep2025 23:07:52.315] [Worker-Main-3/INFO] [Antique Atlas/]: Found structure piece config: minecraft:atlas/structures/village/savanna/streets/crossroad_02.json
[19Sep2025 23:07:52.315] [Worker-Main-3/INFO] [Antique Atlas/]: Found structure piece config: minecraft:atlas/structures/village/savanna/streets/crossroad_03.json
[19Sep2025 23:07:52.316] [Worker-Main-3/INFO] [Antique Atlas/]: Found structure piece config: minecraft:atlas/structures/village/savanna/streets/crossroad_04.json
[19Sep2025 23:07:52.316] [Worker-Main-3/INFO] [Antique Atlas/]: Found structure piece config: minecraft:atlas/structures/village/savanna/streets/crossroad_05.json
[19Sep2025 23:07:52.316] [Worker-Main-3/INFO] [Antique Atlas/]: Found structure piece config: minecraft:atlas/structures/village/savanna/streets/crossroad_06.json
[19Sep2025 23:07:52.316] [Worker-Main-3/INFO] [Antique Atlas/]: Found structure piece config: minecraft:atlas/structures/village/savanna/streets/crossroad_07.json
[19Sep2025 23:07:52.317] [Worker-Main-3/INFO] [Antique Atlas/]: Found structure piece config: minecraft:atlas/structures/village/savanna/streets/split_01.json
[19Sep2025 23:07:52.317] [Worker-Main-3/INFO] [Antique Atlas/]: Found structure piece config: minecraft:atlas/structures/village/savanna/streets/split_02.json
[19Sep2025 23:07:52.317] [Worker-Main-3/INFO] [Antique Atlas/]: Found structure piece config: minecraft:atlas/structures/village/savanna/streets/straight_02.json
[19Sep2025 23:07:52.318] [Worker-Main-3/INFO] [Antique Atlas/]: Found structure piece config: minecraft:atlas/structures/village/savanna/streets/straight_04.json
[19Sep2025 23:07:52.318] [Worker-Main-3/INFO] [Antique Atlas/]: Found structure piece config: minecraft:atlas/structures/village/savanna/streets/straight_05.json
[19Sep2025 23:07:52.318] [Worker-Main-3/INFO] [Antique Atlas/]: Found structure piece config: minecraft:atlas/structures/village/savanna/streets/straight_06.json
[19Sep2025 23:07:52.319] [Worker-Main-3/INFO] [Antique Atlas/]: Found structure piece config: minecraft:atlas/structures/village/savanna/streets/straight_08.json
[19Sep2025 23:07:52.319] [Worker-Main-3/INFO] [Antique Atlas/]: Found structure piece config: minecraft:atlas/structures/village/savanna/streets/straight_09.json
[19Sep2025 23:07:52.319] [Worker-Main-3/INFO] [Antique Atlas/]: Found structure piece config: minecraft:atlas/structures/village/savanna/streets/straight_10.json
[19Sep2025 23:07:52.320] [Worker-Main-3/INFO] [Antique Atlas/]: Found structure piece config: minecraft:atlas/structures/village/savanna/streets/straight_11.json
[19Sep2025 23:07:52.320] [Worker-Main-3/INFO] [Antique Atlas/]: Found structure piece config: minecraft:atlas/structures/village/savanna/streets/turn_01.json
[19Sep2025 23:07:52.320] [Worker-Main-3/INFO] [Antique Atlas/]: Found structure piece config: minecraft:atlas/structures/village/savanna/town_centers/savanna_meeting_point_1.json
[19Sep2025 23:07:52.321] [Worker-Main-3/INFO] [Antique Atlas/]: Found structure piece config: minecraft:atlas/structures/village/savanna/town_centers/savanna_meeting_point_2.json
[19Sep2025 23:07:52.321] [Worker-Main-3/INFO] [Antique Atlas/]: Found structure piece config: minecraft:atlas/structures/village/savanna/town_centers/savanna_meeting_point_3.json
[19Sep2025 23:07:52.321] [Worker-Main-3/INFO] [Antique Atlas/]: Found structure piece config: minecraft:atlas/structures/village/savanna/town_centers/savanna_meeting_point_4.json
[19Sep2025 23:07:52.322] [Worker-Main-3/INFO] [Antique Atlas/]: Found structure piece config: minecraft:atlas/structures/village/savanna/zombie/houses/savanna_animal_pen_2.json
[19Sep2025 23:07:52.322] [Worker-Main-3/INFO] [Antique Atlas/]: Found structure piece config: minecraft:atlas/structures/village/savanna/zombie/houses/savanna_animal_pen_3.json
[19Sep2025 23:07:52.322] [Worker-Main-3/INFO] [Antique Atlas/]: Found structure piece config: minecraft:atlas/structures/village/savanna/zombie/houses/savanna_large_farm_2.json
[19Sep2025 23:07:52.322] [Worker-Main-3/INFO] [Antique Atlas/]: Found structure piece config: minecraft:atlas/structures/village/savanna/zombie/houses/savanna_medium_house_1.json
[19Sep2025 23:07:52.323] [Worker-Main-3/INFO] [Antique Atlas/]: Found structure piece config: minecraft:atlas/structures/village/savanna/zombie/houses/savanna_medium_house_2.json
[19Sep2025 23:07:52.323] [Worker-Main-3/INFO] [Antique Atlas/]: Found structure piece config: minecraft:atlas/structures/village/savanna/zombie/houses/savanna_small_house_1.json
[19Sep2025 23:07:52.323] [Worker-Main-3/INFO] [Antique Atlas/]: Found structure piece config: minecraft:atlas/structures/village/savanna/zombie/houses/savanna_small_house_2.json
[19Sep2025 23:07:52.324] [Worker-Main-3/INFO] [Antique Atlas/]: Found structure piece config: minecraft:atlas/structures/village/savanna/zombie/houses/savanna_small_house_3.json
[19Sep2025 23:07:52.324] [Worker-Main-3/INFO] [Antique Atlas/]: Found structure piece config: minecraft:atlas/structures/village/savanna/zombie/houses/savanna_small_house_4.json
[19Sep2025 23:07:52.324] [Worker-Main-3/INFO] [Antique Atlas/]: Found structure piece config: minecraft:atlas/structures/village/savanna/zombie/houses/savanna_small_house_5.json
[19Sep2025 23:07:52.325] [Worker-Main-3/INFO] [Antique Atlas/]: Found structure piece config: minecraft:atlas/structures/village/savanna/zombie/houses/savanna_small_house_6.json
[19Sep2025 23:07:52.325] [Worker-Main-3/INFO] [Antique Atlas/]: Found structure piece config: minecraft:atlas/structures/village/savanna/zombie/houses/savanna_small_house_7.json
[19Sep2025 23:07:52.325] [Worker-Main-3/INFO] [Antique Atlas/]: Found structure piece config: minecraft:atlas/structures/village/savanna/zombie/houses/savanna_small_house_8.json
[19Sep2025 23:07:52.326] [Worker-Main-3/INFO] [Antique Atlas/]: Found structure piece config: minecraft:atlas/structures/village/savanna/zombie/streets/corner_01.json
[19Sep2025 23:07:52.326] [Worker-Main-3/INFO] [Antique Atlas/]: Found structure piece config: minecraft:atlas/structures/village/savanna/zombie/streets/corner_03.json
[19Sep2025 23:07:52.326] [Worker-Main-3/INFO] [Antique Atlas/]: Found structure piece config: minecraft:atlas/structures/village/savanna/zombie/streets/crossroad_02.json
[19Sep2025 23:07:52.327] [Worker-Main-3/INFO] [Antique Atlas/]: Found structure piece config: minecraft:atlas/structures/village/savanna/zombie/streets/crossroad_03.json
[19Sep2025 23:07:52.328] [Worker-Main-3/INFO] [Antique Atlas/]: Found structure piece config: minecraft:atlas/structures/village/savanna/zombie/streets/crossroad_04.json
[19Sep2025 23:07:52.329] [Worker-Main-3/INFO] [Antique Atlas/]: Found structure piece config: minecraft:atlas/structures/village/savanna/zombie/streets/crossroad_05.json
[19Sep2025 23:07:52.331] [Worker-Main-3/INFO] [Antique Atlas/]: Found structure piece config: minecraft:atlas/structures/village/savanna/zombie/streets/crossroad_06.json
[19Sep2025 23:07:52.333] [Worker-Main-3/INFO] [Antique Atlas/]: Found structure piece config: minecraft:atlas/structures/village/savanna/zombie/streets/crossroad_07.json
[19Sep2025 23:07:52.334] [Worker-Main-3/INFO] [Antique Atlas/]: Found structure piece config: minecraft:atlas/structures/village/savanna/zombie/streets/split_01.json
[19Sep2025 23:07:52.335] [Worker-Main-3/INFO] [Antique Atlas/]: Found structure piece config: minecraft:atlas/structures/village/savanna/zombie/streets/split_02.json
[19Sep2025 23:07:52.336] [Worker-Main-3/INFO] [Antique Atlas/]: Found structure piece config: minecraft:atlas/structures/village/savanna/zombie/streets/straight_02.json
[19Sep2025 23:07:52.337] [Worker-Main-3/INFO] [Antique Atlas/]: Found structure piece config: minecraft:atlas/structures/village/savanna/zombie/streets/straight_04.json
[19Sep2025 23:07:52.338] [Worker-Main-3/INFO] [Antique Atlas/]: Found structure piece config: minecraft:atlas/structures/village/savanna/zombie/streets/straight_05.json
[19Sep2025 23:07:52.339] [Worker-Main-3/INFO] [Antique Atlas/]: Found structure piece config: minecraft:atlas/structures/village/savanna/zombie/streets/straight_06.json
[19Sep2025 23:07:52.340] [Worker-Main-3/INFO] [Antique Atlas/]: Found structure piece config: minecraft:atlas/structures/village/savanna/zombie/streets/straight_08.json
[19Sep2025 23:07:52.342] [Worker-Main-3/INFO] [Antique Atlas/]: Found structure piece config: minecraft:atlas/structures/village/savanna/zombie/streets/straight_09.json
[19Sep2025 23:07:52.342] [Worker-Main-3/INFO] [Antique Atlas/]: Found structure piece config: minecraft:atlas/structures/village/savanna/zombie/streets/straight_10.json
[19Sep2025 23:07:52.343] [Worker-Main-3/INFO] [Antique Atlas/]: Found structure piece config: minecraft:atlas/structures/village/savanna/zombie/streets/straight_11.json
[19Sep2025 23:07:52.345] [Worker-Main-3/INFO] [Antique Atlas/]: Found structure piece config: minecraft:atlas/structures/village/savanna/zombie/streets/turn_01.json
[19Sep2025 23:07:52.345] [Worker-Main-3/INFO] [Antique Atlas/]: Found structure piece config: minecraft:atlas/structures/village/savanna/zombie/town_centers/savanna_meeting_point_1.json
[19Sep2025 23:07:52.345] [Worker-Main-3/INFO] [Antique Atlas/]: Found structure piece config: minecraft:atlas/structures/village/savanna/zombie/town_centers/savanna_meeting_point_2.json
[19Sep2025 23:07:52.345] [Worker-Main-3/INFO] [Antique Atlas/]: Found structure piece config: minecraft:atlas/structures/village/savanna/zombie/town_centers/savanna_meeting_point_3.json
[19Sep2025 23:07:52.345] [Worker-Main-3/INFO] [Antique Atlas/]: Found structure piece config: minecraft:atlas/structures/village/savanna/zombie/town_centers/savanna_meeting_point_4.json
[19Sep2025 23:07:52.345] [Worker-Main-3/INFO] [Antique Atlas/]: Found structure piece config: minecraft:atlas/structures/village/snowy/houses/snowy_animal_pen_1.json
[19Sep2025 23:07:52.345] [Worker-Main-3/INFO] [Antique Atlas/]: Found structure piece config: minecraft:atlas/structures/village/snowy/houses/snowy_animal_pen_2.json
[19Sep2025 23:07:52.345] [Worker-Main-3/INFO] [Antique Atlas/]: Found structure piece config: minecraft:atlas/structures/village/snowy/houses/snowy_armorer_house_1.json
[19Sep2025 23:07:52.350] [Worker-Main-3/INFO] [Antique Atlas/]: Found structure piece config: minecraft:atlas/structures/village/snowy/houses/snowy_armorer_house_2.json
[19Sep2025 23:07:52.351] [Worker-Main-3/INFO] [Antique Atlas/]: Found structure piece config: minecraft:atlas/structures/village/snowy/houses/snowy_butchers_shop_1.json
[19Sep2025 23:07:52.352] [Worker-Main-3/INFO] [Antique Atlas/]: Found structure piece config: minecraft:atlas/structures/village/snowy/houses/snowy_butchers_shop_2.json
[19Sep2025 23:07:52.353] [Worker-Main-3/INFO] [Antique Atlas/]: Found structure piece config: minecraft:atlas/structures/village/snowy/houses/snowy_cartographer_house_1.json
[19Sep2025 23:07:52.355] [Worker-Main-3/INFO] [Antique Atlas/]: Found structure piece config: minecraft:atlas/structures/village/snowy/houses/snowy_farm_1.json
[19Sep2025 23:07:52.356] [Worker-Main-3/INFO] [Antique Atlas/]: Found structure piece config: minecraft:atlas/structures/village/snowy/houses/snowy_farm_2.json
[19Sep2025 23:07:52.356] [Worker-Main-3/INFO] [Antique Atlas/]: Found structure piece config: minecraft:atlas/structures/village/snowy/houses/snowy_fisher_cottage.json
[19Sep2025 23:07:52.358] [Worker-Main-3/INFO] [Antique Atlas/]: Found structure piece config: minecraft:atlas/structures/village/snowy/houses/snowy_fletcher_house_1.json
[19Sep2025 23:07:52.359] [Worker-Main-3/INFO] [Antique Atlas/]: Found structure piece config: minecraft:atlas/structures/village/snowy/houses/snowy_library_1.json
[19Sep2025 23:07:52.360] [Worker-Main-3/INFO] [Antique Atlas/]: Found structure piece config: minecraft:atlas/structures/village/snowy/houses/snowy_masons_house_1.json
[19Sep2025 23:07:52.362] [Worker-Main-3/INFO] [Antique Atlas/]: Found structure piece config: minecraft:atlas/structures/village/snowy/houses/snowy_masons_house_2.json
[19Sep2025 23:07:52.364] [Worker-Main-3/INFO] [Antique Atlas/]: Found structure piece config: minecraft:atlas/structures/village/snowy/houses/snowy_medium_house_1.json
[19Sep2025 23:07:52.367] [Worker-Main-3/INFO] [Antique Atlas/]: Found structure piece config: minecraft:atlas/structures/village/snowy/houses/snowy_medium_house_2.json
[19Sep2025 23:07:52.367] [Worker-Main-3/INFO] [Antique Atlas/]: Found structure piece config: minecraft:atlas/structures/village/snowy/houses/snowy_medium_house_3.json
[19Sep2025 23:07:52.369] [Worker-Main-3/INFO] [Antique Atlas/]: Found structure piece config: minecraft:atlas/structures/village/snowy/houses/snowy_shepherds_house_1.json
[19Sep2025 23:07:52.371] [Worker-Main-3/INFO] [Antique Atlas/]: Found structure piece config: minecraft:atlas/structures/village/snowy/houses/snowy_small_house_1.json
[19Sep2025 23:07:52.373] [Worker-Main-3/INFO] [Antique Atlas/]: Found structure piece config: minecraft:atlas/structures/village/snowy/houses/snowy_small_house_2.json
[19Sep2025 23:07:52.374] [Worker-Main-3/INFO] [Antique Atlas/]: Found structure piece config: minecraft:atlas/structures/village/snowy/houses/snowy_small_house_3.json
[19Sep2025 23:07:52.376] [Worker-Main-3/INFO] [Antique Atlas/]: Found structure piece config: minecraft:atlas/structures/village/snowy/houses/snowy_small_house_4.json
[19Sep2025 23:07:52.378] [Worker-Main-3/INFO] [Antique Atlas/]: Found structure piece config: minecraft:atlas/structures/village/snowy/houses/snowy_small_house_5.json
[19Sep2025 23:07:52.378] [Worker-Main-3/INFO] [Antique Atlas/]: Found structure piece config: minecraft:atlas/structures/village/snowy/houses/snowy_small_house_6.json
[19Sep2025 23:07:52.379] [Worker-Main-3/INFO] [Antique Atlas/]: Found structure piece config: minecraft:atlas/structures/village/snowy/houses/snowy_small_house_7.json
[19Sep2025 23:07:52.382] [Worker-Main-3/INFO] [Antique Atlas/]: Found structure piece config: minecraft:atlas/structures/village/snowy/houses/snowy_small_house_8.json
[19Sep2025 23:07:52.382] [Worker-Main-3/INFO] [Antique Atlas/]: Found structure piece config: minecraft:atlas/structures/village/snowy/houses/snowy_tannery_1.json
[19Sep2025 23:07:52.382] [Worker-Main-3/INFO] [Antique Atlas/]: Found structure piece config: minecraft:atlas/structures/village/snowy/houses/snowy_temple_1.json
[19Sep2025 23:07:52.383] [Worker-Main-3/INFO] [Antique Atlas/]: Found structure piece config: minecraft:atlas/structures/village/snowy/houses/snowy_tool_smith_1.json
[19Sep2025 23:07:52.383] [Worker-Main-3/INFO] [Antique Atlas/]: Found structure piece config: minecraft:atlas/structures/village/snowy/houses/snowy_weapon_smith_1.json
[19Sep2025 23:07:52.383] [Worker-Main-3/INFO] [Antique Atlas/]: Found structure piece config: minecraft:atlas/structures/village/snowy/snowy_lamp_post_01.json
[19Sep2025 23:07:52.383] [Worker-Main-3/INFO] [Antique Atlas/]: Found structure piece config: minecraft:atlas/structures/village/snowy/snowy_lamp_post_02.json
[19Sep2025 23:07:52.383] [Worker-Main-3/INFO] [Antique Atlas/]: Found structure piece config: minecraft:atlas/structures/village/snowy/snowy_lamp_post_03.json
[19Sep2025 23:07:52.383] [Worker-Main-3/INFO] [Antique Atlas/]: Found structure piece config: minecraft:atlas/structures/village/snowy/streets/corner_01.json
[19Sep2025 23:07:52.383] [Worker-Main-3/INFO] [Antique Atlas/]: Found structure piece config: minecraft:atlas/structures/village/snowy/streets/corner_02.json
[19Sep2025 23:07:52.388] [Worker-Main-3/INFO] [Antique Atlas/]: Found structure piece config: minecraft:atlas/structures/village/snowy/streets/corner_03.json
[19Sep2025 23:07:52.392] [Worker-Main-3/INFO] [Antique Atlas/]: Found structure piece config: minecraft:atlas/structures/village/snowy/streets/crossroad_01.json
[19Sep2025 23:07:52.394] [Worker-Main-3/INFO] [Antique Atlas/]: Found structure piece config: minecraft:atlas/structures/village/snowy/streets/crossroad_02.json
[19Sep2025 23:07:52.396] [Worker-Main-3/INFO] [Antique Atlas/]: Found structure piece config: minecraft:atlas/structures/village/snowy/streets/crossroad_03.json
[19Sep2025 23:07:52.397] [Worker-Main-3/INFO] [Antique Atlas/]: Found structure piece config: minecraft:atlas/structures/village/snowy/streets/crossroad_04.json
[19Sep2025 23:07:52.400] [Worker-Main-3/INFO] [Antique Atlas/]: Found structure piece config: minecraft:atlas/structures/village/snowy/streets/crossroad_05.json
[19Sep2025 23:07:52.401] [Worker-Main-3/INFO] [Antique Atlas/]: Found structure piece config: minecraft:atlas/structures/village/snowy/streets/crossroad_06.json
[19Sep2025 23:07:52.403] [Worker-Main-3/INFO] [Antique Atlas/]: Found structure piece config: minecraft:atlas/structures/village/snowy/streets/square_01.json
[19Sep2025 23:07:52.404] [Worker-Main-3/INFO] [Antique Atlas/]: Found structure piece config: minecraft:atlas/structures/village/snowy/streets/straight_01.json
[19Sep2025 23:07:52.405] [Worker-Main-3/INFO] [Antique Atlas/]: Found structure piece config: minecraft:atlas/structures/village/snowy/streets/straight_02.json
[19Sep2025 23:07:52.408] [Worker-Main-3/INFO] [Antique Atlas/]: Found structure piece config: minecraft:atlas/structures/village/snowy/streets/straight_03.json
[19Sep2025 23:07:52.409] [Worker-Main-3/INFO] [Antique Atlas/]: Found structure piece config: minecraft:atlas/structures/village/snowy/streets/straight_04.json
[19Sep2025 23:07:52.410] [Worker-Main-3/INFO] [Antique Atlas/]: Found structure piece config: minecraft:atlas/structures/village/snowy/streets/straight_06.json
[19Sep2025 23:07:52.413] [Worker-Main-3/INFO] [Antique Atlas/]: Found structure piece config: minecraft:atlas/structures/village/snowy/streets/straight_08.json
[19Sep2025 23:07:52.414] [Worker-Main-3/INFO] [Antique Atlas/]: Found structure piece config: minecraft:atlas/structures/village/snowy/streets/turn_01.json
[19Sep2025 23:07:52.415] [Worker-Main-3/INFO] [Antique Atlas/]: Found structure piece config: minecraft:atlas/structures/village/snowy/town_centers/snowy_meeting_point_1.json
[19Sep2025 23:07:52.417] [Worker-Main-3/INFO] [Antique Atlas/]: Found structure piece config: minecraft:atlas/structures/village/snowy/town_centers/snowy_meeting_point_2.json
[19Sep2025 23:07:52.418] [Worker-Main-3/INFO] [Antique Atlas/]: Found structure piece config: minecraft:atlas/structures/village/snowy/town_centers/snowy_meeting_point_3.json
[19Sep2025 23:07:52.420] [Worker-Main-3/INFO] [Antique Atlas/]: Found structure piece config: minecraft:atlas/structures/village/snowy/zombie/houses/snowy_medium_house_1.json
[19Sep2025 23:07:52.421] [Worker-Main-3/INFO] [Antique Atlas/]: Found structure piece config: minecraft:atlas/structures/village/snowy/zombie/houses/snowy_medium_house_2.json
[19Sep2025 23:07:52.421] [Worker-Main-3/INFO] [Antique Atlas/]: Found structure piece config: minecraft:atlas/structures/village/snowy/zombie/houses/snowy_medium_house_3.json
[19Sep2025 23:07:52.421] [Worker-Main-3/INFO] [Antique Atlas/]: Found structure piece config: minecraft:atlas/structures/village/snowy/zombie/houses/snowy_small_house_1.json
[19Sep2025 23:07:52.421] [Worker-Main-3/INFO] [Antique Atlas/]: Found structure piece config: minecraft:atlas/structures/village/snowy/zombie/houses/snowy_small_house_2.json
[19Sep2025 23:07:52.421] [Worker-Main-3/INFO] [Antique Atlas/]: Found structure piece config: minecraft:atlas/structures/village/snowy/zombie/houses/snowy_small_house_3.json
[19Sep2025 23:07:52.421] [Worker-Main-3/INFO] [Antique Atlas/]: Found structure piece config: minecraft:atlas/structures/village/snowy/zombie/houses/snowy_small_house_4.json
[19Sep2025 23:07:52.422] [Worker-Main-3/INFO] [Antique Atlas/]: Found structure piece config: minecraft:atlas/structures/village/snowy/zombie/houses/snowy_small_house_5.json
[19Sep2025 23:07:52.422] [Worker-Main-3/INFO] [Antique Atlas/]: Found structure piece config: minecraft:atlas/structures/village/snowy/zombie/houses/snowy_small_house_6.json
[19Sep2025 23:07:52.422] [Worker-Main-3/INFO] [Antique Atlas/]: Found structure piece config: minecraft:atlas/structures/village/snowy/zombie/houses/snowy_small_house_7.json
[19Sep2025 23:07:52.422] [Worker-Main-3/INFO] [Antique Atlas/]: Found structure piece config: minecraft:atlas/structures/village/snowy/zombie/houses/snowy_small_house_8.json
[19Sep2025 23:07:52.422] [Worker-Main-3/INFO] [Antique Atlas/]: Found structure piece config: minecraft:atlas/structures/village/snowy/zombie/streets/corner_01.json
[19Sep2025 23:07:52.422] [Worker-Main-3/INFO] [Antique Atlas/]: Found structure piece config: minecraft:atlas/structures/village/snowy/zombie/streets/corner_02.json
[19Sep2025 23:07:52.422] [Worker-Main-3/INFO] [Antique Atlas/]: Found structure piece config: minecraft:atlas/structures/village/snowy/zombie/streets/corner_03.json
[19Sep2025 23:07:52.422] [Worker-Main-3/INFO] [Antique Atlas/]: Found structure piece config: minecraft:atlas/structures/village/snowy/zombie/streets/crossroad_01.json
[19Sep2025 23:07:52.423] [Worker-Main-3/INFO] [Antique Atlas/]: Found structure piece config: minecraft:atlas/structures/village/snowy/zombie/streets/crossroad_02.json
[19Sep2025 23:07:52.423] [Worker-Main-3/INFO] [Antique Atlas/]: Found structure piece config: minecraft:atlas/structures/village/snowy/zombie/streets/crossroad_03.json
[19Sep2025 23:07:52.423] [Worker-Main-3/INFO] [Antique Atlas/]: Found structure piece config: minecraft:atlas/structures/village/snowy/zombie/streets/crossroad_04.json
[19Sep2025 23:07:52.423] [Worker-Main-3/INFO] [Antique Atlas/]: Found structure piece config: minecraft:atlas/structures/village/snowy/zombie/streets/crossroad_05.json
[19Sep2025 23:07:52.423] [Worker-Main-3/INFO] [Antique Atlas/]: Found structure piece config: minecraft:atlas/structures/village/snowy/zombie/streets/crossroad_06.json
[19Sep2025 23:07:52.423] [Worker-Main-3/INFO] [Antique Atlas/]: Found structure piece config: minecraft:atlas/structures/village/snowy/zombie/streets/square_01.json
[19Sep2025 23:07:52.423] [Worker-Main-3/INFO] [Antique Atlas/]: Found structure piece config: minecraft:atlas/structures/village/snowy/zombie/streets/straight_01.json
[19Sep2025 23:07:52.423] [Worker-Main-3/INFO] [Antique Atlas/]: Found structure piece config: minecraft:atlas/structures/village/snowy/zombie/streets/straight_02.json
[19Sep2025 23:07:52.426] [Worker-Main-3/INFO] [Antique Atlas/]: Found structure piece config: minecraft:atlas/structures/village/snowy/zombie/streets/straight_03.json
[19Sep2025 23:07:52.426] [Worker-Main-3/INFO] [Antique Atlas/]: Found structure piece config: minecraft:atlas/structures/village/snowy/zombie/streets/straight_04.json
[19Sep2025 23:07:52.427] [Worker-Main-3/INFO] [Antique Atlas/]: Found structure piece config: minecraft:atlas/structures/village/snowy/zombie/streets/straight_06.json
[19Sep2025 23:07:52.427] [Worker-Main-3/INFO] [Antique Atlas/]: Found structure piece config: minecraft:atlas/structures/village/snowy/zombie/streets/straight_08.json
[19Sep2025 23:07:52.427] [Worker-Main-3/INFO] [Antique Atlas/]: Found structure piece config: minecraft:atlas/structures/village/snowy/zombie/streets/turn_01.json
[19Sep2025 23:07:52.427] [Worker-Main-3/INFO] [Antique Atlas/]: Found structure piece config: minecraft:atlas/structures/village/snowy/zombie/town_centers/snowy_meeting_point_1.json
[19Sep2025 23:07:52.427] [Worker-Main-3/INFO] [Antique Atlas/]: Found structure piece config: minecraft:atlas/structures/village/snowy/zombie/town_centers/snowy_meeting_point_2.json
[19Sep2025 23:07:52.427] [Worker-Main-3/INFO] [Antique Atlas/]: Found structure piece config: minecraft:atlas/structures/village/snowy/zombie/town_centers/snowy_meeting_point_3.json
[19Sep2025 23:07:52.427] [Worker-Main-3/INFO] [Antique Atlas/]: Found structure piece config: minecraft:atlas/structures/village/taiga/houses/taiga_animal_pen_1.json
[19Sep2025 23:07:52.428] [Worker-Main-3/INFO] [Antique Atlas/]: Found structure piece config: minecraft:atlas/structures/village/taiga/houses/taiga_armorer_2.json
[19Sep2025 23:07:52.428] [Worker-Main-3/INFO] [Antique Atlas/]: Found structure piece config: minecraft:atlas/structures/village/taiga/houses/taiga_armorer_house_1.json
[19Sep2025 23:07:52.428] [Worker-Main-3/INFO] [Antique Atlas/]: Found structure piece config: minecraft:atlas/structures/village/taiga/houses/taiga_butcher_shop_1.json
[19Sep2025 23:07:52.436] [Worker-Main-3/INFO] [Antique Atlas/]: Found structure piece config: minecraft:atlas/structures/village/taiga/houses/taiga_cartographer_house_1.json
[19Sep2025 23:07:52.439] [Worker-Main-3/INFO] [Antique Atlas/]: Found structure piece config: minecraft:atlas/structures/village/taiga/houses/taiga_fisher_cottage_1.json
[19Sep2025 23:07:52.444] [Worker-Main-3/INFO] [Antique Atlas/]: Found structure piece config: minecraft:atlas/structures/village/taiga/houses/taiga_fletcher_house_1.json
[19Sep2025 23:07:52.447] [Worker-Main-3/INFO] [Antique Atlas/]: Found structure piece config: minecraft:atlas/structures/village/taiga/houses/taiga_large_farm_1.json
[19Sep2025 23:07:52.447] [Worker-Main-3/INFO] [Antique Atlas/]: Found structure piece config: minecraft:atlas/structures/village/taiga/houses/taiga_large_farm_2.json
[19Sep2025 23:07:52.447] [Worker-Main-3/INFO] [Antique Atlas/]: Found structure piece config: minecraft:atlas/structures/village/taiga/houses/taiga_library_1.json
[19Sep2025 23:07:52.447] [Worker-Main-3/INFO] [Antique Atlas/]: Found structure piece config: minecraft:atlas/structures/village/taiga/houses/taiga_masons_house_1.json
[19Sep2025 23:07:52.447] [Worker-Main-3/INFO] [Antique Atlas/]: Found structure piece config: minecraft:atlas/structures/village/taiga/houses/taiga_medium_house_1.json
[19Sep2025 23:07:52.447] [Worker-Main-3/INFO] [Antique Atlas/]: Found structure piece config: minecraft:atlas/structures/village/taiga/houses/taiga_medium_house_2.json
[19Sep2025 23:07:52.448] [Worker-Main-3/INFO] [Antique Atlas/]: Found structure piece config: minecraft:atlas/structures/village/taiga/houses/taiga_medium_house_3.json
[19Sep2025 23:07:52.448] [Worker-Main-3/INFO] [Antique Atlas/]: Found structure piece config: minecraft:atlas/structures/village/taiga/houses/taiga_medium_house_4.json
[19Sep2025 23:07:52.448] [Worker-Main-3/INFO] [Antique Atlas/]: Found structure piece config: minecraft:atlas/structures/village/taiga/houses/taiga_shepherds_house_1.json
[19Sep2025 23:07:52.448] [Worker-Main-3/INFO] [Antique Atlas/]: Found structure piece config: minecraft:atlas/structures/village/taiga/houses/taiga_small_farm_1.json
[19Sep2025 23:07:52.448] [Worker-Main-3/INFO] [Antique Atlas/]: Found structure piece config: minecraft:atlas/structures/village/taiga/houses/taiga_small_house_1.json
[19Sep2025 23:07:52.448] [Worker-Main-3/INFO] [Antique Atlas/]: Found structure piece config: minecraft:atlas/structures/village/taiga/houses/taiga_small_house_2.json
[19Sep2025 23:07:52.448] [Worker-Main-3/INFO] [Antique Atlas/]: Found structure piece config: minecraft:atlas/structures/village/taiga/houses/taiga_small_house_3.json
[19Sep2025 23:07:52.448] [Worker-Main-3/INFO] [Antique Atlas/]: Found structure piece config: minecraft:atlas/structures/village/taiga/houses/taiga_small_house_4.json
[19Sep2025 23:07:52.449] [Worker-Main-3/INFO] [Antique Atlas/]: Found structure piece config: minecraft:atlas/structures/village/taiga/houses/taiga_small_house_5.json
[19Sep2025 23:07:52.449] [Worker-Main-3/INFO] [Antique Atlas/]: Found structure piece config: minecraft:atlas/structures/village/taiga/houses/taiga_tannery_1.json
[19Sep2025 23:07:52.449] [Worker-Main-3/INFO] [Antique Atlas/]: Found structure piece config: minecraft:atlas/structures/village/taiga/houses/taiga_temple_1.json
[19Sep2025 23:07:52.449] [Worker-Main-3/INFO] [Antique Atlas/]: Found structure piece config: minecraft:atlas/structures/village/taiga/houses/taiga_tool_smith_1.json
[19Sep2025 23:07:52.449] [Worker-Main-3/INFO] [Antique Atlas/]: Found structure piece config: minecraft:atlas/structures/village/taiga/houses/taiga_weaponsmith_1.json
[19Sep2025 23:07:52.449] [Worker-Main-3/INFO] [Antique Atlas/]: Found structure piece config: minecraft:atlas/structures/village/taiga/houses/taiga_weaponsmith_2.json
[19Sep2025 23:07:52.449] [Worker-Main-3/INFO] [Antique Atlas/]: Found structure piece config: minecraft:atlas/structures/village/taiga/streets/corner_01.json
[19Sep2025 23:07:52.449] [Worker-Main-3/INFO] [Antique Atlas/]: Found structure piece config: minecraft:atlas/structures/village/taiga/streets/corner_02.json
[19Sep2025 23:07:52.452] [Worker-Main-3/INFO] [Antique Atlas/]: Found structure piece config: minecraft:atlas/structures/village/taiga/streets/corner_03.json
[19Sep2025 23:07:52.454] [Worker-Main-3/INFO] [Antique Atlas/]: Found structure piece config: minecraft:atlas/structures/village/taiga/streets/crossroad_01.json
[19Sep2025 23:07:52.457] [Worker-Main-3/INFO] [Antique Atlas/]: Found structure piece config: minecraft:atlas/structures/village/taiga/streets/crossroad_02.json
[19Sep2025 23:07:52.459] [Worker-Main-3/INFO] [Antique Atlas/]: Found structure piece config: minecraft:atlas/structures/village/taiga/streets/crossroad_03.json
[19Sep2025 23:07:52.461] [Worker-Main-3/INFO] [Antique Atlas/]: Found structure piece config: minecraft:atlas/structures/village/taiga/streets/crossroad_04.json
[19Sep2025 23:07:52.464] [Worker-Main-3/INFO] [Antique Atlas/]: Found structure piece config: minecraft:atlas/structures/village/taiga/streets/crossroad_05.json
[19Sep2025 23:07:52.466] [Worker-Main-3/INFO] [Antique Atlas/]: Found structure piece config: minecraft:atlas/structures/village/taiga/streets/crossroad_06.json
[19Sep2025 23:07:52.468] [Worker-Main-3/INFO] [Antique Atlas/]: Found structure piece config: minecraft:atlas/structures/village/taiga/streets/straight_01.json
[19Sep2025 23:07:52.471] [Worker-Main-3/INFO] [Antique Atlas/]: Found structure piece config: minecraft:atlas/structures/village/taiga/streets/straight_02.json
[19Sep2025 23:07:52.473] [Worker-Main-3/INFO] [Antique Atlas/]: Found structure piece config: minecraft:atlas/structures/village/taiga/streets/straight_03.json
[19Sep2025 23:07:52.475] [Worker-Main-3/INFO] [Antique Atlas/]: Found structure piece config: minecraft:atlas/structures/village/taiga/streets/straight_04.json
[19Sep2025 23:07:52.478] [Worker-Main-3/INFO] [Antique Atlas/]: Found structure piece config: minecraft:atlas/structures/village/taiga/streets/straight_05.json
[19Sep2025 23:07:52.478] [Worker-Main-3/INFO] [Antique Atlas/]: Found structure piece config: minecraft:atlas/structures/village/taiga/streets/straight_06.json
[19Sep2025 23:07:52.478] [Worker-Main-3/INFO] [Antique Atlas/]: Found structure piece config: minecraft:atlas/structures/village/taiga/streets/turn_01.json
[19Sep2025 23:07:52.479] [Worker-Main-3/INFO] [Antique Atlas/]: Found structure piece config: minecraft:atlas/structures/village/taiga/taiga_lamp_post_1.json
[19Sep2025 23:07:52.479] [Worker-Main-3/INFO] [Antique Atlas/]: Found structure piece config: minecraft:atlas/structures/village/taiga/town_centers/taiga_meeting_point_1.json
[19Sep2025 23:07:52.479] [Worker-Main-3/INFO] [Antique Atlas/]: Found structure piece config: minecraft:atlas/structures/village/taiga/town_centers/taiga_meeting_point_2.json
[19Sep2025 23:07:52.479] [Worker-Main-3/INFO] [Antique Atlas/]: Found structure piece config: minecraft:atlas/structures/village/taiga/zombie/houses/taiga_cartographer_house_1.json
[19Sep2025 23:07:52.479] [Worker-Main-3/INFO] [Antique Atlas/]: Found structure piece config: minecraft:atlas/structures/village/taiga/zombie/houses/taiga_fisher_cottage_1.json
[19Sep2025 23:07:52.479] [Worker-Main-3/INFO] [Antique Atlas/]: Found structure piece config: minecraft:atlas/structures/village/taiga/zombie/houses/taiga_large_farm_2.json
[19Sep2025 23:07:52.480] [Worker-Main-3/INFO] [Antique Atlas/]: Found structure piece config: minecraft:atlas/structures/village/taiga/zombie/houses/taiga_library_1.json
[19Sep2025 23:07:52.480] [Worker-Main-3/INFO] [Antique Atlas/]: Found structure piece config: minecraft:atlas/structures/village/taiga/zombie/houses/taiga_medium_house_1.json
[19Sep2025 23:07:52.480] [Worker-Main-3/INFO] [Antique Atlas/]: Found structure piece config: minecraft:atlas/structures/village/taiga/zombie/houses/taiga_medium_house_2.json
[19Sep2025 23:07:52.480] [Worker-Main-3/INFO] [Antique Atlas/]: Found structure piece config: minecraft:atlas/structures/village/taiga/zombie/houses/taiga_medium_house_3.json
[19Sep2025 23:07:52.480] [Worker-Main-3/INFO] [Antique Atlas/]: Found structure piece config: minecraft:atlas/structures/village/taiga/zombie/houses/taiga_medium_house_4.json
[19Sep2025 23:07:52.480] [Worker-Main-3/INFO] [Antique Atlas/]: Found structure piece config: minecraft:atlas/structures/village/taiga/zombie/houses/taiga_shepherds_house_1.json
[19Sep2025 23:07:52.480] [Worker-Main-3/INFO] [Antique Atlas/]: Found structure piece config: minecraft:atlas/structures/village/taiga/zombie/houses/taiga_small_house_1.json
[19Sep2025 23:07:52.481] [Worker-Main-3/INFO] [Antique Atlas/]: Found structure piece config: minecraft:atlas/structures/village/taiga/zombie/houses/taiga_small_house_2.json
[19Sep2025 23:07:52.482] [Worker-Main-3/INFO] [Antique Atlas/]: Found structure piece config: minecraft:atlas/structures/village/taiga/zombie/houses/taiga_small_house_3.json
[19Sep2025 23:07:52.482] [Worker-Main-3/INFO] [Antique Atlas/]: Found structure piece config: minecraft:atlas/structures/village/taiga/zombie/houses/taiga_small_house_4.json
[19Sep2025 23:07:52.483] [Worker-Main-3/INFO] [Antique Atlas/]: Found structure piece config: minecraft:atlas/structures/village/taiga/zombie/houses/taiga_small_house_5.json
[19Sep2025 23:07:52.483] [Worker-Main-3/INFO] [Antique Atlas/]: Found structure piece config: minecraft:atlas/structures/village/taiga/zombie/houses/taiga_temple_1.json
[19Sep2025 23:07:52.483] [Worker-Main-3/INFO] [Antique Atlas/]: Found structure piece config: minecraft:atlas/structures/village/taiga/zombie/houses/taiga_tool_smith_1.json
[19Sep2025 23:07:52.484] [Worker-Main-3/INFO] [Antique Atlas/]: Found structure piece config: minecraft:atlas/structures/village/taiga/zombie/houses/taiga_weaponsmith_2.json
[19Sep2025 23:07:52.484] [Worker-Main-3/INFO] [Antique Atlas/]: Found structure piece config: minecraft:atlas/structures/village/taiga/zombie/streets/corner_01.json
[19Sep2025 23:07:52.485] [Worker-Main-3/INFO] [Antique Atlas/]: Found structure piece config: minecraft:atlas/structures/village/taiga/zombie/streets/corner_02.json
[19Sep2025 23:07:52.485] [Worker-Main-3/INFO] [Antique Atlas/]: Found structure piece config: minecraft:atlas/structures/village/taiga/zombie/streets/corner_03.json
[19Sep2025 23:07:52.486] [Worker-Main-3/INFO] [Antique Atlas/]: Found structure piece config: minecraft:atlas/structures/village/taiga/zombie/streets/crossroad_01.json
[19Sep2025 23:07:52.486] [Worker-Main-3/INFO] [Antique Atlas/]: Found structure piece config: minecraft:atlas/structures/village/taiga/zombie/streets/crossroad_02.json
[19Sep2025 23:07:52.486] [Worker-Main-3/INFO] [Antique Atlas/]: Found structure piece config: minecraft:atlas/structures/village/taiga/zombie/streets/crossroad_03.json
[19Sep2025 23:07:52.487] [Worker-Main-3/INFO] [Antique Atlas/]: Found structure piece config: minecraft:atlas/structures/village/taiga/zombie/streets/crossroad_04.json
[19Sep2025 23:07:52.487] [Worker-Main-3/INFO] [Antique Atlas/]: Found structure piece config: minecraft:atlas/structures/village/taiga/zombie/streets/crossroad_05.json
[19Sep2025 23:07:52.489] [Worker-Main-3/INFO] [Antique Atlas/]: Found structure piece config: minecraft:atlas/structures/village/taiga/zombie/streets/crossroad_06.json
[19Sep2025 23:07:52.489] [Worker-Main-3/INFO] [Antique Atlas/]: Found structure piece config: minecraft:atlas/structures/village/taiga/zombie/streets/straight_01.json
[19Sep2025 23:07:52.489] [Worker-Main-3/INFO] [Antique Atlas/]: Found structure piece config: minecraft:atlas/structures/village/taiga/zombie/streets/straight_02.json
[19Sep2025 23:07:52.489] [Worker-Main-3/INFO] [Antique Atlas/]: Found structure piece config: minecraft:atlas/structures/village/taiga/zombie/streets/straight_03.json
[19Sep2025 23:07:52.489] [Worker-Main-3/INFO] [Antique Atlas/]: Found structure piece config: minecraft:atlas/structures/village/taiga/zombie/streets/straight_04.json
[19Sep2025 23:07:52.490] [Worker-Main-3/INFO] [Antique Atlas/]: Found structure piece config: minecraft:atlas/structures/village/taiga/zombie/streets/straight_05.json
[19Sep2025 23:07:52.490] [Worker-Main-3/INFO] [Antique Atlas/]: Found structure piece config: minecraft:atlas/structures/village/taiga/zombie/streets/straight_06.json
[19Sep2025 23:07:52.490] [Worker-Main-3/INFO] [Antique Atlas/]: Found structure piece config: minecraft:atlas/structures/village/taiga/zombie/streets/turn_01.json
[19Sep2025 23:07:52.490] [Worker-Main-3/INFO] [Antique Atlas/]: Found structure piece config: minecraft:atlas/structures/village/taiga/zombie/town_centers/taiga_meeting_point_1.json
[19Sep2025 23:07:52.490] [Worker-Main-3/INFO] [Antique Atlas/]: Found structure piece config: minecraft:atlas/structures/village/taiga/zombie/town_centers/taiga_meeting_point_2.json
[19Sep2025 23:07:53.558] [main/ERROR] [net.minecraft.world.item.crafting.RecipeManager/]: Parsing error loading recipe realisticforgingores:ironsledgehammerrecipe
com.google.gson.JsonSyntaxException: Unknown item 'realisticforgingores:deleted_mod_element'
	at net.minecraft.world.item.crafting.ShapedRecipe.m_151280_(ShapedRecipe.java:292) ~[server-1.20.1-20230612.114412-srg.jar%23203!/:?]
	at java.util.Optional.orElseThrow(Optional.java:403) ~[?:?]
	at net.minecraft.world.item.crafting.ShapedRecipe.m_151278_(ShapedRecipe.java:291) ~[server-1.20.1-20230612.114412-srg.jar%23203!/:?]
	at net.minecraft.world.item.crafting.Ingredient.m_43919_(Ingredient.java:219) ~[server-1.20.1-20230612.114412-srg.jar%23203!/:?]
	at net.minecraftforge.common.crafting.VanillaIngredientSerializer.parse(VanillaIngredientSerializer.java:27) ~[forge-1.20.1-47.4.0-universal.jar%23208!/:?]
	at net.minecraftforge.common.crafting.CraftingHelper.getIngredient(CraftingHelper.java:148) ~[forge-1.20.1-47.4.0-universal.jar%23208!/:?]
	at net.minecraft.world.item.crafting.Ingredient.m_288218_(Ingredient.java:194) ~[server-1.20.1-20230612.114412-srg.jar%23203!/:?]
	at net.minecraft.world.item.crafting.ShapedRecipe.m_44210_(ShapedRecipe.java:278) ~[server-1.20.1-20230612.114412-srg.jar%23203!/:?]
	at net.minecraft.world.item.crafting.ShapedRecipe$Serializer.m_6729_(ShapedRecipe.java:306) ~[server-1.20.1-20230612.114412-srg.jar%23203!/:?]
	at net.minecraft.world.item.crafting.ShapedRecipe$Serializer.m_6729_(ShapedRecipe.java:301) ~[server-1.20.1-20230612.114412-srg.jar%23203!/:?]
	at net.minecraftforge.common.extensions.IForgeRecipeSerializer.fromJson(IForgeRecipeSerializer.java:23) ~[forge-1.20.1-47.4.0-universal.jar%23208!/:?]
	at net.minecraft.world.item.crafting.RecipeManager.fromJson(RecipeManager.java:171) ~[server-1.20.1-20230612.114412-srg.jar%23203!/:?]
	at net.minecraft.world.item.crafting.RecipeManager.m_5787_(RecipeManager.java:67) ~[server-1.20.1-20230612.114412-srg.jar%23203!/:?]
	at net.minecraft.world.item.crafting.RecipeManager.m_5787_(RecipeManager.java:34) ~[server-1.20.1-20230612.114412-srg.jar%23203!/:?]
	at net.minecraft.server.packs.resources.SimplePreparableReloadListener.m_10789_(SimplePreparableReloadListener.java:13) ~[server-1.20.1-20230612.114412-srg.jar%23203!/:?]
	at java.util.concurrent.CompletableFuture$UniAccept.tryFire(CompletableFuture.java:718) ~[?:?]
	at java.util.concurrent.CompletableFuture$Completion.run(CompletableFuture.java:482) ~[?:?]
	at net.minecraft.server.packs.resources.SimpleReloadInstance.m_143940_(SimpleReloadInstance.java:69) ~[server-1.20.1-20230612.114412-srg.jar%23203!/:?]
	at net.minecraft.Util.m_214652_(Util.java:783) ~[server-1.20.1-20230612.114412-srg.jar%23203!/:?]
	at net.minecraft.Util.m_214679_(Util.java:772) ~[server-1.20.1-20230612.114412-srg.jar%23203!/:?]
	at net.minecraft.server.Main.main(Main.java:166) ~[server-1.20.1-20230612.114412-srg.jar%23203!/:?]
	at jdk.internal.reflect.NativeMethodAccessorImpl.invoke0(Native Method) ~[?:?]
	at jdk.internal.reflect.NativeMethodAccessorImpl.invoke(NativeMethodAccessorImpl.java:77) ~[?:?]
	at jdk.internal.reflect.DelegatingMethodAccessorImpl.invoke(DelegatingMethodAccessorImpl.java:43) ~[?:?]
	at java.lang.reflect.Method.invoke(Method.java:569) ~[?:?]
	at net.minecraftforge.fml.loading.targets.CommonLaunchHandler.runTarget(CommonLaunchHandler.java:111) ~[fmlloader-1.20.1-47.4.0.jar%2369!/:?]
	at net.minecraftforge.fml.loading.targets.CommonLaunchHandler.serverService(CommonLaunchHandler.java:103) ~[fmlloader-1.20.1-47.4.0.jar%2369!/:?]
	at net.minecraftforge.fml.loading.targets.CommonServerLaunchHandler.lambda$makeService$0(CommonServerLaunchHandler.java:27) ~[fmlloader-1.20.1-47.4.0.jar%2369!/:?]
	at cpw.mods.modlauncher.LaunchServiceHandlerDecorator.launch(LaunchServiceHandlerDecorator.java:30) ~[modlauncher-10.0.9.jar%2355!/:?]
	at cpw.mods.modlauncher.LaunchServiceHandler.launch(LaunchServiceHandler.java:53) ~[modlauncher-10.0.9.jar%2355!/:?]
	at cpw.mods.modlauncher.LaunchServiceHandler.launch(LaunchServiceHandler.java:71) ~[modlauncher-10.0.9.jar%2355!/:?]
	at cpw.mods.modlauncher.Launcher.run(Launcher.java:108) ~[modlauncher-10.0.9.jar%2355!/:?]
	at cpw.mods.modlauncher.Launcher.main(Launcher.java:78) ~[modlauncher-10.0.9.jar%2355!/:?]
	at cpw.mods.modlauncher.BootstrapLaunchConsumer.accept(BootstrapLaunchConsumer.java:26) ~[modlauncher-10.0.9.jar%2355!/:?]
	at cpw.mods.modlauncher.BootstrapLaunchConsumer.accept(BootstrapLaunchConsumer.java:23) ~[modlauncher-10.0.9.jar%2355!/:?]
	at cpw.mods.bootstraplauncher.BootstrapLauncher.main(BootstrapLauncher.java:141) ~[bootstraplauncher-1.1.2.jar:?]
[19Sep2025 23:07:53.583] [main/ERROR] [net.minecraft.world.item.crafting.RecipeManager/]: Parsing error loading recipe realisticforgingores:sledgehammerrecipe
com.google.gson.JsonSyntaxException: Unknown item 'realisticforgingores:deleted_mod_element'
	at net.minecraft.world.item.crafting.ShapedRecipe.m_151280_(ShapedRecipe.java:292) ~[server-1.20.1-20230612.114412-srg.jar%23203!/:?]
	at java.util.Optional.orElseThrow(Optional.java:403) ~[?:?]
	at net.minecraft.world.item.crafting.ShapedRecipe.m_151278_(ShapedRecipe.java:291) ~[server-1.20.1-20230612.114412-srg.jar%23203!/:?]
	at net.minecraft.world.item.crafting.Ingredient.m_43919_(Ingredient.java:219) ~[server-1.20.1-20230612.114412-srg.jar%23203!/:?]
	at net.minecraftforge.common.crafting.VanillaIngredientSerializer.parse(VanillaIngredientSerializer.java:27) ~[forge-1.20.1-47.4.0-universal.jar%23208!/:?]
	at net.minecraftforge.common.crafting.CraftingHelper.getIngredient(CraftingHelper.java:148) ~[forge-1.20.1-47.4.0-universal.jar%23208!/:?]
	at net.minecraft.world.item.crafting.Ingredient.m_288218_(Ingredient.java:194) ~[server-1.20.1-20230612.114412-srg.jar%23203!/:?]
	at net.minecraft.world.item.crafting.ShapedRecipe.m_44210_(ShapedRecipe.java:278) ~[server-1.20.1-20230612.114412-srg.jar%23203!/:?]
	at net.minecraft.world.item.crafting.ShapedRecipe$Serializer.m_6729_(ShapedRecipe.java:306) ~[server-1.20.1-20230612.114412-srg.jar%23203!/:?]
	at net.minecraft.world.item.crafting.ShapedRecipe$Serializer.m_6729_(ShapedRecipe.java:301) ~[server-1.20.1-20230612.114412-srg.jar%23203!/:?]
	at net.minecraftforge.common.extensions.IForgeRecipeSerializer.fromJson(IForgeRecipeSerializer.java:23) ~[forge-1.20.1-47.4.0-universal.jar%23208!/:?]
	at net.minecraft.world.item.crafting.RecipeManager.fromJson(RecipeManager.java:171) ~[server-1.20.1-20230612.114412-srg.jar%23203!/:?]
	at net.minecraft.world.item.crafting.RecipeManager.m_5787_(RecipeManager.java:67) ~[server-1.20.1-20230612.114412-srg.jar%23203!/:?]
	at net.minecraft.world.item.crafting.RecipeManager.m_5787_(RecipeManager.java:34) ~[server-1.20.1-20230612.114412-srg.jar%23203!/:?]
	at net.minecraft.server.packs.resources.SimplePreparableReloadListener.m_10789_(SimplePreparableReloadListener.java:13) ~[server-1.20.1-20230612.114412-srg.jar%23203!/:?]
	at java.util.concurrent.CompletableFuture$UniAccept.tryFire(CompletableFuture.java:718) ~[?:?]
	at java.util.concurrent.CompletableFuture$Completion.run(CompletableFuture.java:482) ~[?:?]
	at net.minecraft.server.packs.resources.SimpleReloadInstance.m_143940_(SimpleReloadInstance.java:69) ~[server-1.20.1-20230612.114412-srg.jar%23203!/:?]
	at net.minecraft.Util.m_214652_(Util.java:783) ~[server-1.20.1-20230612.114412-srg.jar%23203!/:?]
	at net.minecraft.Util.m_214679_(Util.java:772) ~[server-1.20.1-20230612.114412-srg.jar%23203!/:?]
	at net.minecraft.server.Main.main(Main.java:166) ~[server-1.20.1-20230612.114412-srg.jar%23203!/:?]
	at jdk.internal.reflect.NativeMethodAccessorImpl.invoke0(Native Method) ~[?:?]
	at jdk.internal.reflect.NativeMethodAccessorImpl.invoke(NativeMethodAccessorImpl.java:77) ~[?:?]
	at jdk.internal.reflect.DelegatingMethodAccessorImpl.invoke(DelegatingMethodAccessorImpl.java:43) ~[?:?]
	at java.lang.reflect.Method.invoke(Method.java:569) ~[?:?]
	at net.minecraftforge.fml.loading.targets.CommonLaunchHandler.runTarget(CommonLaunchHandler.java:111) ~[fmlloader-1.20.1-47.4.0.jar%2369!/:?]
	at net.minecraftforge.fml.loading.targets.CommonLaunchHandler.serverService(CommonLaunchHandler.java:103) ~[fmlloader-1.20.1-47.4.0.jar%2369!/:?]
	at net.minecraftforge.fml.loading.targets.CommonServerLaunchHandler.lambda$makeService$0(CommonServerLaunchHandler.java:27) ~[fmlloader-1.20.1-47.4.0.jar%2369!/:?]
	at cpw.mods.modlauncher.LaunchServiceHandlerDecorator.launch(LaunchServiceHandlerDecorator.java:30) ~[modlauncher-10.0.9.jar%2355!/:?]
	at cpw.mods.modlauncher.LaunchServiceHandler.launch(LaunchServiceHandler.java:53) ~[modlauncher-10.0.9.jar%2355!/:?]
	at cpw.mods.modlauncher.LaunchServiceHandler.launch(LaunchServiceHandler.java:71) ~[modlauncher-10.0.9.jar%2355!/:?]
	at cpw.mods.modlauncher.Launcher.run(Launcher.java:108) ~[modlauncher-10.0.9.jar%2355!/:?]
	at cpw.mods.modlauncher.Launcher.main(Launcher.java:78) ~[modlauncher-10.0.9.jar%2355!/:?]
	at cpw.mods.modlauncher.BootstrapLaunchConsumer.accept(BootstrapLaunchConsumer.java:26) ~[modlauncher-10.0.9.jar%2355!/:?]
	at cpw.mods.modlauncher.BootstrapLaunchConsumer.accept(BootstrapLaunchConsumer.java:23) ~[modlauncher-10.0.9.jar%2355!/:?]
	at cpw.mods.bootstraplauncher.BootstrapLauncher.main(BootstrapLauncher.java:141) ~[bootstraplauncher-1.1.2.jar:?]
[19Sep2025 23:07:53.610] [main/ERROR] [net.minecraft.world.item.crafting.RecipeManager/]: Parsing error loading recipe legendary_monsters:ender_hammer
com.google.gson.JsonSyntaxException: Unknown item 'legendary_monsters:ender_hammer'
	at net.minecraftforge.common.crafting.CraftingHelper.getItem(CraftingHelper.java:160) ~[forge-1.20.1-47.4.0-universal.jar%23208!/:?]
	at net.minecraftforge.common.crafting.CraftingHelper.getItemStack(CraftingHelper.java:186) ~[forge-1.20.1-47.4.0-universal.jar%23208!/:?]
	at net.minecraft.world.item.crafting.ShapedRecipe.m_151274_(ShapedRecipe.java:286) ~[server-1.20.1-20230612.114412-srg.jar%23203!/:?]
	at net.minecraft.world.item.crafting.ShapedRecipe$Serializer.m_6729_(ShapedRecipe.java:311) ~[server-1.20.1-20230612.114412-srg.jar%23203!/:?]
	at net.minecraft.world.item.crafting.ShapedRecipe$Serializer.m_6729_(ShapedRecipe.java:301) ~[server-1.20.1-20230612.114412-srg.jar%23203!/:?]
	at net.minecraftforge.common.extensions.IForgeRecipeSerializer.fromJson(IForgeRecipeSerializer.java:23) ~[forge-1.20.1-47.4.0-universal.jar%23208!/:?]
	at net.minecraft.world.item.crafting.RecipeManager.fromJson(RecipeManager.java:171) ~[server-1.20.1-20230612.114412-srg.jar%23203!/:?]
	at net.minecraft.world.item.crafting.RecipeManager.m_5787_(RecipeManager.java:67) ~[server-1.20.1-20230612.114412-srg.jar%23203!/:?]
	at net.minecraft.world.item.crafting.RecipeManager.m_5787_(RecipeManager.java:34) ~[server-1.20.1-20230612.114412-srg.jar%23203!/:?]
	at net.minecraft.server.packs.resources.SimplePreparableReloadListener.m_10789_(SimplePreparableReloadListener.java:13) ~[server-1.20.1-20230612.114412-srg.jar%23203!/:?]
	at java.util.concurrent.CompletableFuture$UniAccept.tryFire(CompletableFuture.java:718) ~[?:?]
	at java.util.concurrent.CompletableFuture$Completion.run(CompletableFuture.java:482) ~[?:?]
	at net.minecraft.server.packs.resources.SimpleReloadInstance.m_143940_(SimpleReloadInstance.java:69) ~[server-1.20.1-20230612.114412-srg.jar%23203!/:?]
	at net.minecraft.Util.m_214652_(Util.java:783) ~[server-1.20.1-20230612.114412-srg.jar%23203!/:?]
	at net.minecraft.Util.m_214679_(Util.java:772) ~[server-1.20.1-20230612.114412-srg.jar%23203!/:?]
	at net.minecraft.server.Main.main(Main.java:166) ~[server-1.20.1-20230612.114412-srg.jar%23203!/:?]
	at jdk.internal.reflect.NativeMethodAccessorImpl.invoke0(Native Method) ~[?:?]
	at jdk.internal.reflect.NativeMethodAccessorImpl.invoke(NativeMethodAccessorImpl.java:77) ~[?:?]
	at jdk.internal.reflect.DelegatingMethodAccessorImpl.invoke(DelegatingMethodAccessorImpl.java:43) ~[?:?]
	at java.lang.reflect.Method.invoke(Method.java:569) ~[?:?]
	at net.minecraftforge.fml.loading.targets.CommonLaunchHandler.runTarget(CommonLaunchHandler.java:111) ~[fmlloader-1.20.1-47.4.0.jar%2369!/:?]
	at net.minecraftforge.fml.loading.targets.CommonLaunchHandler.serverService(CommonLaunchHandler.java:103) ~[fmlloader-1.20.1-47.4.0.jar%2369!/:?]
	at net.minecraftforge.fml.loading.targets.CommonServerLaunchHandler.lambda$makeService$0(CommonServerLaunchHandler.java:27) ~[fmlloader-1.20.1-47.4.0.jar%2369!/:?]
	at cpw.mods.modlauncher.LaunchServiceHandlerDecorator.launch(LaunchServiceHandlerDecorator.java:30) ~[modlauncher-10.0.9.jar%2355!/:?]
	at cpw.mods.modlauncher.LaunchServiceHandler.launch(LaunchServiceHandler.java:53) ~[modlauncher-10.0.9.jar%2355!/:?]
	at cpw.mods.modlauncher.LaunchServiceHandler.launch(LaunchServiceHandler.java:71) ~[modlauncher-10.0.9.jar%2355!/:?]
	at cpw.mods.modlauncher.Launcher.run(Launcher.java:108) ~[modlauncher-10.0.9.jar%2355!/:?]
	at cpw.mods.modlauncher.Launcher.main(Launcher.java:78) ~[modlauncher-10.0.9.jar%2355!/:?]
	at cpw.mods.modlauncher.BootstrapLaunchConsumer.accept(BootstrapLaunchConsumer.java:26) ~[modlauncher-10.0.9.jar%2355!/:?]
	at cpw.mods.modlauncher.BootstrapLaunchConsumer.accept(BootstrapLaunchConsumer.java:23) ~[modlauncher-10.0.9.jar%2355!/:?]
	at cpw.mods.bootstraplauncher.BootstrapLauncher.main(BootstrapLauncher.java:141) ~[bootstraplauncher-1.1.2.jar:?]
[19Sep2025 23:07:53.637] [main/ERROR] [net.minecraft.world.item.crafting.RecipeManager/]: Parsing error loading recipe unusual_furniture:spruce_bench_craft
com.google.gson.JsonSyntaxException: Unknown item 'unusual_furniture:industrial_bench'
	at net.minecraftforge.common.crafting.CraftingHelper.getItem(CraftingHelper.java:160) ~[forge-1.20.1-47.4.0-universal.jar%23208!/:?]
	at net.minecraftforge.common.crafting.CraftingHelper.getItemStack(CraftingHelper.java:186) ~[forge-1.20.1-47.4.0-universal.jar%23208!/:?]
	at net.minecraft.world.item.crafting.ShapedRecipe.m_151274_(ShapedRecipe.java:286) ~[server-1.20.1-20230612.114412-srg.jar%23203!/:?]
	at net.minecraft.world.item.crafting.ShapedRecipe$Serializer.m_6729_(ShapedRecipe.java:311) ~[server-1.20.1-20230612.114412-srg.jar%23203!/:?]
	at net.minecraft.world.item.crafting.ShapedRecipe$Serializer.m_6729_(ShapedRecipe.java:301) ~[server-1.20.1-20230612.114412-srg.jar%23203!/:?]
	at net.minecraftforge.common.extensions.IForgeRecipeSerializer.fromJson(IForgeRecipeSerializer.java:23) ~[forge-1.20.1-47.4.0-universal.jar%23208!/:?]
	at net.minecraft.world.item.crafting.RecipeManager.fromJson(RecipeManager.java:171) ~[server-1.20.1-20230612.114412-srg.jar%23203!/:?]
	at net.minecraft.world.item.crafting.RecipeManager.m_5787_(RecipeManager.java:67) ~[server-1.20.1-20230612.114412-srg.jar%23203!/:?]
	at net.minecraft.world.item.crafting.RecipeManager.m_5787_(RecipeManager.java:34) ~[server-1.20.1-20230612.114412-srg.jar%23203!/:?]
	at net.minecraft.server.packs.resources.SimplePreparableReloadListener.m_10789_(SimplePreparableReloadListener.java:13) ~[server-1.20.1-20230612.114412-srg.jar%23203!/:?]
	at java.util.concurrent.CompletableFuture$UniAccept.tryFire(CompletableFuture.java:718) ~[?:?]
	at java.util.concurrent.CompletableFuture$Completion.run(CompletableFuture.java:482) ~[?:?]
	at net.minecraft.server.packs.resources.SimpleReloadInstance.m_143940_(SimpleReloadInstance.java:69) ~[server-1.20.1-20230612.114412-srg.jar%23203!/:?]
	at net.minecraft.Util.m_214652_(Util.java:783) ~[server-1.20.1-20230612.114412-srg.jar%23203!/:?]
	at net.minecraft.Util.m_214679_(Util.java:772) ~[server-1.20.1-20230612.114412-srg.jar%23203!/:?]
	at net.minecraft.server.Main.main(Main.java:166) ~[server-1.20.1-20230612.114412-srg.jar%23203!/:?]
	at jdk.internal.reflect.NativeMethodAccessorImpl.invoke0(Native Method) ~[?:?]
	at jdk.internal.reflect.NativeMethodAccessorImpl.invoke(NativeMethodAccessorImpl.java:77) ~[?:?]
	at jdk.internal.reflect.DelegatingMethodAccessorImpl.invoke(DelegatingMethodAccessorImpl.java:43) ~[?:?]
	at java.lang.reflect.Method.invoke(Method.java:569) ~[?:?]
	at net.minecraftforge.fml.loading.targets.CommonLaunchHandler.runTarget(CommonLaunchHandler.java:111) ~[fmlloader-1.20.1-47.4.0.jar%2369!/:?]
	at net.minecraftforge.fml.loading.targets.CommonLaunchHandler.serverService(CommonLaunchHandler.java:103) ~[fmlloader-1.20.1-47.4.0.jar%2369!/:?]
	at net.minecraftforge.fml.loading.targets.CommonServerLaunchHandler.lambda$makeService$0(CommonServerLaunchHandler.java:27) ~[fmlloader-1.20.1-47.4.0.jar%2369!/:?]
	at cpw.mods.modlauncher.LaunchServiceHandlerDecorator.launch(LaunchServiceHandlerDecorator.java:30) ~[modlauncher-10.0.9.jar%2355!/:?]
	at cpw.mods.modlauncher.LaunchServiceHandler.launch(LaunchServiceHandler.java:53) ~[modlauncher-10.0.9.jar%2355!/:?]
	at cpw.mods.modlauncher.LaunchServiceHandler.launch(LaunchServiceHandler.java:71) ~[modlauncher-10.0.9.jar%2355!/:?]
	at cpw.mods.modlauncher.Launcher.run(Launcher.java:108) ~[modlauncher-10.0.9.jar%2355!/:?]
	at cpw.mods.modlauncher.Launcher.main(Launcher.java:78) ~[modlauncher-10.0.9.jar%2355!/:?]
	at cpw.mods.modlauncher.BootstrapLaunchConsumer.accept(BootstrapLaunchConsumer.java:26) ~[modlauncher-10.0.9.jar%2355!/:?]
	at cpw.mods.modlauncher.BootstrapLaunchConsumer.accept(BootstrapLaunchConsumer.java:23) ~[modlauncher-10.0.9.jar%2355!/:?]
	at cpw.mods.bootstraplauncher.BootstrapLauncher.main(BootstrapLauncher.java:141) ~[bootstraplauncher-1.1.2.jar:?]
[19Sep2025 23:07:53.671] [main/ERROR] [net.minecraft.world.item.crafting.RecipeManager/]: Parsing error loading recipe minecraft:netherite_ingot
com.google.gson.JsonSyntaxException: Invalid item: minecraft:air
	at net.minecraftforge.common.crafting.CraftingHelper.getItem(CraftingHelper.java:164) ~[forge-1.20.1-47.4.0-universal.jar%23208!/:?]
	at net.minecraftforge.common.crafting.CraftingHelper.getItemStack(CraftingHelper.java:186) ~[forge-1.20.1-47.4.0-universal.jar%23208!/:?]
	at net.minecraft.world.item.crafting.ShapedRecipe.m_151274_(ShapedRecipe.java:286) ~[server-1.20.1-20230612.114412-srg.jar%23203!/:?]
	at net.minecraft.world.item.crafting.ShapedRecipe$Serializer.m_6729_(ShapedRecipe.java:311) ~[server-1.20.1-20230612.114412-srg.jar%23203!/:?]
	at net.minecraft.world.item.crafting.ShapedRecipe$Serializer.m_6729_(ShapedRecipe.java:301) ~[server-1.20.1-20230612.114412-srg.jar%23203!/:?]
	at net.minecraftforge.common.extensions.IForgeRecipeSerializer.fromJson(IForgeRecipeSerializer.java:23) ~[forge-1.20.1-47.4.0-universal.jar%23208!/:?]
	at net.minecraft.world.item.crafting.RecipeManager.fromJson(RecipeManager.java:171) ~[server-1.20.1-20230612.114412-srg.jar%23203!/:?]
	at net.minecraft.world.item.crafting.RecipeManager.m_5787_(RecipeManager.java:67) ~[server-1.20.1-20230612.114412-srg.jar%23203!/:?]
	at net.minecraft.world.item.crafting.RecipeManager.m_5787_(RecipeManager.java:34) ~[server-1.20.1-20230612.114412-srg.jar%23203!/:?]
	at net.minecraft.server.packs.resources.SimplePreparableReloadListener.m_10789_(SimplePreparableReloadListener.java:13) ~[server-1.20.1-20230612.114412-srg.jar%23203!/:?]
	at java.util.concurrent.CompletableFuture$UniAccept.tryFire(CompletableFuture.java:718) ~[?:?]
	at java.util.concurrent.CompletableFuture$Completion.run(CompletableFuture.java:482) ~[?:?]
	at net.minecraft.server.packs.resources.SimpleReloadInstance.m_143940_(SimpleReloadInstance.java:69) ~[server-1.20.1-20230612.114412-srg.jar%23203!/:?]
	at net.minecraft.Util.m_214652_(Util.java:783) ~[server-1.20.1-20230612.114412-srg.jar%23203!/:?]
	at net.minecraft.Util.m_214679_(Util.java:772) ~[server-1.20.1-20230612.114412-srg.jar%23203!/:?]
	at net.minecraft.server.Main.main(Main.java:166) ~[server-1.20.1-20230612.114412-srg.jar%23203!/:?]
	at jdk.internal.reflect.NativeMethodAccessorImpl.invoke0(Native Method) ~[?:?]
	at jdk.internal.reflect.NativeMethodAccessorImpl.invoke(NativeMethodAccessorImpl.java:77) ~[?:?]
	at jdk.internal.reflect.DelegatingMethodAccessorImpl.invoke(DelegatingMethodAccessorImpl.java:43) ~[?:?]
	at java.lang.reflect.Method.invoke(Method.java:569) ~[?:?]
	at net.minecraftforge.fml.loading.targets.CommonLaunchHandler.runTarget(CommonLaunchHandler.java:111) ~[fmlloader-1.20.1-47.4.0.jar%2369!/:?]
	at net.minecraftforge.fml.loading.targets.CommonLaunchHandler.serverService(CommonLaunchHandler.java:103) ~[fmlloader-1.20.1-47.4.0.jar%2369!/:?]
	at net.minecraftforge.fml.loading.targets.CommonServerLaunchHandler.lambda$makeService$0(CommonServerLaunchHandler.java:27) ~[fmlloader-1.20.1-47.4.0.jar%2369!/:?]
	at cpw.mods.modlauncher.LaunchServiceHandlerDecorator.launch(LaunchServiceHandlerDecorator.java:30) ~[modlauncher-10.0.9.jar%2355!/:?]
	at cpw.mods.modlauncher.LaunchServiceHandler.launch(LaunchServiceHandler.java:53) ~[modlauncher-10.0.9.jar%2355!/:?]
	at cpw.mods.modlauncher.LaunchServiceHandler.launch(LaunchServiceHandler.java:71) ~[modlauncher-10.0.9.jar%2355!/:?]
	at cpw.mods.modlauncher.Launcher.run(Launcher.java:108) ~[modlauncher-10.0.9.jar%2355!/:?]
	at cpw.mods.modlauncher.Launcher.main(Launcher.java:78) ~[modlauncher-10.0.9.jar%2355!/:?]
	at cpw.mods.modlauncher.BootstrapLaunchConsumer.accept(BootstrapLaunchConsumer.java:26) ~[modlauncher-10.0.9.jar%2355!/:?]
	at cpw.mods.modlauncher.BootstrapLaunchConsumer.accept(BootstrapLaunchConsumer.java:23) ~[modlauncher-10.0.9.jar%2355!/:?]
	at cpw.mods.bootstraplauncher.BootstrapLauncher.main(BootstrapLauncher.java:141) ~[bootstraplauncher-1.1.2.jar:?]
[19Sep2025 23:07:53.789] [main/INFO] [net.minecraft.world.item.crafting.RecipeManager/]: Loaded 12 recipes
[19Sep2025 23:07:53.856] [main/ERROR] [net.minecraft.server.ServerAdvancementManager/]: Parsing error loading custom advancement realisticforgingores:breaking_diamond_advancement: Expected item to be an item, was unknown string 'realisticforgingores:deleted_mod_element'
[19Sep2025 23:07:53.861] [main/ERROR] [net.minecraft.server.ServerAdvancementManager/]: Parsing error loading custom advancement realisticforgingores:smelting_iron_part_advancement: Expected item to be an item, was unknown string 'realisticforgingores:deleted_mod_element'
[19Sep2025 23:07:53.867] [main/ERROR] [net.minecraft.server.ServerAdvancementManager/]: Parsing error loading custom advancement realisticforgingores:assembling_iron_for_armor: Expected item to be an item, was unknown string 'realisticforgingores:deleted_mod_element'
[19Sep2025 23:07:53.870] [main/ERROR] [net.minecraft.server.ServerAdvancementManager/]: Parsing error loading custom advancement realisticforgingores:first_drawing: Expected item to be an item, was unknown string 'realisticforgingores:deleted_mod_element'
[19Sep2025 23:07:53.894] [main/ERROR] [net.minecraft.server.ServerAdvancementManager/]: Parsing error loading custom advancement realisticforgingores:three_iron_scraps: Expected item to be an item, was unknown string 'realisticforgingores:deleted_mod_element'
[19Sep2025 23:07:53.896] [main/ERROR] [net.minecraft.server.ServerAdvancementManager/]: Parsing error loading custom advancement legendary_monsters:defeat_ambusher: Expected item to be an item, was unknown string 'legendary_monsters:ancient_dripstone_shard'
[19Sep2025 23:07:53.900] [main/ERROR] [net.minecraft.server.ServerAdvancementManager/]: Parsing error loading custom advancement realisticforgingores:assembling_iron_for_sword: Expected item to be an item, was unknown string 'realisticforgingores:deleted_mod_element'
[19Sep2025 23:07:53.935] [main/ERROR] [net.minecraft.advancements.AdvancementList/]: Couldn't load advancement realisticforgingores:craft_iron_armor: Task Advancement{parentId=realisticforgingores:first_drawing, display=net.minecraft.advancements.DisplayInfo@4dd9c5d1, rewards=AdvancementRewards{experience=0, loot=[], recipes=[], function=net.minecraft.commands.CommandFunction$CacheableFunction@70357155}, criteria={craft_iron_armor_0=net.minecraft.advancements.Criterion@28adfdaf}, requirements=[[craft_iron_armor_0]], sends_telemetry_event=false}
[19Sep2025 23:07:53.935] [main/ERROR] [net.minecraft.advancements.AdvancementList/]: Couldn't load advancement realisticforgingores:crafting_big_pan_advancement: Task Advancement{parentId=realisticforgingores:breaking_diamond_advancement, display=net.minecraft.advancements.DisplayInfo@32557d31, rewards=AdvancementRewards{experience=0, loot=[], recipes=[], function=net.minecraft.commands.CommandFunction$CacheableFunction@70357155}, criteria={crafting_big_pan_advancement_0=net.minecraft.advancements.Criterion@e088c2}, requirements=[[crafting_big_pan_advancement_0]], sends_telemetry_event=false}
[19Sep2025 23:07:53.935] [main/ERROR] [net.minecraft.advancements.AdvancementList/]: Couldn't load advancement realisticforgingores:crafting_diamond_sword_advancement: Task Advancement{parentId=realisticforgingores:deleted_mod_element, display=net.minecraft.advancements.DisplayInfo@1b794c9e, rewards=AdvancementRewards{experience=0, loot=[], recipes=[], function=net.minecraft.commands.CommandFunction$CacheableFunction@70357155}, criteria={crafting_diamond_sword_advancement_0=net.minecraft.advancements.Criterion@1f5b71ab}, requirements=[[crafting_diamond_sword_advancement_0]], sends_telemetry_event=false}
[19Sep2025 23:07:53.935] [main/ERROR] [net.minecraft.advancements.AdvancementList/]: Couldn't load advancement realisticforgingores:craft_iron_sword: Task Advancement{parentId=realisticforgingores:assembling_iron_for_sword, display=net.minecraft.advancements.DisplayInfo@1938c520, rewards=AdvancementRewards{experience=0, loot=[], recipes=[], function=net.minecraft.commands.CommandFunction$CacheableFunction@70357155}, criteria={craft_iron_sword_0=net.minecraft.advancements.Criterion@5daa2985}, requirements=[[craft_iron_sword_0]], sends_telemetry_event=false}
[19Sep2025 23:07:53.936] [main/INFO] [net.minecraft.advancements.AdvancementList/]: Loaded 2136 advancements
[19Sep2025 23:07:56.655] [main/INFO] [top.theillusivec4.curios.Curios/]: Loaded 10 curio slots
[19Sep2025 23:07:56.661] [main/INFO] [top.theillusivec4.curios.Curios/]: Loaded 1 curio entities
[19Sep2025 23:07:56.664] [main/WARN] [epicfight/]: Skill cdmoveset:fatalslash doesn't exist in the registry.
[19Sep2025 23:07:56.665] [main/WARN] [epicfight/]: Skill cdmoveset:sstep doesn't exist in the registry.
[19Sep2025 23:07:56.673] [main/WARN] [epicfight/]: Item Capability Exception: No item named cdmoveset:t_yamato
[19Sep2025 23:07:56.675] [main/WARN] [epicfight/]: Item Capability Exception: No item named dark_souls_expansion:great_axe
[19Sep2025 23:07:56.678] [main/WARN] [epicfight/]: Item Capability Exception: No item named epicfight:greataxe
[19Sep2025 23:07:56.682] [main/WARN] [epicfight/]: Item Capability Exception: No item named epicfight:shortsword
[19Sep2025 23:07:56.684] [main/WARN] [epicfight/]: Item Capability Exception: No item named epicfight:zweihander
[19Sep2025 23:07:56.685] [main/WARN] [epicfight/]: Item Capability Exception: No item named epicfight:broadsword
[19Sep2025 23:07:56.686] [main/WARN] [epicfight/]: Item Capability Exception: No item named epicfight:ghost_blade
[19Sep2025 23:07:56.687] [main/WARN] [epicfight/]: Item Capability Exception: No item named epicfight:dagger
[19Sep2025 23:07:56.688] [main/WARN] [epicfight/]: Item Capability Exception: No item named epicfight:broken_straight_sword
[19Sep2025 23:07:56.688] [main/WARN] [epicfight/]: Item Capability Exception: No item named epicfight:greatsword
[19Sep2025 23:07:56.690] [main/WARN] [epicfight/]: Item Capability Exception: No item named dark_souls_expansion:serpent_man_sword
[19Sep2025 23:07:56.741] [main/INFO] [Antique Atlas/]: Apply structure piece config: minecraft:village/snowy/houses/snowy_medium_house_1
[19Sep2025 23:07:56.741] [main/INFO] [Antique Atlas/]: Apply structure piece config: minecraft:village/snowy/houses/snowy_medium_house_2
[19Sep2025 23:07:56.741] [main/INFO] [Antique Atlas/]: Apply structure piece config: minecraft:village/snowy/houses/snowy_medium_house_3
[19Sep2025 23:07:56.741] [main/INFO] [Antique Atlas/]: Apply structure piece config: minecraft:village/taiga/zombie/houses/taiga_shepherds_house_1
[19Sep2025 23:07:56.741] [main/INFO] [Antique Atlas/]: Apply structure piece config: minecraft:village/snowy/houses/snowy_small_house_8
[19Sep2025 23:07:56.741] [main/INFO] [Antique Atlas/]: Apply structure piece config: minecraft:village/snowy/snowy_lamp_post_03
[19Sep2025 23:07:56.741] [main/INFO] [Antique Atlas/]: Apply structure piece config: minecraft:village/snowy/houses/snowy_small_house_7
[19Sep2025 23:07:56.741] [main/INFO] [Antique Atlas/]: Apply structure piece config: minecraft:village/snowy/snowy_lamp_post_02
[19Sep2025 23:07:56.741] [main/INFO] [Antique Atlas/]: Apply structure piece config: minecraft:village/snowy/houses/snowy_small_house_6
[19Sep2025 23:07:56.741] [main/INFO] [Antique Atlas/]: Apply structure piece config: minecraft:village/snowy/snowy_lamp_post_01
[19Sep2025 23:07:56.741] [main/INFO] [Antique Atlas/]: Apply structure piece config: minecraft:village/snowy/houses/snowy_small_house_5
[19Sep2025 23:07:56.741] [main/INFO] [Antique Atlas/]: Apply structure piece config: minecraft:village/snowy/houses/snowy_small_house_4
[19Sep2025 23:07:56.741] [main/INFO] [Antique Atlas/]: Apply structure piece config: minecraft:village/snowy/houses/snowy_small_house_3
[19Sep2025 23:07:56.742] [main/INFO] [Antique Atlas/]: Apply structure piece config: minecraft:village/snowy/houses/snowy_small_house_2
[19Sep2025 23:07:56.742] [main/INFO] [Antique Atlas/]: Apply structure piece config: minecraft:village/snowy/houses/snowy_small_house_1
[19Sep2025 23:07:56.742] [main/INFO] [Antique Atlas/]: Apply structure piece config: minecraft:village/desert/streets/crossroad_02
[19Sep2025 23:07:56.742] [main/INFO] [Antique Atlas/]: Apply structure piece config: minecraft:village/desert/streets/crossroad_03
[19Sep2025 23:07:56.742] [main/INFO] [Antique Atlas/]: Apply structure piece config: minecraft:village/desert/streets/crossroad_01
[19Sep2025 23:07:56.742] [main/INFO] [Antique Atlas/]: Apply structure piece config: minecraft:village/plains/houses/plains_meeting_point_4
[19Sep2025 23:07:56.742] [main/INFO] [Antique Atlas/]: Apply structure piece config: minecraft:village/plains/zombie/streets/straight_01
[19Sep2025 23:07:56.742] [main/INFO] [Antique Atlas/]: Apply structure piece config: minecraft:village/plains/zombie/streets/straight_02
[19Sep2025 23:07:56.742] [main/INFO] [Antique Atlas/]: Apply structure piece config: minecraft:village/plains/zombie/streets/straight_03
[19Sep2025 23:07:56.742] [main/INFO] [Antique Atlas/]: Apply structure piece config: minecraft:village/plains/zombie/streets/straight_04
[19Sep2025 23:07:56.742] [main/INFO] [Antique Atlas/]: Apply structure piece config: minecraft:village/plains/zombie/streets/straight_05
[19Sep2025 23:07:56.743] [main/INFO] [Antique Atlas/]: Apply structure piece config: minecraft:village/plains/zombie/streets/straight_06
[19Sep2025 23:07:56.743] [main/INFO] [Antique Atlas/]: Apply structure piece config: minecraft:village/plains/houses/plains_meeting_point_5
[19Sep2025 23:07:56.743] [main/INFO] [Antique Atlas/]: Apply structure piece config: minecraft:village/plains/streets/straight_01
[19Sep2025 23:07:56.743] [main/INFO] [Antique Atlas/]: Apply structure piece config: minecraft:village/plains/streets/straight_05
[19Sep2025 23:07:56.743] [main/INFO] [Antique Atlas/]: Apply structure piece config: minecraft:village/plains/streets/straight_04
[19Sep2025 23:07:56.743] [main/INFO] [Antique Atlas/]: Apply structure piece config: minecraft:village/plains/streets/straight_03
[19Sep2025 23:07:56.743] [main/INFO] [Antique Atlas/]: Apply structure piece config: minecraft:village/plains/streets/straight_02
[19Sep2025 23:07:56.743] [main/INFO] [Antique Atlas/]: Apply structure piece config: minecraft:village/taiga/houses/taiga_large_farm_1
[19Sep2025 23:07:56.743] [main/INFO] [Antique Atlas/]: Apply structure piece config: minecraft:village/plains/streets/straight_06
[19Sep2025 23:07:56.743] [main/INFO] [Antique Atlas/]: Apply structure piece config: minecraft:village/taiga/houses/taiga_large_farm_2
[19Sep2025 23:07:56.743] [main/INFO] [Antique Atlas/]: Apply structure piece config: minecraft:village/plains/zombie/houses/plains_small_house_5
[19Sep2025 23:07:56.743] [main/INFO] [Antique Atlas/]: Apply structure piece config: minecraft:village/taiga/zombie/houses/taiga_cartographer_house_1
[19Sep2025 23:07:56.743] [main/INFO] [Antique Atlas/]: Apply structure piece config: minecraft:village/plains/zombie/houses/plains_small_house_4
[19Sep2025 23:07:56.743] [main/INFO] [Antique Atlas/]: Apply structure piece config: minecraft:village/plains/zombie/houses/plains_small_house_7
[19Sep2025 23:07:56.743] [main/INFO] [Antique Atlas/]: Apply structure piece config: minecraft:village/desert/zombie/houses/desert_medium_house_1
[19Sep2025 23:07:56.743] [main/INFO] [Antique Atlas/]: Apply structure piece config: minecraft:village/plains/zombie/houses/plains_small_house_6
[19Sep2025 23:07:56.743] [main/INFO] [Antique Atlas/]: Apply structure piece config: minecraft:village/desert/houses/desert_farm_1
[19Sep2025 23:07:56.743] [main/INFO] [Antique Atlas/]: Apply structure piece config: minecraft:village/desert/zombie/houses/desert_medium_house_2
[19Sep2025 23:07:56.743] [main/INFO] [Antique Atlas/]: Apply structure piece config: minecraft:village/desert/houses/desert_farm_2
[19Sep2025 23:07:56.743] [main/INFO] [Antique Atlas/]: Apply structure piece config: minecraft:village/plains/zombie/houses/plains_small_house_8
[19Sep2025 23:07:56.744] [main/INFO] [Antique Atlas/]: Apply structure piece config: minecraft:village/desert/houses/desert_library_1
[19Sep2025 23:07:56.744] [main/INFO] [Antique Atlas/]: Apply structure piece config: minecraft:village/desert/houses/desert_armorer_1
[19Sep2025 23:07:56.744] [main/INFO] [Antique Atlas/]: Apply structure piece config: minecraft:village/savanna/savanna_lamp_post_01
[19Sep2025 23:07:56.744] [main/INFO] [Antique Atlas/]: Apply structure piece config: minecraft:village/desert/zombie/streets/straight_02
[19Sep2025 23:07:56.744] [main/INFO] [Antique Atlas/]: Apply structure piece config: minecraft:village/desert/zombie/streets/straight_01
[19Sep2025 23:07:56.744] [main/INFO] [Antique Atlas/]: Apply structure piece config: minecraft:village/desert/zombie/streets/straight_03
[19Sep2025 23:07:56.744] [main/INFO] [Antique Atlas/]: Apply structure piece config: minecraft:village/plains/zombie/houses/plains_small_house_1
[19Sep2025 23:07:56.744] [main/INFO] [Antique Atlas/]: Apply structure piece config: minecraft:village/plains/zombie/houses/plains_small_house_3
[19Sep2025 23:07:56.744] [main/INFO] [Antique Atlas/]: Apply structure piece config: minecraft:village/plains/zombie/houses/plains_small_house_2
[19Sep2025 23:07:56.744] [main/INFO] [Antique Atlas/]: Apply structure piece config: minecraft:village/savanna/zombie/streets/crossroad_02
[19Sep2025 23:07:56.744] [main/INFO] [Antique Atlas/]: Apply structure piece config: minecraft:village/savanna/zombie/streets/crossroad_03
[19Sep2025 23:07:56.744] [main/INFO] [Antique Atlas/]: Apply structure piece config: minecraft:village/savanna/zombie/streets/crossroad_06
[19Sep2025 23:07:56.744] [main/INFO] [Antique Atlas/]: Apply structure piece config: minecraft:village/savanna/zombie/streets/crossroad_07
[19Sep2025 23:07:56.744] [main/INFO] [Antique Atlas/]: Apply structure piece config: minecraft:village/savanna/zombie/streets/crossroad_04
[19Sep2025 23:07:56.744] [main/INFO] [Antique Atlas/]: Apply structure piece config: minecraft:village/savanna/zombie/streets/crossroad_05
[19Sep2025 23:07:56.744] [main/INFO] [Antique Atlas/]: Apply structure piece config: minecraft:village/plains/houses/plains_stable_2
[19Sep2025 23:07:56.744] [main/INFO] [Antique Atlas/]: Apply structure piece config: minecraft:village/plains/houses/plains_stable_1
[19Sep2025 23:07:56.744] [main/INFO] [Antique Atlas/]: Apply structure piece config: minecraft:village/taiga/zombie/streets/corner_03
[19Sep2025 23:07:56.744] [main/INFO] [Antique Atlas/]: Apply structure piece config: minecraft:village/taiga/houses/taiga_small_house_2
[19Sep2025 23:07:56.744] [main/INFO] [Antique Atlas/]: Apply structure piece config: minecraft:village/taiga/zombie/streets/corner_01
[19Sep2025 23:07:56.745] [main/INFO] [Antique Atlas/]: Apply structure piece config: minecraft:village/taiga/houses/taiga_small_house_1
[19Sep2025 23:07:56.745] [main/INFO] [Antique Atlas/]: Apply structure piece config: minecraft:village/taiga/zombie/streets/corner_02
[19Sep2025 23:07:56.745] [main/INFO] [Antique Atlas/]: Apply structure piece config: minecraft:village/taiga/houses/taiga_small_house_4
[19Sep2025 23:07:56.745] [main/INFO] [Antique Atlas/]: Apply structure piece config: minecraft:village/taiga/houses/taiga_small_house_3
[19Sep2025 23:07:56.745] [main/INFO] [Antique Atlas/]: Apply structure piece config: minecraft:village/taiga/houses/taiga_small_house_5
[19Sep2025 23:07:56.745] [main/INFO] [Antique Atlas/]: Apply structure piece config: minecraft:village/taiga/zombie/streets/turn_01
[19Sep2025 23:07:56.745] [main/INFO] [Antique Atlas/]: Apply structure piece config: minecraft:village/snowy/streets/straight_02
[19Sep2025 23:07:56.745] [main/INFO] [Antique Atlas/]: Apply structure piece config: minecraft:village/snowy/streets/straight_01
[19Sep2025 23:07:56.745] [main/INFO] [Antique Atlas/]: Apply structure piece config: minecraft:village/desert/houses/desert_tannery_1
[19Sep2025 23:07:56.745] [main/INFO] [Antique Atlas/]: Apply structure piece config: minecraft:village/taiga/zombie/houses/taiga_large_farm_2
[19Sep2025 23:07:56.745] [main/INFO] [Antique Atlas/]: Apply structure piece config: minecraft:village/taiga/houses/taiga_animal_pen_1
[19Sep2025 23:07:56.745] [main/INFO] [Antique Atlas/]: Apply structure piece config: minecraft:village/snowy/houses/snowy_fisher_cottage
[19Sep2025 23:07:56.746] [main/INFO] [Antique Atlas/]: Apply structure piece config: minecraft:village/savanna/houses/savanna_weaponsmith_1
[19Sep2025 23:07:56.746] [main/INFO] [Antique Atlas/]: Apply structure piece config: minecraft:village/snowy/zombie/streets/corner_03
[19Sep2025 23:07:56.746] [main/INFO] [Antique Atlas/]: Apply structure piece config: minecraft:village/taiga/streets/corner_01
[19Sep2025 23:07:56.746] [main/INFO] [Antique Atlas/]: Apply structure piece config: minecraft:village/savanna/houses/savanna_weaponsmith_2
[19Sep2025 23:07:56.746] [main/INFO] [Antique Atlas/]: Apply structure piece config: minecraft:village/snowy/zombie/streets/corner_02
[19Sep2025 23:07:56.746] [main/INFO] [Antique Atlas/]: Apply structure piece config: minecraft:village/taiga/streets/corner_02
[19Sep2025 23:07:56.746] [main/INFO] [Antique Atlas/]: Apply structure piece config: minecraft:village/snowy/zombie/streets/corner_01
[19Sep2025 23:07:56.746] [main/INFO] [Antique Atlas/]: Apply structure piece config: minecraft:village/taiga/streets/corner_03
[19Sep2025 23:07:56.746] [main/INFO] [Antique Atlas/]: Apply structure piece config: minecraft:village/plains/zombie/houses/plains_butcher_shop_2
[19Sep2025 23:07:56.746] [main/INFO] [Antique Atlas/]: Apply structure piece config: minecraft:village/savanna/houses/savanna_temple_1
[19Sep2025 23:07:56.747] [main/INFO] [Antique Atlas/]: Apply structure piece config: minecraft:village/savanna/houses/savanna_shepherd_1
[19Sep2025 23:07:56.747] [main/INFO] [Antique Atlas/]: Apply structure piece config: minecraft:village/savanna/houses/savanna_temple_2
[19Sep2025 23:07:56.747] [main/INFO] [Antique Atlas/]: Apply structure piece config: minecraft:village/desert/streets/turn_01
[19Sep2025 23:07:56.747] [main/INFO] [Antique Atlas/]: Apply structure piece config: minecraft:village/desert/zombie/streets/square_02
[19Sep2025 23:07:56.747] [main/INFO] [Antique Atlas/]: Apply structure piece config: minecraft:village/desert/zombie/streets/square_01
[19Sep2025 23:07:56.747] [main/INFO] [Antique Atlas/]: Apply structure piece config: minecraft:village/savanna/town_centers/savanna_meeting_point_2
[19Sep2025 23:07:56.748] [main/INFO] [Antique Atlas/]: Apply structure piece config: minecraft:village/savanna/town_centers/savanna_meeting_point_1
[19Sep2025 23:07:56.748] [main/INFO] [Antique Atlas/]: Apply structure piece config: minecraft:village/plains/zombie/houses/plains_stable_1
[19Sep2025 23:07:56.748] [main/INFO] [Antique Atlas/]: Apply structure piece config: minecraft:village/savanna/town_centers/savanna_meeting_point_4
[19Sep2025 23:07:56.748] [main/INFO] [Antique Atlas/]: Apply structure piece config: minecraft:village/savanna/town_centers/savanna_meeting_point_3
[19Sep2025 23:07:56.748] [main/INFO] [Antique Atlas/]: Apply structure piece config: minecraft:village/snowy/houses/snowy_shepherds_house_1
[19Sep2025 23:07:56.748] [main/INFO] [Antique Atlas/]: Apply structure piece config: minecraft:village/plains/houses/plains_tool_smith_1
[19Sep2025 23:07:56.748] [main/INFO] [Antique Atlas/]: Apply structure piece config: minecraft:village/savanna/zombie/houses/savanna_large_farm_2
[19Sep2025 23:07:56.748] [main/INFO] [Antique Atlas/]: Apply structure piece config: minecraft:village/taiga/zombie/houses/taiga_medium_house_1
[19Sep2025 23:07:56.748] [main/INFO] [Antique Atlas/]: Apply structure piece config: minecraft:village/taiga/zombie/houses/taiga_medium_house_2
[19Sep2025 23:07:56.748] [main/INFO] [Antique Atlas/]: Apply structure piece config: minecraft:village/snowy/houses/snowy_butchers_shop_1
[19Sep2025 23:07:56.748] [main/INFO] [Antique Atlas/]: Apply structure piece config: minecraft:village/taiga/zombie/houses/taiga_medium_house_3
[19Sep2025 23:07:56.748] [main/INFO] [Antique Atlas/]: Apply structure piece config: minecraft:village/snowy/houses/snowy_butchers_shop_2
[19Sep2025 23:07:56.749] [main/INFO] [Antique Atlas/]: Apply structure piece config: minecraft:village/taiga/zombie/houses/taiga_medium_house_4
[19Sep2025 23:07:56.749] [main/INFO] [Antique Atlas/]: Apply structure piece config: minecraft:village/savanna/houses/savanna_fletcher_house_1
[19Sep2025 23:07:56.749] [main/INFO] [Antique Atlas/]: Apply structure piece config: minecraft:village/snowy/streets/straight_08
[19Sep2025 23:07:56.749] [main/INFO] [Antique Atlas/]: Apply structure piece config: minecraft:village/savanna/zombie/streets/corner_01
[19Sep2025 23:07:56.749] [main/INFO] [Antique Atlas/]: Apply structure piece config: minecraft:village/savanna/zombie/streets/corner_03
[19Sep2025 23:07:56.749] [main/INFO] [Antique Atlas/]: Apply structure piece config: minecraft:village/snowy/streets/straight_04
[19Sep2025 23:07:56.749] [main/INFO] [Antique Atlas/]: Apply structure piece config: minecraft:village/snowy/streets/straight_03
[19Sep2025 23:07:56.749] [main/INFO] [Antique Atlas/]: Apply structure piece config: minecraft:village/snowy/streets/straight_06
[19Sep2025 23:07:56.749] [main/INFO] [Antique Atlas/]: Apply structure piece config: minecraft:village/plains/streets/corner_03
[19Sep2025 23:07:56.749] [main/INFO] [Antique Atlas/]: Apply structure piece config: minecraft:village/plains/streets/corner_01
[19Sep2025 23:07:56.749] [main/INFO] [Antique Atlas/]: Apply structure piece config: minecraft:village/taiga/houses/taiga_butcher_shop_1
[19Sep2025 23:07:56.749] [main/INFO] [Antique Atlas/]: Apply structure piece config: minecraft:village/plains/streets/corner_02
[19Sep2025 23:07:56.750] [main/INFO] [Antique Atlas/]: Apply structure piece config: minecraft:village/desert/zombie/town_centers/desert_meeting_point_1
[19Sep2025 23:07:56.750] [main/INFO] [Antique Atlas/]: Apply structure piece config: minecraft:village/desert/zombie/town_centers/desert_meeting_point_3
[19Sep2025 23:07:56.750] [main/INFO] [Antique Atlas/]: Apply structure piece config: minecraft:village/taiga/streets/crossroad_05
[19Sep2025 23:07:56.750] [main/INFO] [Antique Atlas/]: Apply structure piece config: minecraft:village/desert/zombie/town_centers/desert_meeting_point_2
[19Sep2025 23:07:56.750] [main/INFO] [Antique Atlas/]: Apply structure piece config: minecraft:village/taiga/streets/crossroad_06
[19Sep2025 23:07:56.750] [main/INFO] [Antique Atlas/]: Apply structure piece config: minecraft:village/taiga/streets/crossroad_03
[19Sep2025 23:07:56.750] [main/INFO] [Antique Atlas/]: Apply structure piece config: minecraft:village/taiga/streets/crossroad_04
[19Sep2025 23:07:56.750] [main/INFO] [Antique Atlas/]: Apply structure piece config: minecraft:village/snowy/zombie/streets/crossroad_02
[19Sep2025 23:07:56.750] [main/INFO] [Antique Atlas/]: Apply structure piece config: minecraft:village/snowy/zombie/streets/crossroad_03
[19Sep2025 23:07:56.750] [main/INFO] [Antique Atlas/]: Apply structure piece config: minecraft:village/snowy/zombie/streets/crossroad_04
[19Sep2025 23:07:56.750] [main/INFO] [Antique Atlas/]: Apply structure piece config: minecraft:village/plains/houses/plains_cartographer_1
[19Sep2025 23:07:56.750] [main/INFO] [Antique Atlas/]: Apply structure piece config: minecraft:village/snowy/zombie/streets/crossroad_05
[19Sep2025 23:07:56.750] [main/INFO] [Antique Atlas/]: Apply structure piece config: minecraft:village/snowy/zombie/streets/crossroad_06
[19Sep2025 23:07:56.751] [main/INFO] [Antique Atlas/]: Apply structure piece config: minecraft:village/snowy/houses/snowy_masons_house_2
[19Sep2025 23:07:56.751] [main/INFO] [Antique Atlas/]: Apply structure piece config: minecraft:village/snowy/houses/snowy_fletcher_house_1
[19Sep2025 23:07:56.751] [main/INFO] [Antique Atlas/]: Apply structure piece config: minecraft:village/snowy/houses/snowy_masons_house_1
[19Sep2025 23:07:56.751] [main/INFO] [Antique Atlas/]: Apply structure piece config: minecraft:village/snowy/houses/snowy_temple_1
[19Sep2025 23:07:56.751] [main/INFO] [Antique Atlas/]: Apply structure piece config: minecraft:village/taiga/streets/crossroad_01
[19Sep2025 23:07:56.751] [main/INFO] [Antique Atlas/]: Apply structure piece config: minecraft:village/taiga/streets/crossroad_02
[19Sep2025 23:07:56.751] [main/INFO] [Antique Atlas/]: Apply structure piece config: minecraft:village/savanna/streets/straight_02
[19Sep2025 23:07:56.751] [main/INFO] [Antique Atlas/]: Apply structure piece config: minecraft:village/savanna/streets/straight_04
[19Sep2025 23:07:56.751] [main/INFO] [Antique Atlas/]: Apply structure piece config: minecraft:village/taiga/houses/taiga_weaponsmith_2
[19Sep2025 23:07:56.751] [main/INFO] [Antique Atlas/]: Apply structure piece config: minecraft:village/savanna/streets/straight_05
[19Sep2025 23:07:56.751] [main/INFO] [Antique Atlas/]: Apply structure piece config: minecraft:village/taiga/houses/taiga_weaponsmith_1
[19Sep2025 23:07:56.751] [main/INFO] [Antique Atlas/]: Apply structure piece config: minecraft:village/savanna/streets/straight_06
[19Sep2025 23:07:56.752] [main/INFO] [Antique Atlas/]: Apply structure piece config: minecraft:village/savanna/streets/straight_08
[19Sep2025 23:07:56.752] [main/INFO] [Antique Atlas/]: Apply structure piece config: minecraft:village/savanna/streets/straight_09
[19Sep2025 23:07:56.752] [main/INFO] [Antique Atlas/]: Apply structure piece config: minecraft:village/plains/houses/plains_masons_house_1
[19Sep2025 23:07:56.752] [main/INFO] [Antique Atlas/]: Apply structure piece config: minecraft:village/snowy/zombie/streets/turn_01
[19Sep2025 23:07:56.752] [main/INFO] [Antique Atlas/]: Apply structure piece config: minecraft:village/snowy/houses/snowy_animal_pen_2
[19Sep2025 23:07:56.752] [main/INFO] [Antique Atlas/]: Apply structure piece config: minecraft:village/snowy/houses/snowy_animal_pen_1
[19Sep2025 23:07:56.752] [main/INFO] [Antique Atlas/]: Apply structure piece config: minecraft:village/taiga/streets/turn_01
[19Sep2025 23:07:56.752] [main/INFO] [Antique Atlas/]: Apply structure piece config: minecraft:village/desert/zombie/streets/corner_01
[19Sep2025 23:07:56.752] [main/INFO] [Antique Atlas/]: Apply structure piece config: minecraft:village/desert/zombie/streets/corner_02
[19Sep2025 23:07:56.752] [main/INFO] [Antique Atlas/]: Apply structure piece config: minecraft:village/savanna/streets/straight_10
[19Sep2025 23:07:56.752] [main/INFO] [Antique Atlas/]: Apply structure piece config: minecraft:village/savanna/streets/straight_11
[19Sep2025 23:07:56.752] [main/INFO] [Antique Atlas/]: Apply structure piece config: minecraft:village/taiga/houses/taiga_tannery_1
[19Sep2025 23:07:56.753] [main/INFO] [Antique Atlas/]: Apply structure piece config: minecraft:village/savanna/houses/savanna_mason_1
[19Sep2025 23:07:56.753] [main/INFO] [Antique Atlas/]: Apply structure piece config: minecraft:village/desert/houses/desert_mason_1
[19Sep2025 23:07:56.753] [main/INFO] [Antique Atlas/]: Apply structure piece config: minecraft:village/plains/houses/plains_small_house_6
[19Sep2025 23:07:56.753] [main/INFO] [Antique Atlas/]: Apply structure piece config: minecraft:village/plains/houses/plains_small_house_5
[19Sep2025 23:07:56.753] [main/INFO] [Antique Atlas/]: Apply structure piece config: minecraft:village/plains/houses/plains_small_house_8
[19Sep2025 23:07:56.753] [main/INFO] [Antique Atlas/]: Apply structure piece config: minecraft:village/plains/houses/plains_small_house_7
[19Sep2025 23:07:56.753] [main/INFO] [Antique Atlas/]: Apply structure piece config: minecraft:village/plains/houses/plains_small_house_2
[19Sep2025 23:07:56.753] [main/INFO] [Antique Atlas/]: Apply structure piece config: minecraft:village/plains/houses/plains_small_house_1
[19Sep2025 23:07:56.753] [main/INFO] [Antique Atlas/]: Apply structure piece config: minecraft:village/plains/houses/plains_small_house_4
[19Sep2025 23:07:56.753] [main/INFO] [Antique Atlas/]: Apply structure piece config: minecraft:village/plains/houses/plains_small_house_3
[19Sep2025 23:07:56.753] [main/INFO] [Antique Atlas/]: Apply structure piece config: minecraft:village/plains/town_centers/plains_fountain_01
[19Sep2025 23:07:56.753] [main/INFO] [Antique Atlas/]: Apply structure piece config: minecraft:village/snowy/streets/turn_01
[19Sep2025 23:07:56.753] [main/INFO] [Antique Atlas/]: Apply structure piece config: minecraft:village/savanna/houses/savanna_fisher_cottage_1
[19Sep2025 23:07:56.754] [main/INFO] [Antique Atlas/]: Apply structure piece config: minecraft:village/taiga/zombie/houses/taiga_weaponsmith_2
[19Sep2025 23:07:56.754] [main/INFO] [Antique Atlas/]: Apply structure piece config: minecraft:village/snowy/houses/snowy_cartographer_house_1
[19Sep2025 23:07:56.754] [main/INFO] [Antique Atlas/]: Apply structure piece config: minecraft:village/plains/zombie/streets/crossroad_04
[19Sep2025 23:07:56.754] [main/INFO] [Antique Atlas/]: Apply structure piece config: minecraft:village/plains/zombie/streets/crossroad_03
[19Sep2025 23:07:56.754] [main/INFO] [Antique Atlas/]: Apply structure piece config: minecraft:village/plains/zombie/streets/crossroad_02
[19Sep2025 23:07:56.754] [main/INFO] [Antique Atlas/]: Apply structure piece config: minecraft:village/plains/zombie/streets/crossroad_01
[19Sep2025 23:07:56.754] [main/INFO] [Antique Atlas/]: Apply structure piece config: minecraft:village/plains/zombie/streets/crossroad_06
[19Sep2025 23:07:56.754] [main/INFO] [Antique Atlas/]: Apply structure piece config: minecraft:village/plains/zombie/streets/crossroad_05
[19Sep2025 23:07:56.754] [main/INFO] [Antique Atlas/]: Apply structure piece config: minecraft:village/desert/houses/desert_butcher_shop_1
[19Sep2025 23:07:56.754] [main/INFO] [Antique Atlas/]: Apply structure piece config: minecraft:village/plains/zombie/houses/plains_big_house_1
[19Sep2025 23:07:56.754] [main/INFO] [Antique Atlas/]: Apply structure piece config: minecraft:village/snowy/zombie/streets/straight_08
[19Sep2025 23:07:56.754] [main/INFO] [Antique Atlas/]: Apply structure piece config: minecraft:village/snowy/zombie/streets/straight_04
[19Sep2025 23:07:56.754] [main/INFO] [Antique Atlas/]: Apply structure piece config: minecraft:village/snowy/zombie/streets/straight_06
[19Sep2025 23:07:56.755] [main/INFO] [Antique Atlas/]: Apply structure piece config: minecraft:village/snowy/zombie/streets/straight_01
[19Sep2025 23:07:56.755] [main/INFO] [Antique Atlas/]: Apply structure piece config: minecraft:village/snowy/zombie/streets/straight_03
[19Sep2025 23:07:56.755] [main/INFO] [Antique Atlas/]: Apply structure piece config: minecraft:village/snowy/zombie/streets/straight_02
[19Sep2025 23:07:56.755] [main/INFO] [Antique Atlas/]: Apply structure piece config: minecraft:village/desert/desert_lamp_1
[19Sep2025 23:07:56.755] [main/INFO] [Antique Atlas/]: Apply structure piece config: minecraft:village/desert/town_centers/desert_meeting_point_1
[19Sep2025 23:07:56.755] [main/INFO] [Antique Atlas/]: Apply structure piece config: minecraft:village/plains/houses/plains_butcher_shop_1
[19Sep2025 23:07:56.755] [main/INFO] [Antique Atlas/]: Apply structure piece config: minecraft:village/desert/town_centers/desert_meeting_point_2
[19Sep2025 23:07:56.755] [main/INFO] [Antique Atlas/]: Apply structure piece config: minecraft:village/plains/houses/plains_butcher_shop_2
[19Sep2025 23:07:56.755] [main/INFO] [Antique Atlas/]: Apply structure piece config: minecraft:village/savanna/zombie/streets/straight_10
[19Sep2025 23:07:56.755] [main/INFO] [Antique Atlas/]: Apply structure piece config: minecraft:village/savanna/zombie/streets/straight_11
[19Sep2025 23:07:56.755] [main/INFO] [Antique Atlas/]: Apply structure piece config: minecraft:village/savanna/zombie/streets/straight_06
[19Sep2025 23:07:56.755] [main/INFO] [Antique Atlas/]: Apply structure piece config: minecraft:village/savanna/zombie/streets/straight_09
[19Sep2025 23:07:56.756] [main/INFO] [Antique Atlas/]: Apply structure piece config: minecraft:village/taiga/zombie/houses/taiga_small_house_4
[19Sep2025 23:07:56.756] [main/INFO] [Antique Atlas/]: Apply structure piece config: minecraft:village/savanna/zombie/streets/straight_08
[19Sep2025 23:07:56.756] [main/INFO] [Antique Atlas/]: Apply structure piece config: minecraft:village/taiga/zombie/houses/taiga_small_house_5
[19Sep2025 23:07:56.756] [main/INFO] [Antique Atlas/]: Apply structure piece config: minecraft:village/desert/town_centers/desert_meeting_point_3
[19Sep2025 23:07:56.756] [main/INFO] [Antique Atlas/]: Apply structure piece config: minecraft:village/taiga/zombie/houses/taiga_small_house_2
[19Sep2025 23:07:56.756] [main/INFO] [Antique Atlas/]: Apply structure piece config: minecraft:village/taiga/zombie/houses/taiga_small_house_3
[19Sep2025 23:07:56.756] [main/INFO] [Antique Atlas/]: Apply structure piece config: minecraft:village/taiga/zombie/houses/taiga_small_house_1
[19Sep2025 23:07:56.756] [main/INFO] [Antique Atlas/]: Apply structure piece config: minecraft:village/snowy/houses/snowy_tannery_1
[19Sep2025 23:07:56.756] [main/INFO] [Antique Atlas/]: Apply structure piece config: minecraft:village/desert/streets/corner_02
[19Sep2025 23:07:56.756] [main/INFO] [Antique Atlas/]: Apply structure piece config: minecraft:village/desert/zombie/streets/crossroad_01
[19Sep2025 23:07:56.756] [main/INFO] [Antique Atlas/]: Apply structure piece config: minecraft:village/desert/streets/corner_01
[19Sep2025 23:07:56.756] [main/INFO] [Antique Atlas/]: Apply structure piece config: minecraft:village/desert/zombie/streets/crossroad_02
[19Sep2025 23:07:56.756] [main/INFO] [Antique Atlas/]: Apply structure piece config: minecraft:village/desert/streets/straight_02
[19Sep2025 23:07:56.757] [main/INFO] [Antique Atlas/]: Apply structure piece config: minecraft:village/desert/zombie/streets/crossroad_03
[19Sep2025 23:07:56.757] [main/INFO] [Antique Atlas/]: Apply structure piece config: minecraft:village/desert/streets/straight_03
[19Sep2025 23:07:56.757] [main/INFO] [Antique Atlas/]: Apply structure piece config: minecraft:village/desert/streets/straight_01
[19Sep2025 23:07:56.757] [main/INFO] [Antique Atlas/]: Apply structure piece config: minecraft:village/savanna/zombie/streets/straight_02
[19Sep2025 23:07:56.757] [main/INFO] [Antique Atlas/]: Apply structure piece config: minecraft:village/savanna/zombie/streets/straight_05
[19Sep2025 23:07:56.757] [main/INFO] [Antique Atlas/]: Apply structure piece config: minecraft:village/savanna/zombie/streets/straight_04
[19Sep2025 23:07:56.757] [main/INFO] [Antique Atlas/]: Apply structure piece config: minecraft:village/snowy/zombie/streets/crossroad_01
[19Sep2025 23:07:56.757] [main/INFO] [Antique Atlas/]: Apply structure piece config: minecraft:village/plains/zombie/houses/plains_fletcher_house_1
[19Sep2025 23:07:56.757] [main/INFO] [Antique Atlas/]: Apply structure piece config: minecraft:village/plains/houses/plains_library_1
[19Sep2025 23:07:56.757] [main/INFO] [Antique Atlas/]: Apply structure piece config: minecraft:village/plains/houses/plains_library_2
[19Sep2025 23:07:56.757] [main/INFO] [Antique Atlas/]: Apply structure piece config: minecraft:village/desert/houses/desert_temple_2
[19Sep2025 23:07:56.757] [main/INFO] [Antique Atlas/]: Apply structure piece config: minecraft:village/desert/houses/desert_temple_1
[19Sep2025 23:07:56.758] [main/INFO] [Antique Atlas/]: Apply structure piece config: minecraft:village/savanna/houses/savanna_butchers_shop_1
[19Sep2025 23:07:56.758] [main/INFO] [Antique Atlas/]: Apply structure piece config: minecraft:village/snowy/houses/snowy_library_1
[19Sep2025 23:07:56.758] [main/INFO] [Antique Atlas/]: Apply structure piece config: minecraft:village/savanna/houses/savanna_butchers_shop_2
[19Sep2025 23:07:56.758] [main/INFO] [Antique Atlas/]: Apply structure piece config: minecraft:village/plains/houses/plains_weaponsmith_1
[19Sep2025 23:07:56.758] [main/INFO] [Antique Atlas/]: Apply structure piece config: minecraft:village/plains/houses/plains_large_farm_1
[19Sep2025 23:07:56.758] [main/INFO] [Antique Atlas/]: Apply structure piece config: minecraft:village/desert/houses/desert_small_house_5
[19Sep2025 23:07:56.758] [main/INFO] [Antique Atlas/]: Apply structure piece config: minecraft:village/taiga/houses/taiga_medium_house_2
[19Sep2025 23:07:56.758] [main/INFO] [Antique Atlas/]: Apply structure piece config: minecraft:village/desert/houses/desert_small_house_6
[19Sep2025 23:07:56.758] [main/INFO] [Antique Atlas/]: Apply structure piece config: minecraft:village/taiga/houses/taiga_medium_house_1
[19Sep2025 23:07:56.758] [main/INFO] [Antique Atlas/]: Apply structure piece config: minecraft:village/desert/houses/desert_small_house_7
[19Sep2025 23:07:56.758] [main/INFO] [Antique Atlas/]: Apply structure piece config: minecraft:village/taiga/houses/taiga_fletcher_house_1
[19Sep2025 23:07:56.758] [main/INFO] [Antique Atlas/]: Apply structure piece config: minecraft:village/taiga/houses/taiga_medium_house_4
[19Sep2025 23:07:56.758] [main/INFO] [Antique Atlas/]: Apply structure piece config: minecraft:village/desert/houses/desert_small_house_8
[19Sep2025 23:07:56.758] [main/INFO] [Antique Atlas/]: Apply structure piece config: minecraft:village/taiga/houses/taiga_medium_house_3
[19Sep2025 23:07:56.759] [main/INFO] [Antique Atlas/]: Apply structure piece config: minecraft:village/taiga/zombie/houses/taiga_temple_1
[19Sep2025 23:07:56.759] [main/INFO] [Antique Atlas/]: Apply structure piece config: minecraft:village/desert/houses/desert_small_house_1
[19Sep2025 23:07:56.759] [main/INFO] [Antique Atlas/]: Apply structure piece config: minecraft:village/desert/houses/desert_small_house_2
[19Sep2025 23:07:56.759] [main/INFO] [Antique Atlas/]: Apply structure piece config: minecraft:village/desert/houses/desert_small_house_3
[19Sep2025 23:07:56.759] [main/INFO] [Antique Atlas/]: Apply structure piece config: minecraft:village/desert/houses/desert_small_house_4
[19Sep2025 23:07:56.759] [main/INFO] [Antique Atlas/]: Apply structure piece config: minecraft:village/plains/houses/plains_medium_house_2
[19Sep2025 23:07:56.759] [main/INFO] [Antique Atlas/]: Apply structure piece config: minecraft:village/plains/houses/plains_medium_house_1
[19Sep2025 23:07:56.759] [main/INFO] [Antique Atlas/]: Apply structure piece config: minecraft:village/savanna/houses/savanna_small_farm
[19Sep2025 23:07:56.759] [main/INFO] [Antique Atlas/]: Apply structure piece config: minecraft:village/snowy/houses/snowy_farm_2
[19Sep2025 23:07:56.759] [main/INFO] [Antique Atlas/]: Apply structure piece config: minecraft:village/snowy/houses/snowy_farm_1
[19Sep2025 23:07:56.759] [main/INFO] [Antique Atlas/]: Apply structure piece config: minecraft:village/desert/zombie/streets/turn_01
[19Sep2025 23:07:56.759] [main/INFO] [Antique Atlas/]: Apply structure piece config: minecraft:village/snowy/streets/corner_03
[19Sep2025 23:07:56.759] [main/INFO] [Antique Atlas/]: Apply structure piece config: minecraft:village/snowy/streets/corner_02
[19Sep2025 23:07:56.760] [main/INFO] [Antique Atlas/]: Apply structure piece config: minecraft:village/snowy/streets/corner_01
[19Sep2025 23:07:56.760] [main/INFO] [Antique Atlas/]: Apply structure piece config: minecraft:village/savanna/houses/savanna_armorer_1
[19Sep2025 23:07:56.760] [main/INFO] [Antique Atlas/]: Apply structure piece config: minecraft:village/plains/zombie/houses/plains_animal_pen_3
[19Sep2025 23:07:56.760] [main/INFO] [Antique Atlas/]: Apply structure piece config: minecraft:village/snowy/zombie/town_centers/snowy_meeting_point_2
[19Sep2025 23:07:56.760] [main/INFO] [Antique Atlas/]: Apply structure piece config: minecraft:village/snowy/zombie/town_centers/snowy_meeting_point_3
[19Sep2025 23:07:56.760] [main/INFO] [Antique Atlas/]: Apply structure piece config: minecraft:village/plains/houses/plains_big_house_1
[19Sep2025 23:07:56.760] [main/INFO] [Antique Atlas/]: Apply structure piece config: minecraft:village/desert/houses/desert_medium_house_1
[19Sep2025 23:07:56.760] [main/INFO] [Antique Atlas/]: Apply structure piece config: minecraft:village/desert/houses/desert_medium_house_2
[19Sep2025 23:07:56.760] [main/INFO] [Antique Atlas/]: Apply structure piece config: minecraft:village/snowy/zombie/town_centers/snowy_meeting_point_1
[19Sep2025 23:07:56.760] [main/INFO] [Antique Atlas/]: Apply structure piece config: minecraft:village/desert/houses/desert_animal_pen_1
[19Sep2025 23:07:56.760] [main/INFO] [Antique Atlas/]: Apply structure piece config: minecraft:village/desert/houses/desert_animal_pen_2
[19Sep2025 23:07:56.760] [main/INFO] [Antique Atlas/]: Apply structure piece config: minecraft:village/taiga/houses/taiga_armorer_2
[19Sep2025 23:07:56.760] [main/INFO] [Antique Atlas/]: Apply structure piece config: minecraft:village/plains/houses/plains_animal_pen_3
[19Sep2025 23:07:56.761] [main/INFO] [Antique Atlas/]: Apply structure piece config: minecraft:village/plains/houses/plains_animal_pen_2
[19Sep2025 23:07:56.761] [main/INFO] [Antique Atlas/]: Apply structure piece config: minecraft:village/plains/houses/plains_animal_pen_1
[19Sep2025 23:07:56.761] [main/INFO] [Antique Atlas/]: Apply structure piece config: minecraft:village/plains/zombie/houses/plains_medium_house_1
[19Sep2025 23:07:56.761] [main/INFO] [Antique Atlas/]: Apply structure piece config: minecraft:village/savanna/houses/savanna_cartographer_1
[19Sep2025 23:07:56.761] [main/INFO] [Antique Atlas/]: Apply structure piece config: minecraft:village/plains/zombie/houses/plains_medium_house_2
[19Sep2025 23:07:56.761] [main/INFO] [Antique Atlas/]: Apply structure piece config: minecraft:village/savanna/zombie/streets/split_02
[19Sep2025 23:07:56.761] [main/INFO] [Antique Atlas/]: Apply structure piece config: minecraft:village/taiga/zombie/streets/straight_04
[19Sep2025 23:07:56.761] [main/INFO] [Antique Atlas/]: Apply structure piece config: minecraft:village/savanna/zombie/streets/split_01
[19Sep2025 23:07:56.761] [main/INFO] [Antique Atlas/]: Apply structure piece config: minecraft:village/taiga/zombie/streets/straight_05
[19Sep2025 23:07:56.761] [main/INFO] [Antique Atlas/]: Apply structure piece config: minecraft:village/taiga/zombie/streets/straight_06
[19Sep2025 23:07:56.761] [main/INFO] [Antique Atlas/]: Apply structure piece config: minecraft:village/desert/houses/desert_large_farm_1
[19Sep2025 23:07:56.761] [main/INFO] [Antique Atlas/]: Apply structure piece config: minecraft:village/taiga/taiga_lamp_post_1
[19Sep2025 23:07:56.762] [main/INFO] [Antique Atlas/]: Apply structure piece config: minecraft:village/plains/streets/crossroad_05
[19Sep2025 23:07:56.762] [main/INFO] [Antique Atlas/]: Apply structure piece config: minecraft:village/taiga/houses/taiga_library_1
[19Sep2025 23:07:56.762] [main/INFO] [Antique Atlas/]: Apply structure piece config: minecraft:village/plains/streets/crossroad_04
[19Sep2025 23:07:56.762] [main/INFO] [Antique Atlas/]: Apply structure piece config: minecraft:village/plains/streets/crossroad_06
[19Sep2025 23:07:56.762] [main/INFO] [Antique Atlas/]: Apply structure piece config: minecraft:village/taiga/streets/straight_04
[19Sep2025 23:07:56.762] [main/INFO] [Antique Atlas/]: Apply structure piece config: minecraft:village/taiga/streets/straight_03
[19Sep2025 23:07:56.762] [main/INFO] [Antique Atlas/]: Apply structure piece config: minecraft:village/taiga/zombie/streets/straight_01
[19Sep2025 23:07:56.762] [main/INFO] [Antique Atlas/]: Apply structure piece config: minecraft:village/taiga/zombie/town_centers/taiga_meeting_point_2
[19Sep2025 23:07:56.762] [main/INFO] [Antique Atlas/]: Apply structure piece config: minecraft:village/taiga/streets/straight_06
[19Sep2025 23:07:56.762] [main/INFO] [Antique Atlas/]: Apply structure piece config: minecraft:village/taiga/zombie/streets/straight_02
[19Sep2025 23:07:56.762] [main/INFO] [Antique Atlas/]: Apply structure piece config: minecraft:village/taiga/streets/straight_05
[19Sep2025 23:07:56.762] [main/INFO] [Antique Atlas/]: Apply structure piece config: minecraft:village/taiga/zombie/streets/straight_03
[19Sep2025 23:07:56.763] [main/INFO] [Antique Atlas/]: Apply structure piece config: minecraft:village/taiga/zombie/town_centers/taiga_meeting_point_1
[19Sep2025 23:07:56.763] [main/INFO] [Antique Atlas/]: Apply structure piece config: minecraft:village/plains/streets/crossroad_01
[19Sep2025 23:07:56.763] [main/INFO] [Antique Atlas/]: Apply structure piece config: minecraft:village/desert/houses/desert_weaponsmith_1
[19Sep2025 23:07:56.763] [main/INFO] [Antique Atlas/]: Apply structure piece config: minecraft:village/plains/streets/crossroad_03
[19Sep2025 23:07:56.763] [main/INFO] [Antique Atlas/]: Apply structure piece config: minecraft:village/plains/streets/crossroad_02
[19Sep2025 23:07:56.763] [main/INFO] [Antique Atlas/]: Apply structure piece config: minecraft:village/plains/houses/plains_small_farm_1
[19Sep2025 23:07:56.763] [main/INFO] [Antique Atlas/]: Apply structure piece config: minecraft:village/savanna/houses/savanna_animal_pen_1
[19Sep2025 23:07:56.763] [main/INFO] [Antique Atlas/]: Apply structure piece config: minecraft:village/savanna/houses/savanna_animal_pen_2
[19Sep2025 23:07:56.763] [main/INFO] [Antique Atlas/]: Apply structure piece config: minecraft:village/savanna/houses/savanna_animal_pen_3
[19Sep2025 23:07:56.763] [main/INFO] [Antique Atlas/]: Apply structure piece config: minecraft:village/taiga/streets/straight_02
[19Sep2025 23:07:56.763] [main/INFO] [Antique Atlas/]: Apply structure piece config: minecraft:village/taiga/streets/straight_01
[19Sep2025 23:07:56.763] [main/INFO] [Antique Atlas/]: Apply structure piece config: minecraft:village/snowy/zombie/streets/square_01
[19Sep2025 23:07:56.764] [main/INFO] [Antique Atlas/]: Apply structure piece config: minecraft:village/snowy/houses/snowy_weapon_smith_1
[19Sep2025 23:07:56.764] [main/INFO] [Antique Atlas/]: Apply structure piece config: minecraft:village/taiga/houses/taiga_fisher_cottage_1
[19Sep2025 23:07:56.764] [main/INFO] [Antique Atlas/]: Apply structure piece config: minecraft:village/desert/houses/desert_shepherd_house_1
[19Sep2025 23:07:56.764] [main/INFO] [Antique Atlas/]: Apply structure piece config: minecraft:village/taiga/zombie/houses/taiga_library_1
[19Sep2025 23:07:56.764] [main/INFO] [Antique Atlas/]: Apply structure piece config: minecraft:village/plains/houses/plains_accessory_1
[19Sep2025 23:07:56.764] [main/INFO] [Antique Atlas/]: Apply structure piece config: minecraft:village/savanna/streets/turn_01
[19Sep2025 23:07:56.764] [main/INFO] [Antique Atlas/]: Apply structure piece config: minecraft:village/savanna/houses/savanna_large_farm_1
[19Sep2025 23:07:56.764] [main/INFO] [Antique Atlas/]: Apply structure piece config: minecraft:village/savanna/houses/savanna_large_farm_2
[19Sep2025 23:07:56.764] [main/INFO] [Antique Atlas/]: Apply structure piece config: minecraft:village/plains/zombie/houses/plains_shepherds_house_1
[19Sep2025 23:07:56.764] [main/INFO] [Antique Atlas/]: Apply structure piece config: minecraft:village/savanna/houses/savanna_small_house_3
[19Sep2025 23:07:56.764] [main/INFO] [Antique Atlas/]: Apply structure piece config: minecraft:village/savanna/houses/savanna_small_house_4
[19Sep2025 23:07:56.764] [main/INFO] [Antique Atlas/]: Apply structure piece config: minecraft:village/savanna/houses/savanna_small_house_1
[19Sep2025 23:07:56.765] [main/INFO] [Antique Atlas/]: Apply structure piece config: minecraft:village/savanna/houses/savanna_small_house_2
[19Sep2025 23:07:56.765] [main/INFO] [Antique Atlas/]: Apply structure piece config: minecraft:village/savanna/houses/savanna_small_house_7
[19Sep2025 23:07:56.765] [main/INFO] [Antique Atlas/]: Apply structure piece config: minecraft:village/savanna/houses/savanna_small_house_8
[19Sep2025 23:07:56.765] [main/INFO] [Antique Atlas/]: Apply structure piece config: minecraft:village/savanna/zombie/town_centers/savanna_meeting_point_1
[19Sep2025 23:07:56.765] [main/INFO] [Antique Atlas/]: Apply structure piece config: minecraft:village/savanna/houses/savanna_small_house_5
[19Sep2025 23:07:56.765] [main/INFO] [Antique Atlas/]: Apply structure piece config: minecraft:village/savanna/houses/savanna_small_house_6
[19Sep2025 23:07:56.765] [main/INFO] [Antique Atlas/]: Apply structure piece config: minecraft:village/savanna/zombie/town_centers/savanna_meeting_point_4
[19Sep2025 23:07:56.765] [main/INFO] [Antique Atlas/]: Apply structure piece config: minecraft:village/savanna/zombie/town_centers/savanna_meeting_point_2
[19Sep2025 23:07:56.765] [main/INFO] [Antique Atlas/]: Apply structure piece config: minecraft:village/savanna/zombie/town_centers/savanna_meeting_point_3
[19Sep2025 23:07:56.766] [main/INFO] [Antique Atlas/]: Apply structure piece config: minecraft:village/savanna/houses/savanna_tannery_1
[19Sep2025 23:07:56.766] [main/INFO] [Antique Atlas/]: Apply structure piece config: minecraft:village/plains/houses/plains_shepherds_house_1
[19Sep2025 23:07:56.766] [main/INFO] [Antique Atlas/]: Apply structure piece config: minecraft:village/savanna/zombie/houses/savanna_animal_pen_3
[19Sep2025 23:07:56.766] [main/INFO] [Antique Atlas/]: Apply structure piece config: minecraft:village/savanna/zombie/houses/savanna_animal_pen_2
[19Sep2025 23:07:56.766] [main/INFO] [Antique Atlas/]: Apply structure piece config: minecraft:village/plains/town_centers/plains_meeting_point_3
[19Sep2025 23:07:56.766] [main/INFO] [Antique Atlas/]: Apply structure piece config: minecraft:village/taiga/houses/taiga_shepherds_house_1
[19Sep2025 23:07:56.766] [main/INFO] [Antique Atlas/]: Apply structure piece config: minecraft:village/plains/town_centers/plains_meeting_point_2
[19Sep2025 23:07:56.766] [main/INFO] [Antique Atlas/]: Apply structure piece config: minecraft:village/plains/town_centers/plains_meeting_point_1
[19Sep2025 23:07:56.766] [main/INFO] [Antique Atlas/]: Apply structure piece config: minecraft:village/plains/houses/plains_temple_4
[19Sep2025 23:07:56.766] [main/INFO] [Antique Atlas/]: Apply structure piece config: minecraft:village/savanna/streets/crossroad_02
[19Sep2025 23:07:56.766] [main/INFO] [Antique Atlas/]: Apply structure piece config: minecraft:village/snowy/zombie/houses/snowy_medium_house_2
[19Sep2025 23:07:56.766] [main/INFO] [Antique Atlas/]: Apply structure piece config: minecraft:village/snowy/zombie/houses/snowy_medium_house_3
[19Sep2025 23:07:56.768] [main/INFO] [Antique Atlas/]: Apply structure piece config: minecraft:village/savanna/streets/crossroad_04
[19Sep2025 23:07:56.768] [main/INFO] [Antique Atlas/]: Apply structure piece config: minecraft:village/desert/houses/desert_cartographer_house_1
[19Sep2025 23:07:56.768] [main/INFO] [Antique Atlas/]: Apply structure piece config: minecraft:village/plains/houses/plains_temple_3
[19Sep2025 23:07:56.768] [main/INFO] [Antique Atlas/]: Apply structure piece config: minecraft:village/savanna/streets/crossroad_03
[19Sep2025 23:07:56.768] [main/INFO] [Antique Atlas/]: Apply structure piece config: minecraft:village/snowy/zombie/houses/snowy_medium_house_1
[19Sep2025 23:07:56.768] [main/INFO] [Antique Atlas/]: Apply structure piece config: minecraft:village/desert/zombie/houses/desert_small_house_2
[19Sep2025 23:07:56.769] [main/INFO] [Antique Atlas/]: Apply structure piece config: minecraft:village/desert/zombie/houses/desert_small_house_3
[19Sep2025 23:07:56.769] [main/INFO] [Antique Atlas/]: Apply structure piece config: minecraft:village/taiga/zombie/houses/taiga_fisher_cottage_1
[19Sep2025 23:07:56.769] [main/INFO] [Antique Atlas/]: Apply structure piece config: minecraft:village/desert/zombie/houses/desert_small_house_1
[19Sep2025 23:07:56.769] [main/INFO] [Antique Atlas/]: Apply structure piece config: minecraft:village/desert/zombie/houses/desert_small_house_6
[19Sep2025 23:07:56.769] [main/INFO] [Antique Atlas/]: Apply structure piece config: minecraft:village/desert/zombie/houses/desert_small_house_7
[19Sep2025 23:07:56.769] [main/INFO] [Antique Atlas/]: Apply structure piece config: minecraft:village/taiga/houses/taiga_armorer_house_1
[19Sep2025 23:07:56.769] [main/INFO] [Antique Atlas/]: Apply structure piece config: minecraft:village/desert/zombie/houses/desert_small_house_4
[19Sep2025 23:07:56.769] [main/INFO] [Antique Atlas/]: Apply structure piece config: minecraft:village/desert/zombie/houses/desert_small_house_5
[19Sep2025 23:07:56.769] [main/INFO] [Antique Atlas/]: Apply structure piece config: minecraft:village/desert/zombie/houses/desert_small_house_8
[19Sep2025 23:07:56.769] [main/INFO] [Antique Atlas/]: Apply structure piece config: minecraft:village/snowy/streets/square_01
[19Sep2025 23:07:56.769] [main/INFO] [Antique Atlas/]: Apply structure piece config: minecraft:village/taiga/houses/taiga_cartographer_house_1
[19Sep2025 23:07:56.770] [main/INFO] [Antique Atlas/]: Apply structure piece config: minecraft:village/plains/houses/plains_armorer_house_1
[19Sep2025 23:07:56.770] [main/INFO] [Antique Atlas/]: Apply structure piece config: minecraft:village/taiga/houses/taiga_masons_house_1
[19Sep2025 23:07:56.770] [main/INFO] [Antique Atlas/]: Apply structure piece config: minecraft:village/snowy/zombie/houses/snowy_small_house_8
[19Sep2025 23:07:56.770] [main/INFO] [Antique Atlas/]: Apply structure piece config: minecraft:village/snowy/zombie/houses/snowy_small_house_4
[19Sep2025 23:07:56.770] [main/INFO] [Antique Atlas/]: Apply structure piece config: minecraft:village/snowy/zombie/houses/snowy_small_house_5
[19Sep2025 23:07:56.770] [main/INFO] [Antique Atlas/]: Apply structure piece config: minecraft:village/savanna/zombie/houses/savanna_medium_house_2
[19Sep2025 23:07:56.770] [main/INFO] [Antique Atlas/]: Apply structure piece config: minecraft:village/snowy/zombie/houses/snowy_small_house_6
[19Sep2025 23:07:56.770] [main/INFO] [Antique Atlas/]: Apply structure piece config: minecraft:village/snowy/zombie/houses/snowy_small_house_7
[19Sep2025 23:07:56.770] [main/INFO] [Antique Atlas/]: Apply structure piece config: minecraft:village/plains/streets/turn_01
[19Sep2025 23:07:56.770] [main/INFO] [Antique Atlas/]: Apply structure piece config: minecraft:village/snowy/zombie/houses/snowy_small_house_1
[19Sep2025 23:07:56.771] [main/INFO] [Antique Atlas/]: Apply structure piece config: minecraft:village/snowy/zombie/houses/snowy_small_house_2
[19Sep2025 23:07:56.771] [main/INFO] [Antique Atlas/]: Apply structure piece config: minecraft:village/snowy/zombie/houses/snowy_small_house_3
[19Sep2025 23:07:56.771] [main/INFO] [Antique Atlas/]: Apply structure piece config: minecraft:village/plains/houses/plains_fisher_cottage_1
[19Sep2025 23:07:56.771] [main/INFO] [Antique Atlas/]: Apply structure piece config: minecraft:village/savanna/streets/corner_03
[19Sep2025 23:07:56.771] [main/INFO] [Antique Atlas/]: Apply structure piece config: minecraft:village/snowy/houses/snowy_tool_smith_1
[19Sep2025 23:07:56.771] [main/INFO] [Antique Atlas/]: Apply structure piece config: minecraft:village/snowy/town_centers/snowy_meeting_point_2
[19Sep2025 23:07:56.771] [main/INFO] [Antique Atlas/]: Apply structure piece config: minecraft:village/savanna/streets/corner_01
[19Sep2025 23:07:56.771] [main/INFO] [Antique Atlas/]: Apply structure piece config: minecraft:village/snowy/town_centers/snowy_meeting_point_1
[19Sep2025 23:07:56.771] [main/INFO] [Antique Atlas/]: Apply structure piece config: minecraft:village/savanna/zombie/houses/savanna_medium_house_1
[19Sep2025 23:07:56.771] [main/INFO] [Antique Atlas/]: Apply structure piece config: minecraft:village/savanna/streets/crossroad_06
[19Sep2025 23:07:56.771] [main/INFO] [Antique Atlas/]: Apply structure piece config: minecraft:village/savanna/streets/crossroad_05
[19Sep2025 23:07:56.772] [main/INFO] [Antique Atlas/]: Apply structure piece config: minecraft:village/snowy/town_centers/snowy_meeting_point_3
[19Sep2025 23:07:56.772] [main/INFO] [Antique Atlas/]: Apply structure piece config: minecraft:village/savanna/streets/crossroad_07
[19Sep2025 23:07:56.772] [main/INFO] [Antique Atlas/]: Apply structure piece config: minecraft:village/savanna/houses/savanna_library_1
[19Sep2025 23:07:56.772] [main/INFO] [Antique Atlas/]: Apply structure piece config: minecraft:village/desert/streets/square_02
[19Sep2025 23:07:56.772] [main/INFO] [Antique Atlas/]: Apply structure piece config: minecraft:village/desert/streets/square_01
[19Sep2025 23:07:56.772] [main/INFO] [Antique Atlas/]: Apply structure piece config: minecraft:village/savanna/streets/split_01
[19Sep2025 23:07:56.772] [main/INFO] [Antique Atlas/]: Apply structure piece config: minecraft:village/savanna/streets/split_02
[19Sep2025 23:07:56.772] [main/INFO] [Antique Atlas/]: Apply structure piece config: minecraft:village/savanna/houses/savanna_medium_house_1
[19Sep2025 23:07:56.772] [main/INFO] [Antique Atlas/]: Apply structure piece config: minecraft:village/taiga/zombie/streets/crossroad_02
[19Sep2025 23:07:56.772] [main/INFO] [Antique Atlas/]: Apply structure piece config: minecraft:village/savanna/houses/savanna_medium_house_2
[19Sep2025 23:07:56.772] [main/INFO] [Antique Atlas/]: Apply structure piece config: minecraft:village/taiga/zombie/streets/crossroad_03
[19Sep2025 23:07:56.772] [main/INFO] [Antique Atlas/]: Apply structure piece config: minecraft:village/taiga/zombie/streets/crossroad_04
[19Sep2025 23:07:56.772] [main/INFO] [Antique Atlas/]: Apply structure piece config: minecraft:village/taiga/zombie/streets/crossroad_05
[19Sep2025 23:07:56.772] [main/INFO] [Antique Atlas/]: Apply structure piece config: minecraft:village/taiga/zombie/streets/crossroad_06
[19Sep2025 23:07:56.772] [main/INFO] [Antique Atlas/]: Apply structure piece config: minecraft:village/plains/zombie/streets/turn_01
[19Sep2025 23:07:56.773] [main/INFO] [Antique Atlas/]: Apply structure piece config: minecraft:village/savanna/zombie/houses/savanna_small_house_4
[19Sep2025 23:07:56.773] [main/INFO] [Antique Atlas/]: Apply structure piece config: minecraft:village/plains/houses/plains_fletcher_house_1
[19Sep2025 23:07:56.773] [main/INFO] [Antique Atlas/]: Apply structure piece config: minecraft:village/savanna/zombie/houses/savanna_small_house_5
[19Sep2025 23:07:56.773] [main/INFO] [Antique Atlas/]: Apply structure piece config: minecraft:village/savanna/zombie/houses/savanna_small_house_6
[19Sep2025 23:07:56.773] [main/INFO] [Antique Atlas/]: Apply structure piece config: minecraft:village/taiga/town_centers/taiga_meeting_point_1
[19Sep2025 23:07:56.773] [main/INFO] [Antique Atlas/]: Apply structure piece config: minecraft:village/savanna/zombie/houses/savanna_small_house_7
[19Sep2025 23:07:56.773] [main/INFO] [Antique Atlas/]: Apply structure piece config: minecraft:village/taiga/town_centers/taiga_meeting_point_2
[19Sep2025 23:07:56.773] [main/INFO] [Antique Atlas/]: Apply structure piece config: minecraft:village/plains/plains_lamp_1
[19Sep2025 23:07:56.773] [main/INFO] [Antique Atlas/]: Apply structure piece config: minecraft:village/savanna/zombie/houses/savanna_small_house_1
[19Sep2025 23:07:56.773] [main/INFO] [Antique Atlas/]: Apply structure piece config: minecraft:village/savanna/zombie/houses/savanna_small_house_2
[19Sep2025 23:07:56.773] [main/INFO] [Antique Atlas/]: Apply structure piece config: minecraft:village/plains/zombie/town_centers/plains_fountain_01
[19Sep2025 23:07:56.773] [main/INFO] [Antique Atlas/]: Apply structure piece config: minecraft:village/savanna/zombie/houses/savanna_small_house_3
[19Sep2025 23:07:56.773] [main/INFO] [Antique Atlas/]: Apply structure piece config: minecraft:village/plains/houses/plains_tannery_1
[19Sep2025 23:07:56.773] [main/INFO] [Antique Atlas/]: Apply structure piece config: minecraft:village/taiga/zombie/streets/crossroad_01
[19Sep2025 23:07:56.773] [main/INFO] [Antique Atlas/]: Apply structure piece config: minecraft:village/taiga/houses/taiga_tool_smith_1
[19Sep2025 23:07:56.774] [main/INFO] [Antique Atlas/]: Apply structure piece config: minecraft:village/plains/zombie/streets/corner_01
[19Sep2025 23:07:56.774] [main/INFO] [Antique Atlas/]: Apply structure piece config: minecraft:village/desert/houses/desert_fisher_1
[19Sep2025 23:07:56.774] [main/INFO] [Antique Atlas/]: Apply structure piece config: minecraft:village/plains/zombie/streets/corner_02
[19Sep2025 23:07:56.774] [main/INFO] [Antique Atlas/]: Apply structure piece config: minecraft:village/plains/zombie/streets/corner_03
[19Sep2025 23:07:56.774] [main/INFO] [Antique Atlas/]: Apply structure piece config: minecraft:village/taiga/houses/taiga_temple_1
[19Sep2025 23:07:56.774] [main/INFO] [Antique Atlas/]: Apply structure piece config: minecraft:village/desert/houses/desert_tool_smith_1
[19Sep2025 23:07:56.775] [main/INFO] [Antique Atlas/]: Apply structure piece config: minecraft:village/taiga/houses/taiga_small_farm_1
[19Sep2025 23:07:56.776] [main/INFO] [Antique Atlas/]: Apply structure piece config: minecraft:village/plains/zombie/houses/plains_meeting_point_4
[19Sep2025 23:07:56.777] [main/INFO] [Antique Atlas/]: Apply structure piece config: minecraft:village/plains/zombie/houses/plains_meeting_point_5
[19Sep2025 23:07:56.777] [main/INFO] [Antique Atlas/]: Apply structure piece config: minecraft:village/snowy/houses/snowy_armorer_house_2
[19Sep2025 23:07:56.777] [main/INFO] [Antique Atlas/]: Apply structure piece config: minecraft:village/snowy/houses/snowy_armorer_house_1
[19Sep2025 23:07:56.777] [main/INFO] [Antique Atlas/]: Apply structure piece config: minecraft:village/taiga/zombie/houses/taiga_tool_smith_1
[19Sep2025 23:07:56.777] [main/INFO] [Antique Atlas/]: Apply structure piece config: minecraft:village/savanna/zombie/houses/savanna_small_house_8
[19Sep2025 23:07:56.777] [main/INFO] [Antique Atlas/]: Apply structure piece config: minecraft:village/plains/zombie/town_centers/plains_meeting_point_1
[19Sep2025 23:07:56.777] [main/INFO] [Antique Atlas/]: Apply structure piece config: minecraft:village/plains/zombie/town_centers/plains_meeting_point_3
[19Sep2025 23:07:56.777] [main/INFO] [Antique Atlas/]: Apply structure piece config: minecraft:village/plains/zombie/town_centers/plains_meeting_point_2
[19Sep2025 23:07:56.777] [main/INFO] [Antique Atlas/]: Apply structure piece config: minecraft:village/desert/houses/desert_fletcher_house_1
[19Sep2025 23:07:56.778] [main/INFO] [Antique Atlas/]: Apply structure piece config: minecraft:village/snowy/streets/crossroad_04
[19Sep2025 23:07:56.778] [main/INFO] [Antique Atlas/]: Apply structure piece config: minecraft:village/snowy/streets/crossroad_03
[19Sep2025 23:07:56.778] [main/INFO] [Antique Atlas/]: Apply structure piece config: minecraft:village/snowy/streets/crossroad_06
[19Sep2025 23:07:56.778] [main/INFO] [Antique Atlas/]: Apply structure piece config: minecraft:village/snowy/streets/crossroad_05
[19Sep2025 23:07:56.778] [main/INFO] [Antique Atlas/]: Apply structure piece config: minecraft:village/savanna/houses/savanna_tool_smith_1
[19Sep2025 23:07:56.778] [main/INFO] [Antique Atlas/]: Apply structure piece config: minecraft:village/snowy/streets/crossroad_02
[19Sep2025 23:07:56.778] [main/INFO] [Antique Atlas/]: Apply structure piece config: minecraft:village/savanna/zombie/streets/turn_01
[19Sep2025 23:07:56.778] [main/INFO] [Antique Atlas/]: Apply structure piece config: minecraft:village/snowy/streets/crossroad_01
[19Sep2025 23:07:56.796] [main/WARN] [net.minecraft.core.MappedRegistry/]: Not all defined tags for registry ResourceKey[minecraft:root / minecraft:worldgen/biome] are present in data pack: farmers_structures:is_quark_glimer_spawn, quark:has_fallen_jungle
[19Sep2025 23:08:00.186] [main/INFO] [com.ordana.immersive_weathering.ImmersiveWeathering/]: Loaded 78 block growths configurations
[19Sep2025 23:08:00.192] [main/INFO] [com.ordana.immersive_weathering.ImmersiveWeathering/]: Loaded 14 liquid generators configurations
[19Sep2025 23:08:00.325] [Server thread/INFO] [net.minecraft.server.dedicated.DedicatedServer/]: Starting minecraft server version 1.20.1
[19Sep2025 23:08:00.326] [Server thread/INFO] [net.minecraft.server.dedicated.DedicatedServer/]: Loading properties
[19Sep2025 23:08:00.326] [Server thread/INFO] [net.minecraft.server.dedicated.DedicatedServer/]: Default game type: SURVIVAL
[19Sep2025 23:08:00.326] [Server thread/INFO] [net.minecraft.server.MinecraftServer/]: Generating keypair
[19Sep2025 23:08:00.507] [Server thread/INFO] [net.minecraft.server.dedicated.DedicatedServer/]: Starting Minecraft server on *:25565
[19Sep2025 23:08:00.533] [Server thread/INFO] [net.minecraft.server.network.ServerConnectionListener/]: Using epoll channel type
[19Sep2025 23:08:00.615] [Server thread/WARN] [net.minecraft.server.dedicated.DedicatedServer/]: **** SERVER IS RUNNING IN OFFLINE/INSECURE MODE!
[19Sep2025 23:08:00.616] [Server thread/WARN] [net.minecraft.server.dedicated.DedicatedServer/]: The server will make no attempt to authenticate usernames. Beware.
[19Sep2025 23:08:00.616] [Server thread/WARN] [net.minecraft.server.dedicated.DedicatedServer/]: While this makes the game possible to play without internet access, it also opens up the ability for hackers to connect with any username they choose.
[19Sep2025 23:08:00.616] [Server thread/WARN] [net.minecraft.server.dedicated.DedicatedServer/]: To change this, set "online-mode" to "true" in the server.properties file.
[19Sep2025 23:08:00.633] [Server thread/WARN] [net.minecraftforge.common.ForgeConfigSpec/CORE]: Configuration file ./world/serverconfig/curios-server.toml is not correct. Correcting
[19Sep2025 23:08:00.633] [Server thread/WARN] [net.minecraftforge.common.ForgeConfigSpec/CORE]: Incorrect key keepCurios was corrected from null to its default, DEFAULT. 
[19Sep2025 23:08:00.634] [Server thread/WARN] [net.minecraftforge.common.ForgeConfigSpec/CORE]: Incorrect key menu was corrected from null to its default, SimpleCommentedConfig:{}. 
[19Sep2025 23:08:00.634] [Server thread/WARN] [net.minecraftforge.common.ForgeConfigSpec/CORE]: Incorrect key menu.enableLegacyMenu was corrected from null to its default, false. 
[19Sep2025 23:08:00.635] [Server thread/WARN] [net.minecraftforge.common.ForgeConfigSpec/CORE]: Incorrect key menu.experimental was corrected from null to its default, SimpleCommentedConfig:{}. 
[19Sep2025 23:08:00.635] [Server thread/WARN] [net.minecraftforge.common.ForgeConfigSpec/CORE]: Incorrect key menu.experimental.minimumColumns was corrected from null to its default, 1. 
[19Sep2025 23:08:00.635] [Server thread/WARN] [net.minecraftforge.common.ForgeConfigSpec/CORE]: Incorrect key menu.experimental.maxSlotsPerPage was corrected from null to its default, 48. 
[19Sep2025 23:08:00.700] [Server thread/INFO] [net.minecraft.server.dedicated.DedicatedServer/]: Preparing level "world"
[19Sep2025 23:08:00.700] [Server thread/INFO] [unionlib/]: Initializing mod on server: unionlib
[19Sep2025 23:08:00.701] [Server thread/INFO] [unionlib/]: Initializing mod on server: antiqueatlas
[19Sep2025 23:08:03.864] [Server thread/INFO] [net.minecraft.server.MinecraftServer/]: Preparing start region for dimension minecraft:overworld
[19Sep2025 23:08:08.712] [Worker-Main-3/INFO] [net.minecraft.server.level.progress.LoggerChunkProgressListener/]: Preparing spawn area: 0%
[19Sep2025 23:08:08.735] [Worker-Main-1/INFO] [net.minecraft.server.level.progress.LoggerChunkProgressListener/]: Preparing spawn area: 0%
[19Sep2025 23:08:08.745] [Worker-Main-2/INFO] [net.minecraft.server.level.progress.LoggerChunkProgressListener/]: Preparing spawn area: 0%
[19Sep2025 23:08:08.751] [Worker-Main-3/INFO] [net.minecraft.server.level.progress.LoggerChunkProgressListener/]: Preparing spawn area: 0%
[19Sep2025 23:08:08.758] [Worker-Main-3/INFO] [net.minecraft.server.level.progress.LoggerChunkProgressListener/]: Preparing spawn area: 0%
[19Sep2025 23:08:08.765] [Worker-Main-2/INFO] [net.minecraft.server.level.progress.LoggerChunkProgressListener/]: Preparing spawn area: 0%
[19Sep2025 23:08:08.774] [Worker-Main-2/INFO] [net.minecraft.server.level.progress.LoggerChunkProgressListener/]: Preparing spawn area: 0%
[19Sep2025 23:08:08.783] [Worker-Main-1/INFO] [net.minecraft.server.level.progress.LoggerChunkProgressListener/]: Preparing spawn area: 0%
[19Sep2025 23:08:08.791] [Worker-Main-2/INFO] [net.minecraft.server.level.progress.LoggerChunkProgressListener/]: Preparing spawn area: 0%
[19Sep2025 23:08:08.817] [Worker-Main-2/INFO] [net.minecraft.server.level.progress.LoggerChunkProgressListener/]: Preparing spawn area: 0%
[19Sep2025 23:08:08.877] [Worker-Main-1/INFO] [net.minecraft.server.level.progress.LoggerChunkProgressListener/]: Preparing spawn area: 0%
[19Sep2025 23:08:09.366] [Worker-Main-1/INFO] [net.minecraft.server.level.progress.LoggerChunkProgressListener/]: Preparing spawn area: 0%
[19Sep2025 23:08:09.866] [Worker-Main-1/INFO] [net.minecraft.server.level.progress.LoggerChunkProgressListener/]: Preparing spawn area: 13%
[19Sep2025 23:08:10.366] [Worker-Main-1/INFO] [net.minecraft.server.level.progress.LoggerChunkProgressListener/]: Preparing spawn area: 87%
[19Sep2025 23:08:10.614] [Server thread/INFO] [net.minecraft.server.level.progress.LoggerChunkProgressListener/]: Time elapsed: 6749 ms
[19Sep2025 23:08:10.615] [Server thread/INFO] [net.minecraft.server.dedicated.DedicatedServer/]: Done (9.985s)! For help, type "help"
[19Sep2025 23:08:10.727] [Server thread/INFO] [net.minecraftforge.server.permission.PermissionAPI/]: Successfully initialized permission handler forge:default_handler
[19Sep2025 23:08:10.728] [Server thread/INFO] [patchouli/]: Sending reload packet to clients
[19Sep2025 23:08:10.730] [Server thread/WARN] [voicechat/]: [voicechat] Running in offline mode - Voice chat encryption is not secure!
[19Sep2025 23:08:10.733] [Server thread/INFO] [voicechat/]: [voicechat] Using the Minecraft servers port as voice chat port
[19Sep2025 23:08:10.741] [VoiceChatServerThread/INFO] [voicechat/]: [voicechat] Voice chat server started at port 25565
[19Sep2025 23:08:24.098] [Server thread/INFO] [net.minecraft.server.MinecraftServer/]: Stopping server
[19Sep2025 23:08:24.099] [Server thread/INFO] [net.minecraft.server.MinecraftServer/]: Saving players
[19Sep2025 23:08:24.099] [Server thread/INFO] [net.minecraft.server.MinecraftServer/]: Saving worlds
[19Sep2025 23:08:24.817] [Server thread/INFO] [net.minecraft.server.MinecraftServer/]: Saving chunks for level 'ServerLevel[world]'/minecraft:overworld
[19Sep2025 23:08:25.364] [Server thread/INFO] [net.minecraft.server.MinecraftServer/]: Saving chunks for level 'ServerLevel[world]'/minecraft:the_nether
[19Sep2025 23:08:25.366] [Server thread/INFO] [net.minecraft.server.MinecraftServer/]: Saving chunks for level 'ServerLevel[world]'/minecraft:the_end
[19Sep2025 23:08:25.367] [Server thread/INFO] [net.minecraft.server.MinecraftServer/]: Saving chunks for level 'ServerLevel[world]'/dark_souls_expansion:lordran_dimension
[19Sep2025 23:08:25.422] [Server thread/INFO] [net.minecraft.server.MinecraftServer/]: ThreadedAnvilChunkStorage (world): All chunks are saved
[19Sep2025 23:08:25.422] [Server thread/INFO] [net.minecraft.server.MinecraftServer/]: ThreadedAnvilChunkStorage (DIM-1): All chunks are saved
[19Sep2025 23:08:25.423] [Server thread/INFO] [net.minecraft.server.MinecraftServer/]: ThreadedAnvilChunkStorage (DIM1): All chunks are saved
[19Sep2025 23:08:25.423] [Server thread/INFO] [net.minecraft.server.MinecraftServer/]: ThreadedAnvilChunkStorage (lordran_dimension): All chunks are saved
[19Sep2025 23:08:25.423] [Server thread/INFO] [net.minecraft.server.MinecraftServer/]: ThreadedAnvilChunkStorage: All dimensions are saved
